{
	"elements": [
		{
			"weight": 1.0,
			"key": [
				{
					"Name": "immersiveengineering:sheetmetal_colored_white"
				},
				{
					"Name": "immersiveengineering:sheetmetal_colored_light_gray"
				},
				{
					"Name": "immersiveengineering:sheetmetal_colored_gray"
				},
				{
					"Name": "immersiveengineering:sheetmetal_colored_black"
				},
				{
					"Name": "immersiveengineering:sheetmetal_colored_brown"
				},
				{
					"Name": "immersiveengineering:sheetmetal_colored_red"
				},
				{
					"Name": "immersiveengineering:sheetmetal_colored_orange"
				},
				{
					"Name": "immersiveengineering:sheetmetal_colored_yellow"
				},
				{
					"Name": "immersiveengineering:sheetmetal_colored_lime"
				},
				{
					"Name": "immersiveengineering:sheetmetal_colored_green"
				},
				{
					"Name": "immersiveengineering:sheetmetal_colored_light_blue"
				},
				{
					"Name": "immersiveengineering:sheetmetal_colored_blue"
				},
				{
					"Name": "immersiveengineering:sheetmetal_colored_cyan"
				},
				{
					"Name": "immersiveengineering:sheetmetal_colored_purple"
				},
				{
					"Name": "immersiveengineering:sheetmetal_colored_magenta"
				},
				{
					"Name": "immersiveengineering:sheetmetal_colored_pink"
				}
			]
		},
		{
			"weight": 1.0,
			"key": [
				{
					"Name": "immersiveengineering:slab_sheetmetal_colored_white"
				},
				{
					"Name": "immersiveengineering:slab_sheetmetal_colored_light_gray"
				},
				{
					"Name": "immersiveengineering:slab_sheetmetal_colored_gray"
				},
				{
					"Name": "immersiveengineering:slab_sheetmetal_colored_black"
				},
				{
					"Name": "immersiveengineering:slab_sheetmetal_colored_brown"
				},
				{
					"Name": "immersiveengineering:slab_sheetmetal_colored_red"
				},
				{
					"Name": "immersiveengineering:slab_sheetmetal_colored_orange"
				},
				{
					"Name": "immersiveengineering:slab_sheetmetal_colored_yellow"
				},
				{
					"Name": "immersiveengineering:slab_sheetmetal_colored_lime"
				},
				{
					"Name": "immersiveengineering:slab_sheetmetal_colored_green"
				},
				{
					"Name": "immersiveengineering:slab_sheetmetal_colored_light_blue"
				},
				{
					"Name": "immersiveengineering:slab_sheetmetal_colored_blue"
				},
				{
					"Name": "immersiveengineering:slab_sheetmetal_colored_cyan"
				},
				{
					"Name": "immersiveengineering:slab_sheetmetal_colored_purple"
				},
				{
					"Name": "immersiveengineering:slab_sheetmetal_colored_magenta"
				},
				{
					"Name": "immersiveengineering:slab_sheetmetal_colored_pink"
				}
			]
		}
	]
}
