{
	"elements": [
		{
			"weight": 1.0,
			"key": {
				"Instant": false,
				"Color": 6441624,
				"Name": "immersiveengineering:concrete_feet",
				"Category": "harmful"
			}
		},
		{
			"weight": 1.0,
			"key": {
				"Instant": false,
				"Color": 6881280,
				"Name": "immersiveengineering:conductive",
				"Category": "harmful"
			}
		},
		{
			"weight": 1.0,
			"key": {
				"Instant": false,
				"Color": 9387807,
				"Name": "immersiveengineering:flammable",
				"Category": "harmful"
			}
		},
		{
			"weight": 1.0,
			"key": {
				"Instant": false,
				"Color": 6441624,
				"Name": "immersiveengineering:flashed",
				"Category": "harmful"
			}
		},
		{
			"weight": 1.0,
			"key": {
				"Instant": false,
				"Color": 6441624,
				"Name": "immersiveengineering:incognito",
				"Category": "beneficial"
			}
		},
		{
			"weight": 1.0,
			"key": {
				"Instant": false,
				"Color": 1511427,
				"Name": "immersiveengineering:slippery",
				"Category": "harmful"
			}
		},
		{
			"weight": 1.0,
			"key": {
				"Instant": false,
				"Color": 10250240,
				"Name": "immersiveengineering:sticky",
				"Category": "harmful"
			}
		},
		{
			"weight": 1.0,
			"key": {
				"Instant": false,
				"Color": 6441624,
				"Name": "immersiveengineering:stunned",
				"Category": "harmful"
			}
		}
	]
}
