{
	"elements": [
		{
			"weight": 1.0,
			"key": {
				"float": true,
				"laggy": false,
				"Name": "mowziesmobs:clawed_log",
				"top": true,
				"full": true
			}
		},
		{
			"weight": 1.0,
			"key": {
				"float": true,
				"laggy": true,
				"Name": "mowziesmobs:gong",
				"top": true,
				"full": false
			}
		},
		{
			"weight": 1.0,
			"key": {
				"float": true,
				"laggy": false,
				"Name": "mowziesmobs:gong_part",
				"top": true,
				"full": false
			}
		},
		{
			"weight": 1.0,
			"key": {
				"float": true,
				"laggy": false,
				"Name": "mowziesmobs:painted_acacia",
				"top": true,
				"full": true
			}
		},
		{
			"weight": 1.0,
			"key": {
				"float": true,
				"laggy": false,
				"Name": "mowziesmobs:painted_acacia_slab",
				"top": true,
				"full": false
			}
		},
		{
			"weight": 1.0,
			"key": {
				"float": false,
				"laggy": false,
				"Name": "mowziesmobs:raked_sand",
				"top": true,
				"full": true
			}
		},
		{
			"weight": 1.0,
			"key": {
				"float": false,
				"laggy": false,
				"Name": "mowziesmobs:red_raked_sand",
				"top": true,
				"full": true
			}
		},
		{
			"weight": 1.0,
			"key": {
				"float": true,
				"laggy": false,
				"Name": "mowziesmobs:thatch_block",
				"top": true,
				"full": true
			}
		}
	]
}
