{
	"elements": [
		{
			"weight": 1.0,
			"key": "mekanismgenerators:advanced_solar_generator"
		},
		{
			"weight": 1.0,
			"key": "mekanismgenerators:bio_generator"
		},
		{
			"weight": 1.0,
			"key": "mekanismgenerators:bioethanol_bucket"
		},
		{
			"weight": 1.0,
			"key": "mekanismgenerators:control_rod_assembly"
		},
		{
			"weight": 1.0,
			"key": "mekanismgenerators:deuterium_bucket"
		},
		{
			"weight": 1.0,
			"key": "mekanismgenerators:electromagnetic_coil"
		},
		{
			"weight": 1.0,
			"key": "mekanismgenerators:fission_fuel_assembly"
		},
		{
			"weight": 1.0,
			"key": "mekanismgenerators:fission_reactor_casing"
		},
		{
			"weight": 1.0,
			"key": "mekanismgenerators:fission_reactor_logic_adapter"
		},
		{
			"weight": 1.0,
			"key": "mekanismgenerators:fission_reactor_port"
		},
		{
			"weight": 1.0,
			"key": "mekanismgenerators:fusion_fuel_bucket"
		},
		{
			"weight": 1.0,
			"key": "mekanismgenerators:fusion_reactor_controller"
		},
		{
			"weight": 1.0,
			"key": "mekanismgenerators:fusion_reactor_frame"
		},
		{
			"weight": 1.0,
			"key": "mekanismgenerators:fusion_reactor_logic_adapter"
		},
		{
			"weight": 1.0,
			"key": "mekanismgenerators:fusion_reactor_port"
		},
		{
			"weight": 1.0,
			"key": "mekanismgenerators:gas_burning_generator"
		},
		{
			"weight": 1.0,
			"key": "mekanismgenerators:heat_generator"
		},
		{
			"weight": 1.0,
			"key": "mekanismgenerators:hohlraum"
		},
		{
			"weight": 1.0,
			"key": "mekanismgenerators:laser_focus_matrix"
		},
		{
			"weight": 1.0,
			"key": "mekanismgenerators:module_geothermal_generator_unit"
		},
		{
			"weight": 1.0,
			"key": "mekanismgenerators:module_solar_recharging_unit"
		},
		{
			"weight": 1.0,
			"key": "mekanismgenerators:reactor_glass"
		},
		{
			"weight": 1.0,
			"key": "mekanismgenerators:rotational_complex"
		},
		{
			"weight": 1.0,
			"key": "mekanismgenerators:saturating_condenser"
		},
		{
			"weight": 1.0,
			"key": "mekanismgenerators:solar_generator"
		},
		{
			"weight": 1.0,
			"key": "mekanismgenerators:solar_panel"
		},
		{
			"weight": 1.0,
			"key": "mekanismgenerators:tritium_bucket"
		},
		{
			"weight": 1.0,
			"key": "mekanismgenerators:turbine_blade"
		},
		{
			"weight": 1.0,
			"key": "mekanismgenerators:turbine_casing"
		},
		{
			"weight": 1.0,
			"key": "mekanismgenerators:turbine_rotor"
		},
		{
			"weight": 1.0,
			"key": "mekanismgenerators:turbine_valve"
		},
		{
			"weight": 1.0,
			"key": "mekanismgenerators:turbine_vent"
		},
		{
			"weight": 1.0,
			"key": "mekanismgenerators:wind_generator"
		}
	]
}
