{
	"elements": [
		{
			"weight": 1.0,
			"key": {
				"Type": "block",
				"Name": "apothic_enchanting:blocks/beeshelf"
			}
		},
		{
			"weight": 1.0,
			"key": {
				"Type": "block",
				"Name": "apothic_enchanting:blocks/blazing_hellshelf"
			}
		},
		{
			"weight": 1.0,
			"key": {
				"Type": "block",
				"Name": "apothic_enchanting:blocks/crystal_seashelf"
			}
		},
		{
			"weight": 1.0,
			"key": {
				"Type": "block",
				"Name": "apothic_enchanting:blocks/deepshelf"
			}
		},
		{
			"weight": 1.0,
			"key": {
				"Type": "block",
				"Name": "apothic_enchanting:blocks/dormant_deepshelf"
			}
		},
		{
			"weight": 1.0,
			"key": {
				"Type": "block",
				"Name": "apothic_enchanting:blocks/draconic_endshelf"
			}
		},
		{
			"weight": 1.0,
			"key": {
				"Type": "block",
				"Name": "apothic_enchanting:blocks/echoing_deepshelf"
			}
		},
		{
			"weight": 1.0,
			"key": {
				"Type": "block",
				"Name": "apothic_enchanting:blocks/echoing_sculkshelf"
			}
		},
		{
			"weight": 1.0,
			"key": {
				"Type": "block",
				"Name": "apothic_enchanting:blocks/ender_library"
			}
		},
		{
			"weight": 1.0,
			"key": {
				"Type": "block",
				"Name": "apothic_enchanting:blocks/endshelf"
			}
		},
		{
			"weight": 1.0,
			"key": {
				"Type": "block",
				"Name": "apothic_enchanting:blocks/filtering_shelf"
			}
		},
		{
			"weight": 1.0,
			"key": {
				"Type": "block",
				"Name": "apothic_enchanting:blocks/geode_shelf"
			}
		},
		{
			"weight": 1.0,
			"key": {
				"Type": "block",
				"Name": "apothic_enchanting:blocks/glowing_hellshelf"
			}
		},
		{
			"weight": 1.0,
			"key": {
				"Type": "block",
				"Name": "apothic_enchanting:blocks/heart_seashelf"
			}
		},
		{
			"weight": 1.0,
			"key": {
				"Type": "block",
				"Name": "apothic_enchanting:blocks/hellshelf"
			}
		},
		{
			"weight": 1.0,
			"key": {
				"Type": "block",
				"Name": "apothic_enchanting:blocks/infused_hellshelf"
			}
		},
		{
			"weight": 1.0,
			"key": {
				"Type": "block",
				"Name": "apothic_enchanting:blocks/infused_seashelf"
			}
		},
		{
			"weight": 1.0,
			"key": {
				"Type": "block",
				"Name": "apothic_enchanting:blocks/library"
			}
		},
		{
			"weight": 1.0,
			"key": {
				"Type": "block",
				"Name": "apothic_enchanting:blocks/melonshelf"
			}
		},
		{
			"weight": 1.0,
			"key": {
				"Type": "block",
				"Name": "apothic_enchanting:blocks/pearl_endshelf"
			}
		},
		{
			"weight": 1.0,
			"key": {
				"Type": "block",
				"Name": "apothic_enchanting:blocks/seashelf"
			}
		},
		{
			"weight": 1.0,
			"key": {
				"Type": "block",
				"Name": "apothic_enchanting:blocks/sightshelf"
			}
		},
		{
			"weight": 1.0,
			"key": {
				"Type": "block",
				"Name": "apothic_enchanting:blocks/sightshelf_t2"
			}
		},
		{
			"weight": 1.0,
			"key": {
				"Type": "block",
				"Name": "apothic_enchanting:blocks/soul_touched_deepshelf"
			}
		},
		{
			"weight": 1.0,
			"key": {
				"Type": "block",
				"Name": "apothic_enchanting:blocks/soul_touched_sculkshelf"
			}
		},
		{
			"weight": 1.0,
			"key": {
				"Type": "block",
				"Name": "apothic_enchanting:blocks/stoneshelf"
			}
		},
		{
			"weight": 1.0,
			"key": {
				"Type": "block",
				"Name": "apothic_enchanting:blocks/treasure_shelf"
			}
		},
		{
			"weight": 1.0,
			"key": {
				"Type": "advancement_location",
				"Name": "apothic_enchanting:boon_deepslate_drops"
			}
		},
		{
			"weight": 1.0,
			"key": {
				"Type": "advancement_location",
				"Name": "apothic_enchanting:boon_netherrack_drops"
			}
		},
		{
			"weight": 1.0,
			"key": {
				"Type": "advancement_location",
				"Name": "apothic_enchanting:boon_stone_drops"
			}
		}
	]
}
