{
  "elements": [
    {
      "key": "minecraft:end_spike",
      "weight": 0.0
    },
    {
      "key": "minecraft:end_gateway_return",
      "weight": 0.0
    },
    {
      "key": "minecraft:desert_well",
      "weight": 0.2
    },
    {
      "key": "minecraft:blue_ice",
      "weight": 0.05
    },
    {
      "key": "minecraft:ice_spike",
      "weight": 0.05
    },
    {
      "key": "minecraft:ice_patch",
      "weight": 0.05
    },
    {
      "key": "minecraft:delta",
      "weight": 0.05
    },
    {
      "key": "minecraft:small_basalt_columns",
      "weight": 0.005
    },
    {
      "key": "minecraft:large_basalt_columns",
      "weight": 0.005
    }
  ]
}
