{
  "infinity_version": 2004004,
  "gameRules": {
    "runtimeGenerationEnabled": true,
    "longArithmeticEnabled": false,
    "forceSolidSurface": false,
    "chaosMobsEnabled": true,
    "consumePortalKey": true,
    "randomizeAllNetherPortals": false,
    "pawnsCanDropIllegalItems": false,
    "useSoundSyncPackets": true,
    "enforceModLoadedChecks": true,
    "maxBiomeCount": 6,
    "maxDimensionScale": 0,
    "avgDimensionHeight": 256,
    "iridescenceContactLevel": 0,
    "iridescencePotionLevel": 4,
    "iridescenceCooldownDuration": 168,
    "afterglowDuration": 24,
    "resetChargeCooldown": 6000
  },
  "disabledDimensions": ["ant", "bash", "checkerboard",
    "missing", "notes", "perfection", "terminal"],
  "portalKey": "",
  "salt": "",
  "rootChances": {
    "dimension_type": {
      "ultrawarm": 0.5,
      "natural": 0.5,
      "has_skylight": 0.75,
      "piglin_safe": 1.0,
      "bed_works": 0.5,
      "respawn_anchor_works": 1.0,
      "has_raids": 0.5,
      "fixed_time": 0.25,
      "use_mavity": 0.25,
      "use_shaders": 0.15,
      "pitch_shift": 0.25,
      "give_effect": 0.1
    },
    "noise_settings": {
      "randomise_blocks": 0.75,
      "randomise_biome_blocks": 0.75,
      "solid_oceans": 0.02,
      "solid_lakes": 0.05,
      "rift_world_chance": 0.01
    },
    "biome": {
      "has_precipitation": 0.5,
      "use_random_biome": 0.8,
      "use_sparse_vegetation": 0.5,
      "use_particles": 0.5,
      "ambient_sound": 0.0625,
      "mood_sound": 0.125,
      "additions_sound": 0.125,
      "music": 1.0,
      "temperature_modifier_frozen": 0.25,
      "use_random_cave": 0.2,
      "use_random_canyon": 0.2
    },
    "features_chances": {
      "end_island": 0.2,
      "shape": 0.5,
      "lake": 0.5,
      "iceberg": 0.33,
      "geode": 0.5,
      "rock": 0.33,
      "dungeon": 1.0,
      "end_spikes": 0.2,
      "end_gateway": 0.05,
      "delta": 0.2,
      "columns": 0.2,
      "crops": 0.2,
      "blobs": 0.33,
      "ceiling_blobs": 0.5,
      "vegetation": 1.0,
      "surface_patch": 0.5,
      "floating_patch": 0.1,
      "random_flowers": 1.0
    },
    "features_rules": {
      "generate_vanilla_features": 0.5,
      "rotate_blocks": 0.75,
      "flood_geodes": 0.25,
      "use_vanilla_trees": 0.25,
      "huge_trees": 0.0,
      "ores_spawn_everywhere": 0.02,
      "scatter_ores": 0.2,
      "scatter_end_spikes": 0.67,
      "cage_crystals": 0.2,
      "exact_gateways": 0.2,
      "colourful_shapes": 0.5,
      "banded_shapes": 0.5
    },
    "structures": {
      "text": 0.2,
      "spawn_override": 0.0,
      "full_box": 0.5,
      "triangular_spread": 0.1
    }
  }
}
