{
	"elements": [
		{
			"weight": 1.0,
			"key": "create_connected:andesite_encased_cross_connector"
		},
		{
			"weight": 1.0,
			"key": "create_connected:brake"
		},
		{
			"weight": 1.0,
			"key": "create_connected:brass_encased_cross_connector"
		},
		{
			"weight": 1.0,
			"key": "create_connected:brass_gearbox"
		},
		{
			"weight": 1.0,
			"key": "create_connected:centrifugal_clutch"
		},
		{
			"weight": 1.0,
			"key": "create_connected:charged_kinetic_battery"
		},
		{
			"weight": 1.0,
			"key": "create_connected:control_chip"
		},
		{
			"weight": 1.0,
			"key": "create_connected:copycat_beam"
		},
		{
			"weight": 1.0,
			"key": "create_connected:copycat_block"
		},
		{
			"weight": 1.0,
			"key": "create_connected:copycat_board"
		},
		{
			"weight": 1.0,
			"key": "create_connected:copycat_box"
		},
		{
			"weight": 1.0,
			"key": "create_connected:copycat_catwalk"
		},
		{
			"weight": 1.0,
			"key": "create_connected:copycat_fence"
		},
		{
			"weight": 1.0,
			"key": "create_connected:copycat_fence_gate"
		},
		{
			"weight": 1.0,
			"key": "create_connected:copycat_slab"
		},
		{
			"weight": 1.0,
			"key": "create_connected:copycat_stairs"
		},
		{
			"weight": 1.0,
			"key": "create_connected:copycat_vertical_step"
		},
		{
			"weight": 1.0,
			"key": "create_connected:copycat_wall"
		},
		{
			"weight": 1.0,
			"key": "create_connected:crank_wheel"
		},
		{
			"weight": 1.0,
			"key": "create_connected:creative_fluid_vessel"
		},
		{
			"weight": 1.0,
			"key": "create_connected:cross_connector"
		},
		{
			"weight": 1.0,
			"key": "create_connected:empty_fan_catalyst"
		},
		{
			"weight": 1.0,
			"key": "create_connected:encased_chain_cogwheel"
		},
		{
			"weight": 1.0,
			"key": "create_connected:fan_blasting_catalyst"
		},
		{
			"weight": 1.0,
			"key": "create_connected:fan_ending_catalyst_dragon_head"
		},
		{
			"weight": 1.0,
			"key": "create_connected:fan_ending_catalyst_dragons_breath"
		},
		{
			"weight": 1.0,
			"key": "create_connected:fan_enriched_catalyst"
		},
		{
			"weight": 1.0,
			"key": "create_connected:fan_freezing_catalyst"
		},
		{
			"weight": 1.0,
			"key": "create_connected:fan_haunting_catalyst"
		},
		{
			"weight": 1.0,
			"key": "create_connected:fan_sanding_catalyst"
		},
		{
			"weight": 1.0,
			"key": "create_connected:fan_seething_catalyst"
		},
		{
			"weight": 1.0,
			"key": "create_connected:fan_smoking_catalyst"
		},
		{
			"weight": 1.0,
			"key": "create_connected:fan_splashing_catalyst"
		},
		{
			"weight": 1.0,
			"key": "create_connected:fan_withering_catalyst"
		},
		{
			"weight": 1.0,
			"key": "create_connected:fluid_vessel"
		},
		{
			"weight": 1.0,
			"key": "create_connected:freewheel_clutch"
		},
		{
			"weight": 1.0,
			"key": "create_connected:incomplete_control_chip"
		},
		{
			"weight": 1.0,
			"key": "create_connected:inventory_access_port"
		},
		{
			"weight": 1.0,
			"key": "create_connected:inventory_bridge"
		},
		{
			"weight": 1.0,
			"key": "create_connected:inverted_clutch"
		},
		{
			"weight": 1.0,
			"key": "create_connected:inverted_gearshift"
		},
		{
			"weight": 1.0,
			"key": "create_connected:item_silo"
		},
		{
			"weight": 1.0,
			"key": "create_connected:kinetic_battery"
		},
		{
			"weight": 1.0,
			"key": "create_connected:kinetic_bridge"
		},
		{
			"weight": 1.0,
			"key": "create_connected:large_crank_wheel"
		},
		{
			"weight": 1.0,
			"key": "create_connected:linked_transmitter"
		},
		{
			"weight": 1.0,
			"key": "create_connected:music_disc_elevator"
		},
		{
			"weight": 1.0,
			"key": "create_connected:music_disc_interlude"
		},
		{
			"weight": 1.0,
			"key": "create_connected:overstress_clutch"
		},
		{
			"weight": 1.0,
			"key": "create_connected:parallel_gearbox"
		},
		{
			"weight": 1.0,
			"key": "create_connected:redstone_link_wildcard"
		},
		{
			"weight": 1.0,
			"key": "create_connected:sequenced_pulse_generator"
		},
		{
			"weight": 1.0,
			"key": "create_connected:shear_pin"
		},
		{
			"weight": 1.0,
			"key": "create_connected:six_way_gearbox"
		},
		{
			"weight": 1.0,
			"key": "create_connected:vertical_brass_gearbox"
		},
		{
			"weight": 1.0,
			"key": "create_connected:vertical_parallel_gearbox"
		},
		{
			"weight": 1.0,
			"key": "create_connected:vertical_six_way_gearbox"
		}
	]
}
