{
	"elements": [
		{
			"weight": 1.0,
			"key": {
				"step": "underground_structures",
				"terrain_adaptation": "none",
				"spawn_overrides": {
				},
				"id": "bettermineshafts:mineshaft_lush"
			}
		},
		{
			"weight": 1.0,
			"key": {
				"step": "underground_structures",
				"terrain_adaptation": "none",
				"spawn_overrides": {
				},
				"id": "bettermineshafts:mineshaft_mushroom"
			}
		},
		{
			"weight": 1.0,
			"key": {
				"step": "underground_structures",
				"terrain_adaptation": "none",
				"spawn_overrides": {
				},
				"id": "bettermineshafts:mineshaft_spruce"
			}
		},
		{
			"weight": 1.0,
			"key": {
				"step": "underground_structures",
				"terrain_adaptation": "none",
				"spawn_overrides": {
				},
				"id": "bettermineshafts:mineshaft_oak"
			}
		},
		{
			"weight": 1.0,
			"key": {
				"step": "underground_structures",
				"terrain_adaptation": "none",
				"spawn_overrides": {
				},
				"id": "bettermineshafts:mineshaft_dripstone"
			}
		},
		{
			"weight": 1.0,
			"key": {
				"step": "underground_structures",
				"terrain_adaptation": "none",
				"spawn_overrides": {
				},
				"id": "bettermineshafts:mineshaft_jungle"
			}
		},
		{
			"weight": 1.0,
			"key": {
				"step": "underground_structures",
				"terrain_adaptation": "none",
				"spawn_overrides": {
				},
				"id": "bettermineshafts:mineshaft_red_desert"
			}
		},
		{
			"weight": 1.0,
			"key": {
				"step": "underground_structures",
				"terrain_adaptation": "none",
				"spawn_overrides": {
				},
				"id": "bettermineshafts:mineshaft_overgrown"
			}
		},
		{
			"weight": 1.0,
			"key": {
				"step": "underground_structures",
				"terrain_adaptation": "none",
				"spawn_overrides": {
				},
				"id": "bettermineshafts:mineshaft_mesa"
			}
		},
		{
			"weight": 1.0,
			"key": {
				"step": "underground_structures",
				"terrain_adaptation": "none",
				"spawn_overrides": {
				},
				"id": "bettermineshafts:mineshaft_desert"
			}
		},
		{
			"weight": 1.0,
			"key": {
				"step": "underground_structures",
				"terrain_adaptation": "none",
				"spawn_overrides": {
				},
				"id": "bettermineshafts:mineshaft_acacia"
			}
		},
		{
			"weight": 1.0,
			"key": {
				"step": "underground_structures",
				"terrain_adaptation": "none",
				"spawn_overrides": {
				},
				"id": "bettermineshafts:mineshaft_ice"
			}
		},
		{
			"weight": 1.0,
			"key": {
				"step": "underground_structures",
				"terrain_adaptation": "none",
				"spawn_overrides": {
				},
				"id": "bettermineshafts:mineshaft_spruce_snowy"
			}
		}
	]
}
