{
	"elements": [
		{
			"weight": 1.0,
			"key": "connectedglass:borderless_glass"
		},
		{
			"weight": 1.0,
			"key": "connectedglass:borderless_glass_black"
		},
		{
			"weight": 1.0,
			"key": "connectedglass:borderless_glass_black_pane"
		},
		{
			"weight": 1.0,
			"key": "connectedglass:borderless_glass_blue"
		},
		{
			"weight": 1.0,
			"key": "connectedglass:borderless_glass_blue_pane"
		},
		{
			"weight": 1.0,
			"key": "connectedglass:borderless_glass_brown"
		},
		{
			"weight": 1.0,
			"key": "connectedglass:borderless_glass_brown_pane"
		},
		{
			"weight": 1.0,
			"key": "connectedglass:borderless_glass_cyan"
		},
		{
			"weight": 1.0,
			"key": "connectedglass:borderless_glass_cyan_pane"
		},
		{
			"weight": 1.0,
			"key": "connectedglass:borderless_glass_gray"
		},
		{
			"weight": 1.0,
			"key": "connectedglass:borderless_glass_gray_pane"
		},
		{
			"weight": 1.0,
			"key": "connectedglass:borderless_glass_green"
		},
		{
			"weight": 1.0,
			"key": "connectedglass:borderless_glass_green_pane"
		},
		{
			"weight": 1.0,
			"key": "connectedglass:borderless_glass_light_blue"
		},
		{
			"weight": 1.0,
			"key": "connectedglass:borderless_glass_light_blue_pane"
		},
		{
			"weight": 1.0,
			"key": "connectedglass:borderless_glass_light_gray"
		},
		{
			"weight": 1.0,
			"key": "connectedglass:borderless_glass_light_gray_pane"
		},
		{
			"weight": 1.0,
			"key": "connectedglass:borderless_glass_lime"
		},
		{
			"weight": 1.0,
			"key": "connectedglass:borderless_glass_lime_pane"
		},
		{
			"weight": 1.0,
			"key": "connectedglass:borderless_glass_magenta"
		},
		{
			"weight": 1.0,
			"key": "connectedglass:borderless_glass_magenta_pane"
		},
		{
			"weight": 1.0,
			"key": "connectedglass:borderless_glass_orange"
		},
		{
			"weight": 1.0,
			"key": "connectedglass:borderless_glass_orange_pane"
		},
		{
			"weight": 1.0,
			"key": "connectedglass:borderless_glass_pane"
		},
		{
			"weight": 1.0,
			"key": "connectedglass:borderless_glass_pink"
		},
		{
			"weight": 1.0,
			"key": "connectedglass:borderless_glass_pink_pane"
		},
		{
			"weight": 1.0,
			"key": "connectedglass:borderless_glass_purple"
		},
		{
			"weight": 1.0,
			"key": "connectedglass:borderless_glass_purple_pane"
		},
		{
			"weight": 1.0,
			"key": "connectedglass:borderless_glass_red"
		},
		{
			"weight": 1.0,
			"key": "connectedglass:borderless_glass_red_pane"
		},
		{
			"weight": 1.0,
			"key": "connectedglass:borderless_glass_white"
		},
		{
			"weight": 1.0,
			"key": "connectedglass:borderless_glass_white_pane"
		},
		{
			"weight": 1.0,
			"key": "connectedglass:borderless_glass_yellow"
		},
		{
			"weight": 1.0,
			"key": "connectedglass:borderless_glass_yellow_pane"
		},
		{
			"weight": 1.0,
			"key": "connectedglass:clear_glass"
		},
		{
			"weight": 1.0,
			"key": "connectedglass:clear_glass_black"
		},
		{
			"weight": 1.0,
			"key": "connectedglass:clear_glass_black_pane"
		},
		{
			"weight": 1.0,
			"key": "connectedglass:clear_glass_blue"
		},
		{
			"weight": 1.0,
			"key": "connectedglass:clear_glass_blue_pane"
		},
		{
			"weight": 1.0,
			"key": "connectedglass:clear_glass_brown"
		},
		{
			"weight": 1.0,
			"key": "connectedglass:clear_glass_brown_pane"
		},
		{
			"weight": 1.0,
			"key": "connectedglass:clear_glass_cyan"
		},
		{
			"weight": 1.0,
			"key": "connectedglass:clear_glass_cyan_pane"
		},
		{
			"weight": 1.0,
			"key": "connectedglass:clear_glass_gray"
		},
		{
			"weight": 1.0,
			"key": "connectedglass:clear_glass_gray_pane"
		},
		{
			"weight": 1.0,
			"key": "connectedglass:clear_glass_green"
		},
		{
			"weight": 1.0,
			"key": "connectedglass:clear_glass_green_pane"
		},
		{
			"weight": 1.0,
			"key": "connectedglass:clear_glass_light_blue"
		},
		{
			"weight": 1.0,
			"key": "connectedglass:clear_glass_light_blue_pane"
		},
		{
			"weight": 1.0,
			"key": "connectedglass:clear_glass_light_gray"
		},
		{
			"weight": 1.0,
			"key": "connectedglass:clear_glass_light_gray_pane"
		},
		{
			"weight": 1.0,
			"key": "connectedglass:clear_glass_lime"
		},
		{
			"weight": 1.0,
			"key": "connectedglass:clear_glass_lime_pane"
		},
		{
			"weight": 1.0,
			"key": "connectedglass:clear_glass_magenta"
		},
		{
			"weight": 1.0,
			"key": "connectedglass:clear_glass_magenta_pane"
		},
		{
			"weight": 1.0,
			"key": "connectedglass:clear_glass_orange"
		},
		{
			"weight": 1.0,
			"key": "connectedglass:clear_glass_orange_pane"
		},
		{
			"weight": 1.0,
			"key": "connectedglass:clear_glass_pane"
		},
		{
			"weight": 1.0,
			"key": "connectedglass:clear_glass_pink"
		},
		{
			"weight": 1.0,
			"key": "connectedglass:clear_glass_pink_pane"
		},
		{
			"weight": 1.0,
			"key": "connectedglass:clear_glass_purple"
		},
		{
			"weight": 1.0,
			"key": "connectedglass:clear_glass_purple_pane"
		},
		{
			"weight": 1.0,
			"key": "connectedglass:clear_glass_red"
		},
		{
			"weight": 1.0,
			"key": "connectedglass:clear_glass_red_pane"
		},
		{
			"weight": 1.0,
			"key": "connectedglass:clear_glass_white"
		},
		{
			"weight": 1.0,
			"key": "connectedglass:clear_glass_white_pane"
		},
		{
			"weight": 1.0,
			"key": "connectedglass:clear_glass_yellow"
		},
		{
			"weight": 1.0,
			"key": "connectedglass:clear_glass_yellow_pane"
		},
		{
			"weight": 1.0,
			"key": "connectedglass:scratched_glass"
		},
		{
			"weight": 1.0,
			"key": "connectedglass:scratched_glass_black"
		},
		{
			"weight": 1.0,
			"key": "connectedglass:scratched_glass_black_pane"
		},
		{
			"weight": 1.0,
			"key": "connectedglass:scratched_glass_blue"
		},
		{
			"weight": 1.0,
			"key": "connectedglass:scratched_glass_blue_pane"
		},
		{
			"weight": 1.0,
			"key": "connectedglass:scratched_glass_brown"
		},
		{
			"weight": 1.0,
			"key": "connectedglass:scratched_glass_brown_pane"
		},
		{
			"weight": 1.0,
			"key": "connectedglass:scratched_glass_cyan"
		},
		{
			"weight": 1.0,
			"key": "connectedglass:scratched_glass_cyan_pane"
		},
		{
			"weight": 1.0,
			"key": "connectedglass:scratched_glass_gray"
		},
		{
			"weight": 1.0,
			"key": "connectedglass:scratched_glass_gray_pane"
		},
		{
			"weight": 1.0,
			"key": "connectedglass:scratched_glass_green"
		},
		{
			"weight": 1.0,
			"key": "connectedglass:scratched_glass_green_pane"
		},
		{
			"weight": 1.0,
			"key": "connectedglass:scratched_glass_light_blue"
		},
		{
			"weight": 1.0,
			"key": "connectedglass:scratched_glass_light_blue_pane"
		},
		{
			"weight": 1.0,
			"key": "connectedglass:scratched_glass_light_gray"
		},
		{
			"weight": 1.0,
			"key": "connectedglass:scratched_glass_light_gray_pane"
		},
		{
			"weight": 1.0,
			"key": "connectedglass:scratched_glass_lime"
		},
		{
			"weight": 1.0,
			"key": "connectedglass:scratched_glass_lime_pane"
		},
		{
			"weight": 1.0,
			"key": "connectedglass:scratched_glass_magenta"
		},
		{
			"weight": 1.0,
			"key": "connectedglass:scratched_glass_magenta_pane"
		},
		{
			"weight": 1.0,
			"key": "connectedglass:scratched_glass_orange"
		},
		{
			"weight": 1.0,
			"key": "connectedglass:scratched_glass_orange_pane"
		},
		{
			"weight": 1.0,
			"key": "connectedglass:scratched_glass_pane"
		},
		{
			"weight": 1.0,
			"key": "connectedglass:scratched_glass_pink"
		},
		{
			"weight": 1.0,
			"key": "connectedglass:scratched_glass_pink_pane"
		},
		{
			"weight": 1.0,
			"key": "connectedglass:scratched_glass_purple"
		},
		{
			"weight": 1.0,
			"key": "connectedglass:scratched_glass_purple_pane"
		},
		{
			"weight": 1.0,
			"key": "connectedglass:scratched_glass_red"
		},
		{
			"weight": 1.0,
			"key": "connectedglass:scratched_glass_red_pane"
		},
		{
			"weight": 1.0,
			"key": "connectedglass:scratched_glass_white"
		},
		{
			"weight": 1.0,
			"key": "connectedglass:scratched_glass_white_pane"
		},
		{
			"weight": 1.0,
			"key": "connectedglass:scratched_glass_yellow"
		},
		{
			"weight": 1.0,
			"key": "connectedglass:scratched_glass_yellow_pane"
		},
		{
			"weight": 1.0,
			"key": "connectedglass:tinted_borderless_glass"
		},
		{
			"weight": 1.0,
			"key": "connectedglass:tinted_borderless_glass_black"
		},
		{
			"weight": 1.0,
			"key": "connectedglass:tinted_borderless_glass_blue"
		},
		{
			"weight": 1.0,
			"key": "connectedglass:tinted_borderless_glass_brown"
		},
		{
			"weight": 1.0,
			"key": "connectedglass:tinted_borderless_glass_cyan"
		},
		{
			"weight": 1.0,
			"key": "connectedglass:tinted_borderless_glass_gray"
		},
		{
			"weight": 1.0,
			"key": "connectedglass:tinted_borderless_glass_green"
		},
		{
			"weight": 1.0,
			"key": "connectedglass:tinted_borderless_glass_light_blue"
		},
		{
			"weight": 1.0,
			"key": "connectedglass:tinted_borderless_glass_light_gray"
		},
		{
			"weight": 1.0,
			"key": "connectedglass:tinted_borderless_glass_lime"
		},
		{
			"weight": 1.0,
			"key": "connectedglass:tinted_borderless_glass_magenta"
		},
		{
			"weight": 1.0,
			"key": "connectedglass:tinted_borderless_glass_orange"
		},
		{
			"weight": 1.0,
			"key": "connectedglass:tinted_borderless_glass_pink"
		},
		{
			"weight": 1.0,
			"key": "connectedglass:tinted_borderless_glass_purple"
		},
		{
			"weight": 1.0,
			"key": "connectedglass:tinted_borderless_glass_red"
		},
		{
			"weight": 1.0,
			"key": "connectedglass:tinted_borderless_glass_white"
		},
		{
			"weight": 1.0,
			"key": "connectedglass:tinted_borderless_glass_yellow"
		}
	]
}
