{
	"elements": [
		{
			"weight": 1.0,
			"key": {
				"Instant": false,
				"Color": 11171805,
				"Name": "infinity:afterglow",
				"Category": "beneficial"
			}
		},
		{
			"weight": 1.0,
			"key": {
				"Instant": false,
				"Color": 16738047,
				"Name": "infinity:iridescence",
				"Category": "neutral"
			}
		},
		{
			"weight": 1.0,
			"key": {
				"Instant": false,
				"Color": 8930440,
				"Name": "infinity:iridescent_cooldown",
				"Category": "neutral"
			}
		},
		{
			"weight": 1.0,
			"key": {
				"Instant": true,
				"Color": 16711935,
				"Name": "infinity:iridescent_setup",
				"Category": "neutral"
			}
		}
	]
}
