{
	"elements": [
		{
			"weight": 1.0,
			"key": {
				"Type": "block",
				"Name": "infinity:blocks/altar"
			}
		},
		{
			"weight": 1.0,
			"key": {
				"Type": "block",
				"Name": "infinity:blocks/ant"
			}
		},
		{
			"weight": 1.0,
			"key": {
				"Type": "block",
				"Name": "infinity:blocks/biome_bottle"
			}
		},
		{
			"weight": 1.0,
			"key": {
				"Type": "block",
				"Name": "infinity:blocks/book_box"
			}
		},
		{
			"weight": 1.0,
			"key": {
				"Type": "block",
				"Name": "infinity:blocks/chromatic_carpet"
			}
		},
		{
			"weight": 1.0,
			"key": {
				"Type": "block",
				"Name": "infinity:blocks/chromatic_wool"
			}
		},
		{
			"weight": 1.0,
			"key": {
				"Type": "block",
				"Name": "infinity:blocks/cosmic_altar"
			}
		},
		{
			"weight": 1.0,
			"key": {
				"Type": "block",
				"Name": "infinity:blocks/cursor"
			}
		},
		{
			"weight": 1.0,
			"key": {
				"Type": "block",
				"Name": "infinity:blocks/iridescent_carpet"
			}
		},
		{
			"weight": 1.0,
			"key": {
				"Type": "block",
				"Name": "infinity:blocks/iridescent_kelp"
			}
		},
		{
			"weight": 1.0,
			"key": {
				"Type": "block",
				"Name": "infinity:blocks/iridescent_kelp_plant"
			}
		},
		{
			"weight": 1.0,
			"key": {
				"Type": "block",
				"Name": "infinity:blocks/iridescent_wool"
			}
		},
		{
			"weight": 1.0,
			"key": {
				"Type": "block",
				"Name": "infinity:blocks/netherite_slab"
			}
		},
		{
			"weight": 1.0,
			"key": {
				"Type": "block",
				"Name": "infinity:blocks/netherite_stairs"
			}
		},
		{
			"weight": 1.0,
			"key": {
				"Type": "block",
				"Name": "infinity:blocks/notes_block"
			}
		},
		{
			"weight": 1.0,
			"key": {
				"Type": "entity",
				"Name": "infinity:entities/ant"
			}
		},
		{
			"weight": 1.0,
			"key": {
				"Type": "entity",
				"Name": "infinity:entities/bishop"
			}
		},
		{
			"weight": 1.0,
			"key": {
				"Type": "entity",
				"Name": "infinity:entities/chaos_pawn_black"
			}
		},
		{
			"weight": 1.0,
			"key": {
				"Type": "entity",
				"Name": "infinity:entities/chaos_pawn_white"
			}
		},
		{
			"weight": 1.0,
			"key": {
				"Type": "entity",
				"Name": "infinity:entities/chaos_skeleton"
			}
		}
	]
}
