{
	"elements": [
		{
			"weight": 1.0,
			"key": "friendsandfoes:acacia_beehive"
		},
		{
			"weight": 1.0,
			"key": "friendsandfoes:bamboo_beehive"
		},
		{
			"weight": 1.0,
			"key": "friendsandfoes:birch_beehive"
		},
		{
			"weight": 1.0,
			"key": "friendsandfoes:buttercup"
		},
		{
			"weight": 1.0,
			"key": "friendsandfoes:cherry_beehive"
		},
		{
			"weight": 1.0,
			"key": "friendsandfoes:copper_button"
		},
		{
			"weight": 1.0,
			"key": "friendsandfoes:copper_golem_spawn_egg"
		},
		{
			"weight": 1.0,
			"key": "friendsandfoes:crab_claw"
		},
		{
			"weight": 1.0,
			"key": "friendsandfoes:crab_egg"
		},
		{
			"weight": 1.0,
			"key": "friendsandfoes:crab_spawn_egg"
		},
		{
			"weight": 1.0,
			"key": "friendsandfoes:crimson_beehive"
		},
		{
			"weight": 1.0,
			"key": "friendsandfoes:dark_oak_beehive"
		},
		{
			"weight": 1.0,
			"key": "friendsandfoes:exposed_copper_button"
		},
		{
			"weight": 1.0,
			"key": "friendsandfoes:exposed_lightning_rod"
		},
		{
			"weight": 1.0,
			"key": "friendsandfoes:glare_spawn_egg"
		},
		{
			"weight": 1.0,
			"key": "friendsandfoes:iceologer_spawn_egg"
		},
		{
			"weight": 1.0,
			"key": "friendsandfoes:illusioner_spawn_egg"
		},
		{
			"weight": 1.0,
			"key": "friendsandfoes:jungle_beehive"
		},
		{
			"weight": 1.0,
			"key": "friendsandfoes:mangrove_beehive"
		},
		{
			"weight": 1.0,
			"key": "friendsandfoes:mauler_spawn_egg"
		},
		{
			"weight": 1.0,
			"key": "friendsandfoes:moobloom_spawn_egg"
		},
		{
			"weight": 1.0,
			"key": "friendsandfoes:music_disc_around_the_corner"
		},
		{
			"weight": 1.0,
			"key": "friendsandfoes:oxidized_copper_button"
		},
		{
			"weight": 1.0,
			"key": "friendsandfoes:oxidized_lightning_rod"
		},
		{
			"weight": 1.0,
			"key": "friendsandfoes:rascal_spawn_egg"
		},
		{
			"weight": 1.0,
			"key": "friendsandfoes:spruce_beehive"
		},
		{
			"weight": 1.0,
			"key": "friendsandfoes:totem_of_freezing"
		},
		{
			"weight": 1.0,
			"key": "friendsandfoes:totem_of_illusion"
		},
		{
			"weight": 1.0,
			"key": "friendsandfoes:tuff_golem_spawn_egg"
		},
		{
			"weight": 1.0,
			"key": "friendsandfoes:warped_beehive"
		},
		{
			"weight": 1.0,
			"key": "friendsandfoes:waxed_copper_button"
		},
		{
			"weight": 1.0,
			"key": "friendsandfoes:waxed_exposed_copper_button"
		},
		{
			"weight": 1.0,
			"key": "friendsandfoes:waxed_exposed_lightning_rod"
		},
		{
			"weight": 1.0,
			"key": "friendsandfoes:waxed_lightning_rod"
		},
		{
			"weight": 1.0,
			"key": "friendsandfoes:waxed_oxidized_copper_button"
		},
		{
			"weight": 1.0,
			"key": "friendsandfoes:waxed_oxidized_lightning_rod"
		},
		{
			"weight": 1.0,
			"key": "friendsandfoes:waxed_weathered_copper_button"
		},
		{
			"weight": 1.0,
			"key": "friendsandfoes:waxed_weathered_lightning_rod"
		},
		{
			"weight": 1.0,
			"key": "friendsandfoes:weathered_copper_button"
		},
		{
			"weight": 1.0,
			"key": "friendsandfoes:weathered_lightning_rod"
		},
		{
			"weight": 1.0,
			"key": "friendsandfoes:wildfire_crown"
		},
		{
			"weight": 1.0,
			"key": "friendsandfoes:wildfire_crown_fragment"
		},
		{
			"weight": 1.0,
			"key": "friendsandfoes:wildfire_spawn_egg"
		}
	]
}
