{
	"elements": [
		{
			"weight": 1.0,
			"key": {
				"fluidName": "mekanismgenerators:bioethanol",
				"Name": "mekanismgenerators:bioethanol"
			}
		},
		{
			"weight": 1.0,
			"key": {
				"fluidName": "mekanismgenerators:deuterium",
				"Name": "mekanismgenerators:deuterium"
			}
		},
		{
			"weight": 1.0,
			"key": {
				"fluidName": "mekanismgenerators:fusion_fuel",
				"Name": "mekanismgenerators:fusion_fuel"
			}
		},
		{
			"weight": 1.0,
			"key": {
				"fluidName": "mekanismgenerators:tritium",
				"Name": "mekanismgenerators:tritium"
			}
		}
	]
}
