{
	"elements": [
		{
			"weight": 1.0,
			"key": {
				"float": true,
				"laggy": true,
				"Name": "apotheosis:augmenting_table",
				"top": true,
				"full": false
			}
		},
		{
			"weight": 1.0,
			"key": {
				"float": true,
				"laggy": true,
				"Name": "apotheosis:boss_spawner",
				"top": true,
				"full": true
			}
		},
		{
			"weight": 1.0,
			"key": {
				"float": true,
				"laggy": false,
				"Name": "apotheosis:gem_cutting_table",
				"top": true,
				"full": false
			}
		},
		{
			"weight": 1.0,
			"key": {
				"float": true,
				"laggy": true,
				"Name": "apotheosis:reforging_table",
				"top": true,
				"full": false
			}
		},
		{
			"weight": 1.0,
			"key": {
				"float": true,
				"laggy": true,
				"Name": "apotheosis:salvaging_table",
				"top": true,
				"full": true
			}
		},
		{
			"weight": 1.0,
			"key": {
				"float": true,
				"laggy": true,
				"Name": "apotheosis:simple_reforging_table",
				"top": true,
				"full": false
			}
		}
	]
}
