{
	"elements": [
		{
			"weight": 1.0,
			"key": "ironchest:copper_chest"
		},
		{
			"weight": 1.0,
			"key": "ironchest:copper_to_iron_chest_upgrade"
		},
		{
			"weight": 1.0,
			"key": "ironchest:crystal_chest"
		},
		{
			"weight": 1.0,
			"key": "ironchest:diamond_chest"
		},
		{
			"weight": 1.0,
			"key": "ironchest:diamond_to_crystal_chest_upgrade"
		},
		{
			"weight": 1.0,
			"key": "ironchest:diamond_to_obsidian_chest_upgrade"
		},
		{
			"weight": 1.0,
			"key": "ironchest:dirt_chest"
		},
		{
			"weight": 1.0,
			"key": "ironchest:gold_chest"
		},
		{
			"weight": 1.0,
			"key": "ironchest:gold_to_diamond_chest_upgrade"
		},
		{
			"weight": 1.0,
			"key": "ironchest:iron_chest"
		},
		{
			"weight": 1.0,
			"key": "ironchest:iron_to_gold_chest_upgrade"
		},
		{
			"weight": 1.0,
			"key": "ironchest:obsidian_chest"
		},
		{
			"weight": 1.0,
			"key": "ironchest:trapped_copper_chest"
		},
		{
			"weight": 1.0,
			"key": "ironchest:trapped_crystal_chest"
		},
		{
			"weight": 1.0,
			"key": "ironchest:trapped_diamond_chest"
		},
		{
			"weight": 1.0,
			"key": "ironchest:trapped_dirt_chest"
		},
		{
			"weight": 1.0,
			"key": "ironchest:trapped_gold_chest"
		},
		{
			"weight": 1.0,
			"key": "ironchest:trapped_iron_chest"
		},
		{
			"weight": 1.0,
			"key": "ironchest:trapped_obsidian_chest"
		},
		{
			"weight": 1.0,
			"key": "ironchest:wood_to_copper_chest_upgrade"
		},
		{
			"weight": 1.0,
			"key": "ironchest:wood_to_iron_chest_upgrade"
		}
	]
}
