{
	"elements": [
		{
			"weight": 1.0,
			"key": {
				"fluidName": "immersiveengineering:acetaldehyde",
				"Name": "immersiveengineering:acetaldehyde_fluid_block"
			}
		},
		{
			"weight": 1.0,
			"key": {
				"fluidName": "immersiveengineering:biodiesel",
				"Name": "immersiveengineering:biodiesel_fluid_block"
			}
		},
		{
			"weight": 1.0,
			"key": {
				"fluidName": "immersiveengineering:concrete",
				"Name": "immersiveengineering:concrete_fluid_block"
			}
		},
		{
			"weight": 1.0,
			"key": {
				"fluidName": "immersiveengineering:creosote",
				"Name": "immersiveengineering:creosote_fluid_block"
			}
		},
		{
			"weight": 1.0,
			"key": {
				"fluidName": "immersiveengineering:ethanol",
				"Name": "immersiveengineering:ethanol_fluid_block"
			}
		},
		{
			"weight": 1.0,
			"key": {
				"fluidName": "immersiveengineering:herbicide",
				"Name": "immersiveengineering:herbicide_fluid_block"
			}
		},
		{
			"weight": 1.0,
			"key": {
				"fluidName": "immersiveengineering:high_power_biodiesel",
				"Name": "immersiveengineering:high_power_biodiesel_fluid_block"
			}
		},
		{
			"weight": 1.0,
			"key": {
				"fluidName": "immersiveengineering:phenolic_resin",
				"Name": "immersiveengineering:phenolic_resin_fluid_block"
			}
		},
		{
			"weight": 1.0,
			"key": {
				"fluidName": "immersiveengineering:plantoil",
				"Name": "immersiveengineering:plantoil_fluid_block"
			}
		},
		{
			"weight": 1.0,
			"key": {
				"fluidName": "immersiveengineering:redstone_acid",
				"Name": "immersiveengineering:redstone_acid_fluid_block"
			}
		}
	]
}
