{
	"elements": [
		{
			"weight": 1.0,
			"key": {
				"Instant": false,
				"Color": 9109504,
				"Name": "apothic_attributes:bleeding",
				"Category": "harmful"
			}
		},
		{
			"weight": 1.0,
			"key": {
				"Instant": false,
				"Color": 16766976,
				"Name": "apothic_attributes:detonation",
				"Category": "harmful"
			}
		},
		{
			"weight": 1.0,
			"key": {
				"Instant": false,
				"Color": 16733525,
				"Name": "apothic_attributes:flying",
				"Category": "beneficial"
			}
		},
		{
			"weight": 1.0,
			"key": {
				"Instant": false,
				"Color": 11141120,
				"Name": "apothic_attributes:grievous",
				"Category": "harmful"
			}
		},
		{
			"weight": 1.0,
			"key": {
				"Instant": false,
				"Color": 16051778,
				"Name": "apothic_attributes:knowledge",
				"Category": "beneficial"
			}
		},
		{
			"weight": 1.0,
			"key": {
				"Instant": false,
				"Color": 10000536,
				"Name": "apothic_attributes:sundering",
				"Category": "harmful"
			}
		},
		{
			"weight": 1.0,
			"key": {
				"Instant": false,
				"Color": 16733525,
				"Name": "apothic_attributes:vitality",
				"Category": "beneficial"
			}
		}
	]
}
