{
	"elements": [
		{
			"weight": 1.0,
			"key": {
				"Type": "block",
				"Name": "mowziesmobs:blocks/clawed_log"
			}
		},
		{
			"weight": 1.0,
			"key": {
				"Type": "block",
				"Name": "mowziesmobs:blocks/gong"
			}
		},
		{
			"weight": 1.0,
			"key": {
				"Type": "block",
				"Name": "mowziesmobs:blocks/painted_acacia"
			}
		},
		{
			"weight": 1.0,
			"key": {
				"Type": "block",
				"Name": "mowziesmobs:blocks/painted_acacia_slab"
			}
		},
		{
			"weight": 1.0,
			"key": {
				"Type": "block",
				"Name": "mowziesmobs:blocks/raked_sand"
			}
		},
		{
			"weight": 1.0,
			"key": {
				"Type": "block",
				"Name": "mowziesmobs:blocks/red_raked_sand"
			}
		},
		{
			"weight": 1.0,
			"key": {
				"Type": "block",
				"Name": "mowziesmobs:blocks/thatch_block"
			}
		},
		{
			"weight": 1.0,
			"key": {
				"Type": "chest",
				"Name": "mowziesmobs:chests/monastery_chest"
			}
		},
		{
			"weight": 1.0,
			"key": {
				"Type": "chest",
				"Name": "mowziesmobs:chests/umvuthana_grove_chest"
			}
		},
		{
			"weight": 1.0,
			"key": {
				"Type": "entity",
				"Name": "mowziesmobs:entities/bluff"
			}
		},
		{
			"weight": 1.0,
			"key": {
				"Type": "generic",
				"Name": "mowziesmobs:entities/ferrous_wroughtnaut"
			}
		},
		{
			"weight": 1.0,
			"key": {
				"Type": "generic",
				"Name": "mowziesmobs:entities/foliaath"
			}
		},
		{
			"weight": 1.0,
			"key": {
				"Type": "generic",
				"Name": "mowziesmobs:entities/frostmaw"
			}
		},
		{
			"weight": 1.0,
			"key": {
				"Type": "generic",
				"Name": "mowziesmobs:entities/grottol"
			}
		},
		{
			"weight": 1.0,
			"key": {
				"Type": "generic",
				"Name": "mowziesmobs:entities/lantern"
			}
		},
		{
			"weight": 1.0,
			"key": {
				"Type": "generic",
				"Name": "mowziesmobs:entities/naga"
			}
		},
		{
			"weight": 1.0,
			"key": {
				"Type": "generic",
				"Name": "mowziesmobs:entities/sculptor"
			}
		},
		{
			"weight": 1.0,
			"key": {
				"Type": "generic",
				"Name": "mowziesmobs:entities/sculptor_test"
			}
		},
		{
			"weight": 1.0,
			"key": {
				"Type": "generic",
				"Name": "mowziesmobs:entities/umvuthana_bliss"
			}
		},
		{
			"weight": 1.0,
			"key": {
				"Type": "generic",
				"Name": "mowziesmobs:entities/umvuthana_faith"
			}
		},
		{
			"weight": 1.0,
			"key": {
				"Type": "generic",
				"Name": "mowziesmobs:entities/umvuthana_fear"
			}
		},
		{
			"weight": 1.0,
			"key": {
				"Type": "generic",
				"Name": "mowziesmobs:entities/umvuthana_fury"
			}
		},
		{
			"weight": 1.0,
			"key": {
				"Type": "generic",
				"Name": "mowziesmobs:entities/umvuthana_misery"
			}
		},
		{
			"weight": 1.0,
			"key": {
				"Type": "generic",
				"Name": "mowziesmobs:entities/umvuthana_rage"
			}
		},
		{
			"weight": 1.0,
			"key": {
				"Type": "generic",
				"Name": "mowziesmobs:entities/umvuthi"
			}
		}
	]
}
