{
	"elements": [
		{
			"weight": 1.0,
			"key": {
				"step": "surface_structures",
				"terrain_adaptation": "none",
				"spawn_overrides": {
				},
				"id": "mowziesmobs:umvuthana_grove"
			}
		},
		{
			"weight": 1.0,
			"key": {
				"step": "surface_structures",
				"terrain_adaptation": "beard_thin",
				"spawn_overrides": {
				},
				"id": "mowziesmobs:frostmaw_spawn"
			}
		},
		{
			"weight": 1.0,
			"key": {
				"step": "underground_decoration",
				"terrain_adaptation": "none",
				"spawn_overrides": {
					"monster": {
						"bounding_box": "piece",
						"spawns": [
							{
								"type": "mowziesmobs:bluff",
								"weight": 100,
								"minCount": 1,
								"maxCount": 2
							}
						]
					}
				},
				"id": "mowziesmobs:monastery"
			}
		},
		{
			"weight": 1.0,
			"key": {
				"step": "underground_structures",
				"terrain_adaptation": "none",
				"spawn_overrides": {
				},
				"id": "mowziesmobs:wrought_chamber"
			}
		}
	]
}
