{
	"elements": [
		{
			"weight": 1.0,
			"key": "mcwwindows:acacia_blinds"
		},
		{
			"weight": 1.0,
			"key": "mcwwindows:acacia_curtain_rod"
		},
		{
			"weight": 1.0,
			"key": "mcwwindows:acacia_four_window"
		},
		{
			"weight": 1.0,
			"key": "mcwwindows:acacia_log_parapet"
		},
		{
			"weight": 1.0,
			"key": "mcwwindows:acacia_louvered_shutter"
		},
		{
			"weight": 1.0,
			"key": "mcwwindows:acacia_pane_window"
		},
		{
			"weight": 1.0,
			"key": "mcwwindows:acacia_plank_four_window"
		},
		{
			"weight": 1.0,
			"key": "mcwwindows:acacia_plank_pane_window"
		},
		{
			"weight": 1.0,
			"key": "mcwwindows:acacia_plank_parapet"
		},
		{
			"weight": 1.0,
			"key": "mcwwindows:acacia_plank_window"
		},
		{
			"weight": 1.0,
			"key": "mcwwindows:acacia_plank_window2"
		},
		{
			"weight": 1.0,
			"key": "mcwwindows:acacia_shutter"
		},
		{
			"weight": 1.0,
			"key": "mcwwindows:acacia_window"
		},
		{
			"weight": 1.0,
			"key": "mcwwindows:acacia_window2"
		},
		{
			"weight": 1.0,
			"key": "mcwwindows:andesite_four_window"
		},
		{
			"weight": 1.0,
			"key": "mcwwindows:andesite_louvered_shutter"
		},
		{
			"weight": 1.0,
			"key": "mcwwindows:andesite_pane_window"
		},
		{
			"weight": 1.0,
			"key": "mcwwindows:andesite_parapet"
		},
		{
			"weight": 1.0,
			"key": "mcwwindows:andesite_window"
		},
		{
			"weight": 1.0,
			"key": "mcwwindows:andesite_window2"
		},
		{
			"weight": 1.0,
			"key": "mcwwindows:bamboo_shutter"
		},
		{
			"weight": 1.0,
			"key": "mcwwindows:birch_blinds"
		},
		{
			"weight": 1.0,
			"key": "mcwwindows:birch_curtain_rod"
		},
		{
			"weight": 1.0,
			"key": "mcwwindows:birch_four_window"
		},
		{
			"weight": 1.0,
			"key": "mcwwindows:birch_log_parapet"
		},
		{
			"weight": 1.0,
			"key": "mcwwindows:birch_louvered_shutter"
		},
		{
			"weight": 1.0,
			"key": "mcwwindows:birch_pane_window"
		},
		{
			"weight": 1.0,
			"key": "mcwwindows:birch_plank_four_window"
		},
		{
			"weight": 1.0,
			"key": "mcwwindows:birch_plank_pane_window"
		},
		{
			"weight": 1.0,
			"key": "mcwwindows:birch_plank_parapet"
		},
		{
			"weight": 1.0,
			"key": "mcwwindows:birch_plank_window"
		},
		{
			"weight": 1.0,
			"key": "mcwwindows:birch_plank_window2"
		},
		{
			"weight": 1.0,
			"key": "mcwwindows:birch_shutter"
		},
		{
			"weight": 1.0,
			"key": "mcwwindows:birch_window"
		},
		{
			"weight": 1.0,
			"key": "mcwwindows:birch_window2"
		},
		{
			"weight": 1.0,
			"key": "mcwwindows:black_curtain"
		},
		{
			"weight": 1.0,
			"key": "mcwwindows:black_mosaic_glass"
		},
		{
			"weight": 1.0,
			"key": "mcwwindows:black_mosaic_glass_pane"
		},
		{
			"weight": 1.0,
			"key": "mcwwindows:blackstone_brick_arrow_slit"
		},
		{
			"weight": 1.0,
			"key": "mcwwindows:blackstone_brick_gothic"
		},
		{
			"weight": 1.0,
			"key": "mcwwindows:blackstone_four_window"
		},
		{
			"weight": 1.0,
			"key": "mcwwindows:blackstone_pane_window"
		},
		{
			"weight": 1.0,
			"key": "mcwwindows:blackstone_parapet"
		},
		{
			"weight": 1.0,
			"key": "mcwwindows:blackstone_window"
		},
		{
			"weight": 1.0,
			"key": "mcwwindows:blackstone_window2"
		},
		{
			"weight": 1.0,
			"key": "mcwwindows:blue_curtain"
		},
		{
			"weight": 1.0,
			"key": "mcwwindows:blue_mosaic_glass"
		},
		{
			"weight": 1.0,
			"key": "mcwwindows:blue_mosaic_glass_pane"
		},
		{
			"weight": 1.0,
			"key": "mcwwindows:bricks_four_window"
		},
		{
			"weight": 1.0,
			"key": "mcwwindows:bricks_pane_window"
		},
		{
			"weight": 1.0,
			"key": "mcwwindows:bricks_window"
		},
		{
			"weight": 1.0,
			"key": "mcwwindows:bricks_window2"
		},
		{
			"weight": 1.0,
			"key": "mcwwindows:brown_curtain"
		},
		{
			"weight": 1.0,
			"key": "mcwwindows:brown_mosaic_glass"
		},
		{
			"weight": 1.0,
			"key": "mcwwindows:brown_mosaic_glass_pane"
		},
		{
			"weight": 1.0,
			"key": "mcwwindows:cherry_blinds"
		},
		{
			"weight": 1.0,
			"key": "mcwwindows:cherry_curtain_rod"
		},
		{
			"weight": 1.0,
			"key": "mcwwindows:cherry_four_window"
		},
		{
			"weight": 1.0,
			"key": "mcwwindows:cherry_log_parapet"
		},
		{
			"weight": 1.0,
			"key": "mcwwindows:cherry_louvered_shutter"
		},
		{
			"weight": 1.0,
			"key": "mcwwindows:cherry_pane_window"
		},
		{
			"weight": 1.0,
			"key": "mcwwindows:cherry_plank_four_window"
		},
		{
			"weight": 1.0,
			"key": "mcwwindows:cherry_plank_pane_window"
		},
		{
			"weight": 1.0,
			"key": "mcwwindows:cherry_plank_parapet"
		},
		{
			"weight": 1.0,
			"key": "mcwwindows:cherry_plank_window"
		},
		{
			"weight": 1.0,
			"key": "mcwwindows:cherry_plank_window2"
		},
		{
			"weight": 1.0,
			"key": "mcwwindows:cherry_shutter"
		},
		{
			"weight": 1.0,
			"key": "mcwwindows:cherry_window"
		},
		{
			"weight": 1.0,
			"key": "mcwwindows:cherry_window2"
		},
		{
			"weight": 1.0,
			"key": "mcwwindows:cobblestone_arrow_slit"
		},
		{
			"weight": 1.0,
			"key": "mcwwindows:crimson_blinds"
		},
		{
			"weight": 1.0,
			"key": "mcwwindows:crimson_curtain_rod"
		},
		{
			"weight": 1.0,
			"key": "mcwwindows:crimson_louvered_shutter"
		},
		{
			"weight": 1.0,
			"key": "mcwwindows:crimson_pane_window"
		},
		{
			"weight": 1.0,
			"key": "mcwwindows:crimson_plank_pane_window"
		},
		{
			"weight": 1.0,
			"key": "mcwwindows:crimson_plank_parapet"
		},
		{
			"weight": 1.0,
			"key": "mcwwindows:crimson_planks_four_window"
		},
		{
			"weight": 1.0,
			"key": "mcwwindows:crimson_planks_window"
		},
		{
			"weight": 1.0,
			"key": "mcwwindows:crimson_planks_window2"
		},
		{
			"weight": 1.0,
			"key": "mcwwindows:crimson_shutter"
		},
		{
			"weight": 1.0,
			"key": "mcwwindows:crimson_stem_four_window"
		},
		{
			"weight": 1.0,
			"key": "mcwwindows:crimson_stem_parapet"
		},
		{
			"weight": 1.0,
			"key": "mcwwindows:crimson_stem_window"
		},
		{
			"weight": 1.0,
			"key": "mcwwindows:crimson_stem_window2"
		},
		{
			"weight": 1.0,
			"key": "mcwwindows:cyan_curtain"
		},
		{
			"weight": 1.0,
			"key": "mcwwindows:cyan_mosaic_glass"
		},
		{
			"weight": 1.0,
			"key": "mcwwindows:cyan_mosaic_glass_pane"
		},
		{
			"weight": 1.0,
			"key": "mcwwindows:dark_oak_blinds"
		},
		{
			"weight": 1.0,
			"key": "mcwwindows:dark_oak_curtain_rod"
		},
		{
			"weight": 1.0,
			"key": "mcwwindows:dark_oak_four_window"
		},
		{
			"weight": 1.0,
			"key": "mcwwindows:dark_oak_log_parapet"
		},
		{
			"weight": 1.0,
			"key": "mcwwindows:dark_oak_louvered_shutter"
		},
		{
			"weight": 1.0,
			"key": "mcwwindows:dark_oak_pane_window"
		},
		{
			"weight": 1.0,
			"key": "mcwwindows:dark_oak_plank_four_window"
		},
		{
			"weight": 1.0,
			"key": "mcwwindows:dark_oak_plank_pane_window"
		},
		{
			"weight": 1.0,
			"key": "mcwwindows:dark_oak_plank_parapet"
		},
		{
			"weight": 1.0,
			"key": "mcwwindows:dark_oak_plank_window"
		},
		{
			"weight": 1.0,
			"key": "mcwwindows:dark_oak_plank_window2"
		},
		{
			"weight": 1.0,
			"key": "mcwwindows:dark_oak_shutter"
		},
		{
			"weight": 1.0,
			"key": "mcwwindows:dark_oak_window"
		},
		{
			"weight": 1.0,
			"key": "mcwwindows:dark_oak_window2"
		},
		{
			"weight": 1.0,
			"key": "mcwwindows:dark_prismarine_brick_arrow_slit"
		},
		{
			"weight": 1.0,
			"key": "mcwwindows:dark_prismarine_brick_gothic"
		},
		{
			"weight": 1.0,
			"key": "mcwwindows:dark_prismarine_four_window"
		},
		{
			"weight": 1.0,
			"key": "mcwwindows:dark_prismarine_pane_window"
		},
		{
			"weight": 1.0,
			"key": "mcwwindows:dark_prismarine_parapet"
		},
		{
			"weight": 1.0,
			"key": "mcwwindows:dark_prismarine_window"
		},
		{
			"weight": 1.0,
			"key": "mcwwindows:dark_prismarine_window2"
		},
		{
			"weight": 1.0,
			"key": "mcwwindows:deepslate_four_window"
		},
		{
			"weight": 1.0,
			"key": "mcwwindows:deepslate_pane_window"
		},
		{
			"weight": 1.0,
			"key": "mcwwindows:deepslate_window"
		},
		{
			"weight": 1.0,
			"key": "mcwwindows:deepslate_window2"
		},
		{
			"weight": 1.0,
			"key": "mcwwindows:diorite_four_window"
		},
		{
			"weight": 1.0,
			"key": "mcwwindows:diorite_louvered_shutter"
		},
		{
			"weight": 1.0,
			"key": "mcwwindows:diorite_pane_window"
		},
		{
			"weight": 1.0,
			"key": "mcwwindows:diorite_parapet"
		},
		{
			"weight": 1.0,
			"key": "mcwwindows:diorite_window"
		},
		{
			"weight": 1.0,
			"key": "mcwwindows:diorite_window2"
		},
		{
			"weight": 1.0,
			"key": "mcwwindows:end_brick_gothic"
		},
		{
			"weight": 1.0,
			"key": "mcwwindows:ender_brick_arrow_slit"
		},
		{
			"weight": 1.0,
			"key": "mcwwindows:golden_curtain_rod"
		},
		{
			"weight": 1.0,
			"key": "mcwwindows:granite_four_window"
		},
		{
			"weight": 1.0,
			"key": "mcwwindows:granite_louvered_shutter"
		},
		{
			"weight": 1.0,
			"key": "mcwwindows:granite_pane_window"
		},
		{
			"weight": 1.0,
			"key": "mcwwindows:granite_parapet"
		},
		{
			"weight": 1.0,
			"key": "mcwwindows:granite_window"
		},
		{
			"weight": 1.0,
			"key": "mcwwindows:granite_window2"
		},
		{
			"weight": 1.0,
			"key": "mcwwindows:gray_curtain"
		},
		{
			"weight": 1.0,
			"key": "mcwwindows:gray_mosaic_glass"
		},
		{
			"weight": 1.0,
			"key": "mcwwindows:gray_mosaic_glass_pane"
		},
		{
			"weight": 1.0,
			"key": "mcwwindows:green_curtain"
		},
		{
			"weight": 1.0,
			"key": "mcwwindows:green_mosaic_glass"
		},
		{
			"weight": 1.0,
			"key": "mcwwindows:green_mosaic_glass_pane"
		},
		{
			"weight": 1.0,
			"key": "mcwwindows:hammer"
		},
		{
			"weight": 1.0,
			"key": "mcwwindows:iron_shutter"
		},
		{
			"weight": 1.0,
			"key": "mcwwindows:jungle_blinds"
		},
		{
			"weight": 1.0,
			"key": "mcwwindows:jungle_curtain_rod"
		},
		{
			"weight": 1.0,
			"key": "mcwwindows:jungle_four_window"
		},
		{
			"weight": 1.0,
			"key": "mcwwindows:jungle_log_parapet"
		},
		{
			"weight": 1.0,
			"key": "mcwwindows:jungle_louvered_shutter"
		},
		{
			"weight": 1.0,
			"key": "mcwwindows:jungle_pane_window"
		},
		{
			"weight": 1.0,
			"key": "mcwwindows:jungle_plank_four_window"
		},
		{
			"weight": 1.0,
			"key": "mcwwindows:jungle_plank_pane_window"
		},
		{
			"weight": 1.0,
			"key": "mcwwindows:jungle_plank_parapet"
		},
		{
			"weight": 1.0,
			"key": "mcwwindows:jungle_plank_window"
		},
		{
			"weight": 1.0,
			"key": "mcwwindows:jungle_plank_window2"
		},
		{
			"weight": 1.0,
			"key": "mcwwindows:jungle_shutter"
		},
		{
			"weight": 1.0,
			"key": "mcwwindows:jungle_window"
		},
		{
			"weight": 1.0,
			"key": "mcwwindows:jungle_window2"
		},
		{
			"weight": 1.0,
			"key": "mcwwindows:key"
		},
		{
			"weight": 1.0,
			"key": "mcwwindows:light_blue_curtain"
		},
		{
			"weight": 1.0,
			"key": "mcwwindows:light_blue_mosaic_glass"
		},
		{
			"weight": 1.0,
			"key": "mcwwindows:light_blue_mosaic_glass_pane"
		},
		{
			"weight": 1.0,
			"key": "mcwwindows:light_gray_curtain"
		},
		{
			"weight": 1.0,
			"key": "mcwwindows:light_gray_mosaic_glass"
		},
		{
			"weight": 1.0,
			"key": "mcwwindows:light_gray_mosaic_glass_pane"
		},
		{
			"weight": 1.0,
			"key": "mcwwindows:lime_curtain"
		},
		{
			"weight": 1.0,
			"key": "mcwwindows:lime_mosaic_glass"
		},
		{
			"weight": 1.0,
			"key": "mcwwindows:lime_mosaic_glass_pane"
		},
		{
			"weight": 1.0,
			"key": "mcwwindows:magenta_curtain"
		},
		{
			"weight": 1.0,
			"key": "mcwwindows:magenta_mosaic_glass"
		},
		{
			"weight": 1.0,
			"key": "mcwwindows:magenta_mosaic_glass_pane"
		},
		{
			"weight": 1.0,
			"key": "mcwwindows:mangrove_blinds"
		},
		{
			"weight": 1.0,
			"key": "mcwwindows:mangrove_curtain_rod"
		},
		{
			"weight": 1.0,
			"key": "mcwwindows:mangrove_four_window"
		},
		{
			"weight": 1.0,
			"key": "mcwwindows:mangrove_log_parapet"
		},
		{
			"weight": 1.0,
			"key": "mcwwindows:mangrove_louvered_shutter"
		},
		{
			"weight": 1.0,
			"key": "mcwwindows:mangrove_pane_window"
		},
		{
			"weight": 1.0,
			"key": "mcwwindows:mangrove_plank_four_window"
		},
		{
			"weight": 1.0,
			"key": "mcwwindows:mangrove_plank_pane_window"
		},
		{
			"weight": 1.0,
			"key": "mcwwindows:mangrove_plank_parapet"
		},
		{
			"weight": 1.0,
			"key": "mcwwindows:mangrove_plank_window"
		},
		{
			"weight": 1.0,
			"key": "mcwwindows:mangrove_plank_window2"
		},
		{
			"weight": 1.0,
			"key": "mcwwindows:mangrove_shutter"
		},
		{
			"weight": 1.0,
			"key": "mcwwindows:mangrove_window"
		},
		{
			"weight": 1.0,
			"key": "mcwwindows:mangrove_window2"
		},
		{
			"weight": 1.0,
			"key": "mcwwindows:metal_curtain_rod"
		},
		{
			"weight": 1.0,
			"key": "mcwwindows:metal_four_window"
		},
		{
			"weight": 1.0,
			"key": "mcwwindows:metal_pane_window"
		},
		{
			"weight": 1.0,
			"key": "mcwwindows:metal_window"
		},
		{
			"weight": 1.0,
			"key": "mcwwindows:metal_window2"
		},
		{
			"weight": 1.0,
			"key": "mcwwindows:mud_brick_arrow_slit"
		},
		{
			"weight": 1.0,
			"key": "mcwwindows:mud_brick_gothic"
		},
		{
			"weight": 1.0,
			"key": "mcwwindows:nether_brick_arrow_slit"
		},
		{
			"weight": 1.0,
			"key": "mcwwindows:nether_brick_gothic"
		},
		{
			"weight": 1.0,
			"key": "mcwwindows:oak_blinds"
		},
		{
			"weight": 1.0,
			"key": "mcwwindows:oak_curtain_rod"
		},
		{
			"weight": 1.0,
			"key": "mcwwindows:oak_four_window"
		},
		{
			"weight": 1.0,
			"key": "mcwwindows:oak_log_parapet"
		},
		{
			"weight": 1.0,
			"key": "mcwwindows:oak_louvered_shutter"
		},
		{
			"weight": 1.0,
			"key": "mcwwindows:oak_pane_window"
		},
		{
			"weight": 1.0,
			"key": "mcwwindows:oak_plank_four_window"
		},
		{
			"weight": 1.0,
			"key": "mcwwindows:oak_plank_pane_window"
		},
		{
			"weight": 1.0,
			"key": "mcwwindows:oak_plank_parapet"
		},
		{
			"weight": 1.0,
			"key": "mcwwindows:oak_plank_window"
		},
		{
			"weight": 1.0,
			"key": "mcwwindows:oak_plank_window2"
		},
		{
			"weight": 1.0,
			"key": "mcwwindows:oak_shutter"
		},
		{
			"weight": 1.0,
			"key": "mcwwindows:oak_window"
		},
		{
			"weight": 1.0,
			"key": "mcwwindows:oak_window2"
		},
		{
			"weight": 1.0,
			"key": "mcwwindows:one_way_glass"
		},
		{
			"weight": 1.0,
			"key": "mcwwindows:one_way_glass_pane"
		},
		{
			"weight": 1.0,
			"key": "mcwwindows:orange_curtain"
		},
		{
			"weight": 1.0,
			"key": "mcwwindows:orange_mosaic_glass"
		},
		{
			"weight": 1.0,
			"key": "mcwwindows:orange_mosaic_glass_pane"
		},
		{
			"weight": 1.0,
			"key": "mcwwindows:pink_curtain"
		},
		{
			"weight": 1.0,
			"key": "mcwwindows:pink_mosaic_glass"
		},
		{
			"weight": 1.0,
			"key": "mcwwindows:pink_mosaic_glass_pane"
		},
		{
			"weight": 1.0,
			"key": "mcwwindows:prismarine_brick_arrow_slit"
		},
		{
			"weight": 1.0,
			"key": "mcwwindows:prismarine_brick_gothic"
		},
		{
			"weight": 1.0,
			"key": "mcwwindows:prismarine_four_window"
		},
		{
			"weight": 1.0,
			"key": "mcwwindows:prismarine_pane_window"
		},
		{
			"weight": 1.0,
			"key": "mcwwindows:prismarine_parapet"
		},
		{
			"weight": 1.0,
			"key": "mcwwindows:prismarine_window"
		},
		{
			"weight": 1.0,
			"key": "mcwwindows:prismarine_window2"
		},
		{
			"weight": 1.0,
			"key": "mcwwindows:purple_curtain"
		},
		{
			"weight": 1.0,
			"key": "mcwwindows:purple_mosaic_glass"
		},
		{
			"weight": 1.0,
			"key": "mcwwindows:purple_mosaic_glass_pane"
		},
		{
			"weight": 1.0,
			"key": "mcwwindows:quartz_four_window"
		},
		{
			"weight": 1.0,
			"key": "mcwwindows:quartz_pane_window"
		},
		{
			"weight": 1.0,
			"key": "mcwwindows:quartz_window"
		},
		{
			"weight": 1.0,
			"key": "mcwwindows:quartz_window2"
		},
		{
			"weight": 1.0,
			"key": "mcwwindows:red_curtain"
		},
		{
			"weight": 1.0,
			"key": "mcwwindows:red_mosaic_glass"
		},
		{
			"weight": 1.0,
			"key": "mcwwindows:red_mosaic_glass_pane"
		},
		{
			"weight": 1.0,
			"key": "mcwwindows:red_sandstone_four_window"
		},
		{
			"weight": 1.0,
			"key": "mcwwindows:red_sandstone_pane_window"
		},
		{
			"weight": 1.0,
			"key": "mcwwindows:red_sandstone_window"
		},
		{
			"weight": 1.0,
			"key": "mcwwindows:red_sandstone_window2"
		},
		{
			"weight": 1.0,
			"key": "mcwwindows:sandstone_four_window"
		},
		{
			"weight": 1.0,
			"key": "mcwwindows:sandstone_pane_window"
		},
		{
			"weight": 1.0,
			"key": "mcwwindows:sandstone_window"
		},
		{
			"weight": 1.0,
			"key": "mcwwindows:sandstone_window2"
		},
		{
			"weight": 1.0,
			"key": "mcwwindows:spruce_blinds"
		},
		{
			"weight": 1.0,
			"key": "mcwwindows:spruce_curtain_rod"
		},
		{
			"weight": 1.0,
			"key": "mcwwindows:spruce_four_window"
		},
		{
			"weight": 1.0,
			"key": "mcwwindows:spruce_log_parapet"
		},
		{
			"weight": 1.0,
			"key": "mcwwindows:spruce_louvered_shutter"
		},
		{
			"weight": 1.0,
			"key": "mcwwindows:spruce_pane_window"
		},
		{
			"weight": 1.0,
			"key": "mcwwindows:spruce_plank_four_window"
		},
		{
			"weight": 1.0,
			"key": "mcwwindows:spruce_plank_pane_window"
		},
		{
			"weight": 1.0,
			"key": "mcwwindows:spruce_plank_parapet"
		},
		{
			"weight": 1.0,
			"key": "mcwwindows:spruce_plank_window"
		},
		{
			"weight": 1.0,
			"key": "mcwwindows:spruce_plank_window2"
		},
		{
			"weight": 1.0,
			"key": "mcwwindows:spruce_shutter"
		},
		{
			"weight": 1.0,
			"key": "mcwwindows:spruce_window"
		},
		{
			"weight": 1.0,
			"key": "mcwwindows:spruce_window2"
		},
		{
			"weight": 1.0,
			"key": "mcwwindows:stone_brick_arrow_slit"
		},
		{
			"weight": 1.0,
			"key": "mcwwindows:stone_brick_gothic"
		},
		{
			"weight": 1.0,
			"key": "mcwwindows:stone_four_window"
		},
		{
			"weight": 1.0,
			"key": "mcwwindows:stone_pane_window"
		},
		{
			"weight": 1.0,
			"key": "mcwwindows:stone_window"
		},
		{
			"weight": 1.0,
			"key": "mcwwindows:stone_window2"
		},
		{
			"weight": 1.0,
			"key": "mcwwindows:stripped_acacia_log_four_window"
		},
		{
			"weight": 1.0,
			"key": "mcwwindows:stripped_acacia_log_window"
		},
		{
			"weight": 1.0,
			"key": "mcwwindows:stripped_acacia_log_window2"
		},
		{
			"weight": 1.0,
			"key": "mcwwindows:stripped_acacia_pane_window"
		},
		{
			"weight": 1.0,
			"key": "mcwwindows:stripped_birch_log_four_window"
		},
		{
			"weight": 1.0,
			"key": "mcwwindows:stripped_birch_log_window"
		},
		{
			"weight": 1.0,
			"key": "mcwwindows:stripped_birch_log_window2"
		},
		{
			"weight": 1.0,
			"key": "mcwwindows:stripped_birch_pane_window"
		},
		{
			"weight": 1.0,
			"key": "mcwwindows:stripped_cherry_log_four_window"
		},
		{
			"weight": 1.0,
			"key": "mcwwindows:stripped_cherry_log_window"
		},
		{
			"weight": 1.0,
			"key": "mcwwindows:stripped_cherry_log_window2"
		},
		{
			"weight": 1.0,
			"key": "mcwwindows:stripped_cherry_pane_window"
		},
		{
			"weight": 1.0,
			"key": "mcwwindows:stripped_crimson_pane_window"
		},
		{
			"weight": 1.0,
			"key": "mcwwindows:stripped_crimson_stem_four_window"
		},
		{
			"weight": 1.0,
			"key": "mcwwindows:stripped_crimson_stem_window"
		},
		{
			"weight": 1.0,
			"key": "mcwwindows:stripped_crimson_stem_window2"
		},
		{
			"weight": 1.0,
			"key": "mcwwindows:stripped_dark_oak_log_four_window"
		},
		{
			"weight": 1.0,
			"key": "mcwwindows:stripped_dark_oak_log_window"
		},
		{
			"weight": 1.0,
			"key": "mcwwindows:stripped_dark_oak_log_window2"
		},
		{
			"weight": 1.0,
			"key": "mcwwindows:stripped_dark_oak_pane_window"
		},
		{
			"weight": 1.0,
			"key": "mcwwindows:stripped_jungle_log_four_window"
		},
		{
			"weight": 1.0,
			"key": "mcwwindows:stripped_jungle_log_window"
		},
		{
			"weight": 1.0,
			"key": "mcwwindows:stripped_jungle_log_window2"
		},
		{
			"weight": 1.0,
			"key": "mcwwindows:stripped_jungle_pane_window"
		},
		{
			"weight": 1.0,
			"key": "mcwwindows:stripped_mangrove_log_four_window"
		},
		{
			"weight": 1.0,
			"key": "mcwwindows:stripped_mangrove_log_window"
		},
		{
			"weight": 1.0,
			"key": "mcwwindows:stripped_mangrove_log_window2"
		},
		{
			"weight": 1.0,
			"key": "mcwwindows:stripped_mangrove_pane_window"
		},
		{
			"weight": 1.0,
			"key": "mcwwindows:stripped_oak_log_four_window"
		},
		{
			"weight": 1.0,
			"key": "mcwwindows:stripped_oak_log_window"
		},
		{
			"weight": 1.0,
			"key": "mcwwindows:stripped_oak_log_window2"
		},
		{
			"weight": 1.0,
			"key": "mcwwindows:stripped_oak_pane_window"
		},
		{
			"weight": 1.0,
			"key": "mcwwindows:stripped_spruce_log_four_window"
		},
		{
			"weight": 1.0,
			"key": "mcwwindows:stripped_spruce_log_window"
		},
		{
			"weight": 1.0,
			"key": "mcwwindows:stripped_spruce_log_window2"
		},
		{
			"weight": 1.0,
			"key": "mcwwindows:stripped_spruce_pane_window"
		},
		{
			"weight": 1.0,
			"key": "mcwwindows:stripped_warped_pane_window"
		},
		{
			"weight": 1.0,
			"key": "mcwwindows:stripped_warped_stem_four_window"
		},
		{
			"weight": 1.0,
			"key": "mcwwindows:stripped_warped_stem_window"
		},
		{
			"weight": 1.0,
			"key": "mcwwindows:stripped_warped_stem_window2"
		},
		{
			"weight": 1.0,
			"key": "mcwwindows:warped_blinds"
		},
		{
			"weight": 1.0,
			"key": "mcwwindows:warped_curtain_rod"
		},
		{
			"weight": 1.0,
			"key": "mcwwindows:warped_louvered_shutter"
		},
		{
			"weight": 1.0,
			"key": "mcwwindows:warped_pane_window"
		},
		{
			"weight": 1.0,
			"key": "mcwwindows:warped_plank_pane_window"
		},
		{
			"weight": 1.0,
			"key": "mcwwindows:warped_plank_parapet"
		},
		{
			"weight": 1.0,
			"key": "mcwwindows:warped_planks_four_window"
		},
		{
			"weight": 1.0,
			"key": "mcwwindows:warped_planks_window"
		},
		{
			"weight": 1.0,
			"key": "mcwwindows:warped_planks_window2"
		},
		{
			"weight": 1.0,
			"key": "mcwwindows:warped_shutter"
		},
		{
			"weight": 1.0,
			"key": "mcwwindows:warped_stem_four_window"
		},
		{
			"weight": 1.0,
			"key": "mcwwindows:warped_stem_parapet"
		},
		{
			"weight": 1.0,
			"key": "mcwwindows:warped_stem_window"
		},
		{
			"weight": 1.0,
			"key": "mcwwindows:warped_stem_window2"
		},
		{
			"weight": 1.0,
			"key": "mcwwindows:white_curtain"
		},
		{
			"weight": 1.0,
			"key": "mcwwindows:white_mosaic_glass"
		},
		{
			"weight": 1.0,
			"key": "mcwwindows:white_mosaic_glass_pane"
		},
		{
			"weight": 1.0,
			"key": "mcwwindows:window_base"
		},
		{
			"weight": 1.0,
			"key": "mcwwindows:window_centre_bar_base"
		},
		{
			"weight": 1.0,
			"key": "mcwwindows:window_half_bar_base"
		},
		{
			"weight": 1.0,
			"key": "mcwwindows:yellow_curtain"
		},
		{
			"weight": 1.0,
			"key": "mcwwindows:yellow_mosaic_glass"
		},
		{
			"weight": 1.0,
			"key": "mcwwindows:yellow_mosaic_glass_pane"
		}
	]
}
