{
	"elements": [
		{
			"weight": 1.0,
			"key": {
				"float": true,
				"laggy": true,
				"Name": "ironchest:copper_chest",
				"top": true,
				"full": false
			}
		},
		{
			"weight": 1.0,
			"key": {
				"float": true,
				"laggy": true,
				"Name": "ironchest:crystal_chest",
				"top": true,
				"full": false
			}
		},
		{
			"weight": 1.0,
			"key": {
				"float": true,
				"laggy": true,
				"Name": "ironchest:diamond_chest",
				"top": true,
				"full": false
			}
		},
		{
			"weight": 1.0,
			"key": {
				"float": true,
				"laggy": true,
				"Name": "ironchest:dirt_chest",
				"top": true,
				"full": false
			}
		},
		{
			"weight": 1.0,
			"key": {
				"float": true,
				"laggy": true,
				"Name": "ironchest:gold_chest",
				"top": true,
				"full": false
			}
		},
		{
			"weight": 1.0,
			"key": {
				"float": true,
				"laggy": true,
				"Name": "ironchest:iron_chest",
				"top": true,
				"full": false
			}
		},
		{
			"weight": 1.0,
			"key": {
				"float": true,
				"laggy": true,
				"Name": "ironchest:obsidian_chest",
				"top": true,
				"full": false
			}
		},
		{
			"weight": 1.0,
			"key": {
				"float": true,
				"laggy": true,
				"Name": "ironchest:trapped_copper_chest",
				"top": true,
				"full": false
			}
		},
		{
			"weight": 1.0,
			"key": {
				"float": true,
				"laggy": true,
				"Name": "ironchest:trapped_crystal_chest",
				"top": true,
				"full": false
			}
		},
		{
			"weight": 1.0,
			"key": {
				"float": true,
				"laggy": true,
				"Name": "ironchest:trapped_diamond_chest",
				"top": true,
				"full": false
			}
		},
		{
			"weight": 1.0,
			"key": {
				"float": true,
				"laggy": true,
				"Name": "ironchest:trapped_dirt_chest",
				"top": true,
				"full": false
			}
		},
		{
			"weight": 1.0,
			"key": {
				"float": true,
				"laggy": true,
				"Name": "ironchest:trapped_gold_chest",
				"top": true,
				"full": false
			}
		},
		{
			"weight": 1.0,
			"key": {
				"float": true,
				"laggy": true,
				"Name": "ironchest:trapped_iron_chest",
				"top": true,
				"full": false
			}
		},
		{
			"weight": 1.0,
			"key": {
				"float": true,
				"laggy": true,
				"Name": "ironchest:trapped_obsidian_chest",
				"top": true,
				"full": false
			}
		}
	]
}
