{
	"elements": [
		{
			"weight": 1.0,
			"key": "immersive_aircraft:airship"
		},
		{
			"weight": 1.0,
			"key": "immersive_aircraft:bamboo_hopper"
		},
		{
			"weight": 1.0,
			"key": "immersive_aircraft:biplane"
		},
		{
			"weight": 1.0,
			"key": "immersive_aircraft:boiler"
		},
		{
			"weight": 1.0,
			"key": "immersive_aircraft:bomb_bay"
		},
		{
			"weight": 1.0,
			"key": "immersive_aircraft:cargo_airship"
		},
		{
			"weight": 1.0,
			"key": "immersive_aircraft:eco_engine"
		},
		{
			"weight": 1.0,
			"key": "immersive_aircraft:engine"
		},
		{
			"weight": 1.0,
			"key": "immersive_aircraft:enhanced_propeller"
		},
		{
			"weight": 1.0,
			"key": "immersive_aircraft:gyrodyne"
		},
		{
			"weight": 1.0,
			"key": "immersive_aircraft:gyroscope"
		},
		{
			"weight": 1.0,
			"key": "immersive_aircraft:heavy_crossbow"
		},
		{
			"weight": 1.0,
			"key": "immersive_aircraft:hull"
		},
		{
			"weight": 1.0,
			"key": "immersive_aircraft:hull_reinforcement"
		},
		{
			"weight": 1.0,
			"key": "immersive_aircraft:improved_landing_gear"
		},
		{
			"weight": 1.0,
			"key": "immersive_aircraft:industrial_gears"
		},
		{
			"weight": 1.0,
			"key": "immersive_aircraft:nether_engine"
		},
		{
			"weight": 1.0,
			"key": "immersive_aircraft:propeller"
		},
		{
			"weight": 1.0,
			"key": "immersive_aircraft:quadrocopter"
		},
		{
			"weight": 1.0,
			"key": "immersive_aircraft:rotary_cannon"
		},
		{
			"weight": 1.0,
			"key": "immersive_aircraft:sail"
		},
		{
			"weight": 1.0,
			"key": "immersive_aircraft:steel_boiler"
		},
		{
			"weight": 1.0,
			"key": "immersive_aircraft:sturdy_pipes"
		},
		{
			"weight": 1.0,
			"key": "immersive_aircraft:telescope"
		},
		{
			"weight": 1.0,
			"key": "immersive_aircraft:warship"
		}
	]
}
