{
	"elements": [
		{
			"weight": 1.0,
			"key": "immersive_aircraft:cannon"
		},
		{
			"weight": 1.0,
			"key": "immersive_aircraft:engine_start"
		},
		{
			"weight": 1.0,
			"key": "immersive_aircraft:engine_start_bamboo_hopper"
		},
		{
			"weight": 1.0,
			"key": "immersive_aircraft:engine_start_warship"
		},
		{
			"weight": 1.0,
			"key": "immersive_aircraft:propeller"
		},
		{
			"weight": 1.0,
			"key": "immersive_aircraft:propeller_bamboo_hopper"
		},
		{
			"weight": 1.0,
			"key": "immersive_aircraft:propeller_small"
		},
		{
			"weight": 1.0,
			"key": "immersive_aircraft:propeller_tiny"
		},
		{
			"weight": 1.0,
			"key": "immersive_aircraft:repair"
		},
		{
			"weight": 1.0,
			"key": "immersive_aircraft:warship"
		},
		{
			"weight": 1.0,
			"key": "immersive_aircraft:woosh"
		}
	]
}
