{
  "infinity_version": 2004002,
  "options": {
    "time_scale": 50.0,
    "sky_type": "rainbow",
    "portal_color": {
      "type": "random"
    },
    "iridescent_map": {
      "type": "random"
    },
    "star_brightness_day": 0.5
  },
  "type": "chaos",
  "generator": {
    "type": "minecraft:noise",
    "settings": {
      "sea_level": 25,
      "disable_mob_generation": false,
      "ore_veins_enabled": false,
      "aquifers_enabled": false,
      "legacy_random_source": false,
      "default_block": {
        "Name": "minecraft:stone"
      },
      "default_fluid": {
        "Name": "minecraft:water"
      },
      "spawn_target": [],
      "noise": {
        "min_y": 0,
        "height": 256,
        "size_horizontal": 2,
        "size_vertical": 2
      },
      "noise_router": {
        "vein_ridged": "infinity:vein_ridged",
        "fluid_level_spread": 0.0,
        "vegetation": "infinity:vegetation",
        "vein_gap": "infinity:vein_gap",
        "continents": "minecraft:overworld/continents",
        "initial_density_without_jaggedness": {
          "argument1": {
            "argument1": {
              "to_y": 32,
              "from_value": 1.0,
              "to_value": 0.0,
              "from_y": 0,
              "type": "minecraft:y_clamped_gradient"
            },
            "argument2": {
              "to_y": 96,
              "from_value": 0.0,
              "to_value": -1.0,
              "from_y": 32,
              "type": "minecraft:y_clamped_gradient"
            },
            "type": "minecraft:add"
          },
          "argument2": {
            "argument1": 0.9,
            "argument2": {
              "y_scale": 2.0,
              "noise": "infinity:noise",
              "xz_scale": 2.0,
              "type": "minecraft:noise"
            },
            "type": "minecraft:mul"
          },
          "type": "minecraft:add"
        },
        "lava": 0.0,
        "barrier": 0.0,
        "depth": {
          "from_value": 1.5,
          "to_y": 256,
          "to_value": -1.5,
          "type": "minecraft:y_clamped_gradient",
          "from_y": 0
        },
        "ridges": "minecraft:overworld/ridges",
        "erosion": "minecraft:overworld/erosion",
        "temperature": "infinity:temperature",
        "final_density": {
          "argument1": {
            "argument1": {
              "to_y": 32,
              "from_value": 1.0,
              "to_value": 0.0,
              "from_y": 0,
              "type": "minecraft:y_clamped_gradient"
            },
            "argument2": {
              "to_y": 96,
              "from_value": 0.0,
              "to_value": -1.0,
              "from_y": 32,
              "type": "minecraft:y_clamped_gradient"
            },
            "type": "minecraft:add"
          },
          "argument2": {
            "argument1": 0.9,
            "argument2": {
              "y_scale": 2.0,
              "noise": "infinity:noise",
              "xz_scale": 2.0,
              "type": "minecraft:noise"
            },
            "type": "minecraft:mul"
          },
          "type": "minecraft:add"
        },
        "vein_toggle": "infinity:vein_toggle",
        "fluid_level_floodedness": 0.0
      },
      "surface_rule": {
        "type": "infinity:chaos"
      }
    },
    "biome_source": {
      "type": "fixed",
      "biome": "infinity:chaos"
    }
  }
}
