{
  "infinity_version": 2004002,
  "type": "chess",
  "options": {
    "portal_color": {
      "type": "checker",
      "values": [
        0,
        16777215
      ]
    },
    "dawn": false,
    "star_brightness_night": 0.0,
    "iridescent_map": {
      "type": "static"
    }
  },
  "generator": {
    "type": "minecraft:noise",
    "settings": {
      "sea_level": 16,
      "disable_mob_generation": false,
      "ore_veins_enabled": false,
      "aquifers_enabled": false,
      "legacy_random_source": false,
      "default_block": {
        "Name": "minecraft:black_concrete"
      },
      "default_fluid": {
        "Name": "minecraft:water"
      },
      "spawn_target": [],
      "noise": {
        "min_y": 0,
        "height": 256,
        "size_horizontal": 2,
        "size_vertical": 2
      },
      "noise_router": {
        "vein_ridged": "infinity:vein_ridged",
        "fluid_level_spread": 0.0,
        "vegetation": "infinity:vegetation",
        "vein_gap": "infinity:vein_gap",
        "continents": "minecraft:overworld/continents",
        "initial_density_without_jaggedness": {
          "to_y": 128,
          "from_value": 1.0,
          "to_value": -1.0,
          "from_y": 0,
          "type": "minecraft:y_clamped_gradient"
        },
        "lava": 0.0,
        "barrier": 0.0,
        "depth": {
          "from_value": 1.5,
          "to_y": 256,
          "to_value": -1.5,
          "type": "minecraft:y_clamped_gradient",
          "from_y": 0
        },
        "ridges": "minecraft:overworld/ridges",
        "erosion": "minecraft:overworld/erosion",
        "temperature": "infinity:temperature",
        "final_density": {
          "to_y": 128,
          "from_value": 1.0,
          "to_value": -1.0,
          "from_y": 0,
          "type": "minecraft:y_clamped_gradient"
        },
        "vein_toggle": "infinity:vein_toggle",
        "fluid_level_floodedness": 0.0
      },
      "surface_rule": {
        "type": "minecraft:sequence",
        "sequence": [
          {
            "type": "minecraft:condition",
            "if_true": {
              "type": "minecraft:not",
              "invert": {
                "type": "y_above",
                "anchor": {
                  "absolute": 1
                },
                "surface_depth_multiplier": 0,
                "add_stone_depth": false
              }
            },
            "then_run": {
              "type": "minecraft:block",
              "result_state": {
                "Name": "minecraft:bedrock"
              }
            }
          },
          {
            "type": "minecraft:condition",
            "if_true": {
              "type": "infinity:checkerboard",
              "size": 12
            },
            "then_run": {
              "type": "minecraft:sequence",
              "sequence": [
                {
                  "type": "minecraft:condition",
                  "if_true": {
                    "type": "y_above",
                    "anchor": {
                      "absolute": 63
                    },
                    "surface_depth_multiplier": 0,
                    "add_stone_depth": false
                  },
                  "then_run": {
                    "type": "minecraft:block",
                    "result_state": {
                      "Name": "minecraft:white_wool"
                    }
                  }
                },
                {
                  "type": "minecraft:block",
                  "result_state": {
                    "Name": "minecraft:white_concrete"
                  }
                }
              ]
            }
          },
          {
            "type": "minecraft:condition",
            "if_true": {
              "type": "y_above",
              "anchor": {
                "absolute": 63
              },
              "surface_depth_multiplier": 0,
              "add_stone_depth": false
            },
            "then_run": {
              "type": "minecraft:block",
              "result_state": {
                "Name": "minecraft:black_wool"
              }
            }
          }
        ]
      }
    },
    "biome_source": {
      "type": "fixed",
      "biome": "infinity:chess"
    }
  }
}
