{
  "infinity_version": 2004002,
  "aliases": "origin",
  "options": {
    "portal_color": 65535,
    "star_size_base": 0.25,
    "star_size_modifier": 0.25,
    "star_brightness_night": 0.75
  },
  "generator": {
    "type": "minecraft:noise",
    "settings": {
      "sea_level": 64,
      "disable_mob_generation": false,
      "ore_veins_enabled": false,
      "aquifers_enabled": false,
      "legacy_random_source": false,
      "default_block": {
        "Name": "minecraft:stone"
      },
      "default_fluid": {
        "Name": "minecraft:water"
      },
      "spawn_target": [],
      "noise": {
        "min_y": 0,
        "height": 128,
        "size_horizontal": 2,
        "size_vertical": 2
      },
      "noise_router": {
        "vein_ridged": "infinity:vein_ridged",
        "fluid_level_spread": 0.0,
        "vegetation": "infinity:vegetation",
        "vein_gap": "infinity:vein_gap",
        "continents": "minecraft:overworld/continents",
        "initial_density_without_jaggedness": 1.0,
        "lava": 0.0,
        "barrier": 0.0,
        "depth": 0.0,
        "ridges": "minecraft:overworld/ridges",
        "erosion": "minecraft:overworld/erosion",
        "temperature": "infinity:temperature",
        "final_density": {
          "type": "infinity:classic",
          "sealevel": 64
        },
        "vein_toggle": "infinity:vein_toggle",
        "fluid_level_floodedness": 0.0
      },
      "surface_rule": {
        "type": "minecraft:sequence",
        "sequence": [
          {
            "type": "minecraft:condition",
            "if_true": {
              "type": "minecraft:stone_depth",
              "add_surface_depth": false,
              "offset": 0,
              "secondary_depth_range": 0,
              "surface_type": "floor"
            },
            "then_run": {
              "type": "minecraft:condition",
              "if_true": {
                "type": "minecraft:water",
                "add_stone_depth": false,
                "offset": -1,
                "surface_depth_multiplier": 0
              },
              "then_run": {
                "type": "minecraft:sequence",
                "sequence": [
                  {
                    "type": "minecraft:condition",
                    "if_true": {
                      "type": "minecraft:water",
                      "add_stone_depth": false,
                      "offset": 0,
                      "surface_depth_multiplier": 0
                    },
                    "then_run": {
                      "type": "minecraft:block",
                      "result_state": {
                        "Name": "minecraft:grass_block",
                        "Properties": {
                          "snowy": "false"
                        }
                      }
                    }
                  },
                  {
                    "type": "minecraft:block",
                    "result_state": {
                      "Name": "minecraft:dirt"
                    }
                  }
                ]
              }
            }
          },
          {
            "type": "minecraft:condition",
            "if_true": {
              "type": "minecraft:water",
              "add_stone_depth": true,
              "offset": -6,
              "surface_depth_multiplier": -1
            },
            "then_run": {
              "type": "minecraft:sequence",
              "sequence": [
                {
                  "type": "minecraft:condition",
                  "if_true": {
                    "type": "minecraft:stone_depth",
                    "add_surface_depth": true,
                    "offset": 0,
                    "secondary_depth_range": 0,
                    "surface_type": "floor"
                  },
                  "then_run": {
                    "type": "minecraft:sequence",
                    "sequence": [
                      {
                        "type": "minecraft:block",
                        "result_state": {
                          "Name": "minecraft:dirt"
                        }
                      }
                    ]
                  }
                }
              ]
            }
          },
          {
            "type": "minecraft:condition",
            "if_true": {
              "type": "minecraft:stone_depth",
              "add_surface_depth": false,
              "offset": 0,
              "secondary_depth_range": 0,
              "surface_type": "floor"
            },
            "then_run": {
              "type": "minecraft:sequence",
              "sequence": [
                {
                  "type": "minecraft:condition",
                  "if_true": {
                    "type": "minecraft:stone_depth",
                    "add_surface_depth": false,
                    "offset": 0,
                    "secondary_depth_range": 0,
                    "surface_type": "ceiling"
                  },
                  "then_run": {
                    "type": "minecraft:block",
                    "result_state": {
                      "Name": "minecraft:stone"
                    }
                  }
                },
                {
                  "type": "minecraft:block",
                  "result_state": {
                    "Name": "minecraft:dirt"
                  }
                }
              ]
            }
          }
        ]
      }
    },
    "biome_source": {
      "type": "fixed",
      "biome": "infinity:classic"
    }
  }
}
