{
  "infinity_version": 2004002,
  "options": {
    "portal_color": {
      "type": "random_hue"
    },
    "sky_type": "rainbow",
    "star_brightness_day": 0.5,
    "star_brightness_night": 1.0,
    "iridescent_map": {
      "type": "noise"
    }
  },
  "type": "chaos",
  "generator": {
    "type": "minecraft:noise",
    "settings": {
      "sea_level": 32,
      "disable_mob_generation": false,
      "ore_veins_enabled": false,
      "aquifers_enabled": false,
      "legacy_random_source": false,
      "default_block": {
        "Name": "minecraft:stone"
      },
      "default_fluid": {
        "Name": "infinity:iridescence"
      },
      "spawn_target": [],
      "noise": {
        "min_y": 0,
        "height": 256,
        "size_horizontal": 2,
        "size_vertical": 2
      },
      "noise_router": {
        "vein_ridged": "infinity:vein_ridged",
        "fluid_level_spread": 0.0,
        "vegetation": "infinity:vegetation",
        "vein_gap": "infinity:vein_gap",
        "continents": "minecraft:overworld/continents",
        "initial_density_without_jaggedness": {
          "argument1": {
            "argument1": {
              "to_y": 32,
              "from_value": 1.0,
              "to_value": 0.0,
              "from_y": 0,
              "type": "minecraft:y_clamped_gradient"
            },
            "argument2": {
              "to_y": 96,
              "from_value": 0.0,
              "to_value": -1.0,
              "from_y": 32,
              "type": "minecraft:y_clamped_gradient"
            },
            "type": "minecraft:add"
          },
          "argument2": {
            "argument1": 0.4,
            "argument2": {
              "y_scale": 2.0,
              "noise": "infinity:noise",
              "xz_scale": 2.0,
              "type": "minecraft:noise"
            },
            "type": "minecraft:mul"
          },
          "type": "minecraft:add"
        },
        "lava": 0.0,
        "barrier": 0.0,
        "depth": {
          "from_value": 1.5,
          "to_y": 256,
          "to_value": -1.5,
          "type": "minecraft:y_clamped_gradient",
          "from_y": 0
        },
        "ridges": "minecraft:overworld/ridges",
        "erosion": "minecraft:overworld/erosion",
        "temperature": "infinity:temperature",
        "final_density": {
          "argument1": {
            "argument1": {
              "to_y": 32,
              "from_value": 1.0,
              "to_value": 0.0,
              "from_y": 0,
              "type": "minecraft:y_clamped_gradient"
            },
            "argument2": {
              "to_y": 96,
              "from_value": 0.0,
              "to_value": -1.0,
              "from_y": 32,
              "type": "minecraft:y_clamped_gradient"
            },
            "type": "minecraft:add"
          },
          "argument2": {
            "argument1": 0.4,
            "argument2": {
              "y_scale": 2.0,
              "noise": "infinity:noise",
              "xz_scale": 2.0,
              "type": "minecraft:noise"
            },
            "type": "minecraft:mul"
          },
          "type": "minecraft:add"
        },
        "vein_toggle": "infinity:vein_toggle",
        "fluid_level_floodedness": 0.0
      },
      "surface_rule": {
        "type": "minecraft:sequence",
        "sequence": [
          {
            "type": "minecraft:condition",
            "if_true": {
              "type": "minecraft:not",
              "invert": {
                "type": "y_above",
                "anchor": {
                  "absolute": 1
                },
                "surface_depth_multiplier": 0,
                "add_stone_depth": false
              }
            },
            "then_run": {
              "type": "minecraft:block",
              "result_state": {
                "Name": "minecraft:bedrock"
              }
            }
          },
          {
            "type": "minecraft:condition",
            "if_true": {
              "type": "minecraft:stone_depth",
              "add_surface_depth": false,
              "offset": 0,
              "secondary_depth_range": 0,
              "surface_type": "floor"
            },
            "then_run": {
              "type": "minecraft:condition",
              "if_true": {
                "type": "minecraft:water",
                "add_stone_depth": false,
                "offset": -1,
                "surface_depth_multiplier": 0
              },
              "then_run": {
                "type": "minecraft:sequence",
                "sequence": [
                  {
                    "type": "minecraft:condition",
                    "if_true": {
                      "type": "minecraft:water",
                      "add_stone_depth": false,
                      "offset": 0,
                      "surface_depth_multiplier": 0
                    },
                    "then_run": {
                      "type": "minecraft:sequence",
                      "sequence": [
                        {
                          "type": "minecraft:condition",
                          "if_true": {
                            "type": "minecraft:y_above",
                            "add_stone_depth": false,
                            "surface_depth_multiplier": 0,
                            "anchor": {
                              "absolute": 31
                            }
                          },
                          "then_run": {
                            "type": "minecraft:condition",
                            "if_true": {
                              "type": "minecraft:not",
                              "invert": {
                                "type": "minecraft:y_above",
                                "add_stone_depth": false,
                                "surface_depth_multiplier": 0,
                                "anchor": {
                                  "absolute": 33
                                }
                              }
                            },
                            "then_run": {
                              "type": "infinity:colored_chaos",
                              "block_type": "concrete_powder"
                            }
                          }
                        },
                        {
                          "type": "infinity:colored_chaos",
                          "block_type": "wool"
                        }
                      ]
                    }
                  },
                  {
                    "type": "infinity:colored_chaos",
                    "block_type": "terracotta"
                  }
                ]
              }
            }
          },
          {
            "type": "minecraft:condition",
            "if_true": {
              "type": "minecraft:water",
              "add_stone_depth": true,
              "offset": -6,
              "surface_depth_multiplier": -1
            },
            "then_run": {
              "type": "minecraft:sequence",
              "sequence": [
                {
                  "type": "minecraft:condition",
                  "if_true": {
                    "type": "minecraft:stone_depth",
                    "add_surface_depth": true,
                    "offset": 0,
                    "secondary_depth_range": 0,
                    "surface_type": "floor"
                  },
                  "then_run": {
                    "type": "minecraft:sequence",
                    "sequence": [
                      {
                        "type": "infinity:colored_chaos",
                        "block_type": "glazed_terracotta"
                      }
                    ]
                  }
                }
              ]
            }
          },
          {
            "type": "infinity:colored_chaos",
            "block_type": "concrete"
          }
        ]
      }
    },
    "biome_source": {
      "type": "fixed",
      "biome": "infinity:colors"
    }
  }
}
