{
  "infinity_version": 2004005,
  "options": {
    "portal_color": 11894492
  },
  "generator": {
    "type": "minecraft:noise",
    "settings": {
      "sea_level": 0,
      "disable_mob_generation": false,
      "ore_veins_enabled": false,
      "aquifers_enabled": false,
      "legacy_random_source": false,
      "default_block": {
        "Name": "minecraft:magenta_stained_glass"
      },
      "default_fluid": {
        "Name": "minecraft:water"
      },
      "spawn_target": [],
      "noise": {
        "min_y": 0,
        "height": 256,
        "size_horizontal": 2,
        "size_vertical": 2
      },
      "noise_router": {
        "vein_ridged": "infinity:vein_ridged",
        "fluid_level_spread": 0.0,
        "vegetation": "infinity:vegetation",
        "vein_gap": "infinity:vein_gap",
        "continents": "minecraft:overworld/continents",
        "initial_density_without_jaggedness": {
          "to_y": 16,
          "from_value": 1.0,
          "to_value": -1.0,
          "from_y": 0,
          "type": "minecraft:y_clamped_gradient"
        },
        "lava": 0.0,
        "barrier": 0.0,
        "depth": {
          "from_value": 1.5,
          "to_y": 256,
          "to_value": -1.5,
          "type": "minecraft:y_clamped_gradient",
          "from_y": 0
        },
        "ridges": "minecraft:overworld/ridges",
        "erosion": "minecraft:overworld/erosion",
        "temperature": "infinity:temperature",
        "final_density": {
          "to_y": 16,
          "from_value": 1.0,
          "to_value": -1.0,
          "from_y": 0,
          "type": "minecraft:y_clamped_gradient"
        },
        "vein_toggle": "infinity:vein_toggle",
        "fluid_level_floodedness": 0.0
      },
      "surface_rule": {
        "sequence": [
          {
            "type": "minecraft:condition",
            "if_true": {
              "add_surface_depth": false,
              "offset": 0,
              "secondary_depth_range": 0,
              "type": "minecraft:stone_depth",
              "surface_type": "floor"
            },
            "then_run": {
              "type": "minecraft:condition",
              "if_true": {
                "text": "Acknowledgements$n----------------------$nMod by LeraRiemann, cassiancc$n$nMusic by ivory rosewood$n$nAdditional code by:$n* BasiqueEvangelist$n* unilock$n$nAlpha testers:$n* MamonaTheGreed$n* Mirakuzura$n* sweetbriar$n$nGolden bug catcher:$n* JustImagineIT$n$nBug catchers:$n* ezioishere$n* MommysDebitCard$n* 0tvechau$n* purplenathaniel$n* bravely-beep$n* tylerb153$n* Lord_Drakostar$n* slomas04$n* Strike_GR$n* TVFLabs$n* krispyking24$n* wknowleskellett$n* CrownScorpion$n* CraftyZombie$n* Pookette$n* anhonestheart$n* hollow_egg$n* zontreck$n* erasemint$n* EssGeeEich$n* CryptidArtha----------------------$nMay contain elephants",
                "type": "infinity:text"
              },
              "then_run": {
                "type": "minecraft:block",
                "result_state": {
                  "Name": "minecraft:ochre_froglight"
                }
              }
            }
          }
        ],
        "type": "minecraft:sequence"
      }
    },
    "biome_source": {
      "type": "fixed",
      "biome": "infinity:pride"
    }
  }
}
