{
  "infinity_version": 2004002,
  "options": {
    "iridescent_map": {
      "type": "circles"
    }
  },
  "generator": {
    "type": "minecraft:noise",
    "settings": {
      "sea_level": 64,
      "disable_mob_generation": false,
      "ore_veins_enabled": false,
      "aquifers_enabled": false,
      "legacy_random_source": false,
      "default_block": {
        "Name": "minecraft:stone"
      },
      "default_fluid": {
        "Name": "minecraft:water"
      },
      "spawn_target": [],
      "noise": {
        "min_y": 0,
        "height": 256,
        "size_horizontal": 2,
        "size_vertical": 2
      },
      "noise_router": {
        "vein_ridged": "infinity:vein_ridged",
        "fluid_level_spread": 0.0,
        "vegetation": "infinity:vegetation",
        "vein_gap": "infinity:vein_gap",
        "continents": "minecraft:overworld/continents",
        "initial_density_without_jaggedness": {
          "argument1": {
            "to_y": 128,
            "from_value": 1.0,
            "to_value": -1.0,
            "from_y": 0,
            "type": "minecraft:y_clamped_gradient"
          },
          "argument2": {
            "argument1": {
              "argument": {
                "scale": 0.01,
                "type": "infinity:coordinate",
                "axis": 0
              },
              "type": "infinity:sin"
            },
            "argument2": 0.2,
            "type": "minecraft:mul"
          },
          "type": "minecraft:add"
        },
        "lava": 0.0,
        "barrier": 0.0,
        "depth": {
          "from_value": 1.5,
          "to_y": 256,
          "to_value": -1.5,
          "type": "minecraft:y_clamped_gradient",
          "from_y": 0
        },
        "ridges": "minecraft:overworld/ridges",
        "erosion": "minecraft:overworld/erosion",
        "temperature": "infinity:temperature",
        "final_density": {
          "argument1": {
            "to_y": 128,
            "from_value": 1.0,
            "to_value": -1.0,
            "from_y": 0,
            "type": "minecraft:y_clamped_gradient"
          },
          "argument2": {
            "argument1": {
              "type": "minecraft:add",
              "argument1": {
                "argument": {
                  "scale": 0.01,
                  "type": "infinity:coordinate",
                  "axis": 1
                },
                "type": "infinity:cos"
              },
              "argument2": {
                "argument": {
                  "scale": 0.01,
                  "type": "infinity:coordinate",
                  "axis": 3
                },
                "type": "infinity:cos"
              }
            },
            "argument2": 0.2,
            "type": "minecraft:mul"
          },
          "type": "minecraft:add"
        },
        "vein_toggle": "infinity:vein_toggle",
        "fluid_level_floodedness": 0.0
      },
      "surface_rule": {
        "type": "minecraft:sequence",
        "sequence": [
          {
            "type": "minecraft:condition",
            "if_true": {
              "true_at_and_below": {
                "above_bottom": 0
              },
              "type": "minecraft:vertical_gradient",
              "false_at_and_above": {
                "above_bottom": 5
              },
              "random_name": "minecraft:bedrock_floor"
            },
            "then_run": {
              "type": "minecraft:block",
              "result_state": {
                "Name": "minecraft:bedrock"
              }
            }
          },
          {
            "type": "minecraft:condition",
            "if_true": {
              "type": "minecraft:stone_depth",
              "add_surface_depth": false,
              "offset": 0,
              "secondary_depth_range": 0,
              "surface_type": "floor"
            },
            "then_run": {
              "type": "minecraft:condition",
              "if_true": {
                "type": "minecraft:water",
                "add_stone_depth": false,
                "offset": -1,
                "surface_depth_multiplier": 0
              },
              "then_run": {
                "type": "minecraft:sequence",
                "sequence": [
                  {
                    "type": "minecraft:condition",
                    "if_true": {
                      "type": "minecraft:water",
                      "add_stone_depth": false,
                      "offset": 0,
                      "surface_depth_multiplier": 0
                    },
                    "then_run": {
                      "type": "minecraft:block",
                      "result_state": {
                        "Name": "minecraft:grass_block",
                        "Properties": {
                          "snowy": "false"
                        }
                      }
                    }
                  },
                  {
                    "type": "minecraft:block",
                    "result_state": {
                      "Name": "minecraft:dirt"
                    }
                  }
                ]
              }
            }
          },
          {
            "type": "minecraft:condition",
            "if_true": {
              "type": "minecraft:water",
              "add_stone_depth": true,
              "offset": -6,
              "surface_depth_multiplier": -1
            },
            "then_run": {
              "type": "minecraft:sequence",
              "sequence": [
                {
                  "type": "minecraft:condition",
                  "if_true": {
                    "type": "minecraft:stone_depth",
                    "add_surface_depth": true,
                    "offset": 0,
                    "secondary_depth_range": 0,
                    "surface_type": "floor"
                  },
                  "then_run": {
                    "type": "minecraft:sequence",
                    "sequence": [
                      {
                        "type": "minecraft:block",
                        "result_state": {
                          "Name": "minecraft:dirt"
                        }
                      }
                    ]
                  }
                }
              ]
            }
          },
          {
            "type": "minecraft:condition",
            "if_true": {
              "type": "minecraft:stone_depth",
              "add_surface_depth": false,
              "offset": 0,
              "secondary_depth_range": 0,
              "surface_type": "floor"
            },
            "then_run": {
              "type": "minecraft:sequence",
              "sequence": [
                {
                  "type": "minecraft:condition",
                  "if_true": {
                    "type": "minecraft:stone_depth",
                    "add_surface_depth": false,
                    "offset": 0,
                    "secondary_depth_range": 0,
                    "surface_type": "ceiling"
                  },
                  "then_run": {
                    "type": "minecraft:block",
                    "result_state": {
                      "Name": "minecraft:stone"
                    }
                  }
                },
                {
                  "type": "minecraft:block",
                  "result_state": {
                    "Name": "minecraft:gravel"
                  }
                }
              ]
            }
          }
        ]
      }
    },
    "biome_source": {
      "type": "fixed",
      "biome": "minecraft:plains"
    }
  }
}
