{
  "infinity_version": 2004002,
  "generator": {
    "type": "minecraft:noise",
    "settings": {
      "sea_level": 16,
      "disable_mob_generation": false,
      "ore_veins_enabled": false,
      "aquifers_enabled": false,
      "legacy_random_source": false,
      "default_block": {
        "Name": "minecraft:dirt"
      },
      "default_fluid": {
        "Name": "minecraft:water"
      },
      "spawn_target": [],
      "noise": {
        "min_y": 0,
        "height": 256,
        "size_horizontal": 2,
        "size_vertical": 2
      },
      "noise_router": {
        "vein_ridged": "infinity:vein_ridged",
        "fluid_level_spread": 0.0,
        "vegetation": "infinity:vegetation",
        "vein_gap": "infinity:vein_gap",
        "continents": "minecraft:overworld/continents",
        "initial_density_without_jaggedness": 0.0,
        "lava": 0.0,
        "barrier": 0.0,
        "depth": {
          "from_value": 1.5,
          "to_y": 256,
          "to_value": -1.5,
          "type": "minecraft:y_clamped_gradient",
          "from_y": 0
        },
        "ridges": "minecraft:overworld/ridges",
        "erosion": "minecraft:overworld/erosion",
        "temperature": "infinity:temperature",
        "final_density": {
          "argument1": {
            "to_y": 64,
            "from_value": 1.0,
            "to_value": -1.0,
            "from_y": 0,
            "type": "minecraft:y_clamped_gradient"
          },
          "argument2": {
            "type": "minecraft:mul",
            "argument1": 0.3,
            "argument2": {
              "type": "minecraft:noise",
              "noise": "infinity:noise",
              "xz_scale": 1.0,
              "y_scale": 1.0
            }
          },
          "type": "minecraft:add"
        },
        "vein_toggle": "infinity:vein_toggle",
        "fluid_level_floodedness": 0.0
      },
      "surface_rule": {
        "type": "minecraft:sequence",
        "sequence": [
          {
            "type": "minecraft:condition",
            "if_true": {
              "type": "minecraft:not",
              "invert": {
                "type": "y_above",
                "anchor": {
                  "absolute": 1
                },
                "surface_depth_multiplier": 0,
                "add_stone_depth": false
              }
            },
            "then_run": {
              "type": "minecraft:block",
              "result_state": {
                "Name": "minecraft:bedrock"
              }
            }
          },
          {
            "type": "minecraft:condition",
            "if_true": {
              "min_threshold": 0.0,
              "max_threshold": 2147483647,
              "noise": "minecraft:nether_state_selector",
              "type": "minecraft:noise_threshold"
            },
            "then_run": {
              "result_state": {
                "Name": "minecraft:coarse_dirt"
              },
              "type": "minecraft:block"
            }
          }
        ]
      }
    },
    "biome_source": {
      "type": "fixed",
      "biome": "infinity:isolation"
    }
  }
}
