{
	"elements": [
		{
			"weight": 1.0,
			"key": "mekanism:advanced_bin"
		},
		{
			"weight": 1.0,
			"key": "mekanism:advanced_chemical_tank"
		},
		{
			"weight": 1.0,
			"key": "mekanism:advanced_combining_factory"
		},
		{
			"weight": 1.0,
			"key": "mekanism:advanced_compressing_factory"
		},
		{
			"weight": 1.0,
			"key": "mekanism:advanced_control_circuit"
		},
		{
			"weight": 1.0,
			"key": "mekanism:advanced_crushing_factory"
		},
		{
			"weight": 1.0,
			"key": "mekanism:advanced_energy_cube"
		},
		{
			"weight": 1.0,
			"key": "mekanism:advanced_enriching_factory"
		},
		{
			"weight": 1.0,
			"key": "mekanism:advanced_fluid_tank"
		},
		{
			"weight": 1.0,
			"key": "mekanism:advanced_induction_cell"
		},
		{
			"weight": 1.0,
			"key": "mekanism:advanced_induction_provider"
		},
		{
			"weight": 1.0,
			"key": "mekanism:advanced_infusing_factory"
		},
		{
			"weight": 1.0,
			"key": "mekanism:advanced_injecting_factory"
		},
		{
			"weight": 1.0,
			"key": "mekanism:advanced_logistical_transporter"
		},
		{
			"weight": 1.0,
			"key": "mekanism:advanced_mechanical_pipe"
		},
		{
			"weight": 1.0,
			"key": "mekanism:advanced_pressurized_tube"
		},
		{
			"weight": 1.0,
			"key": "mekanism:advanced_purifying_factory"
		},
		{
			"weight": 1.0,
			"key": "mekanism:advanced_sawing_factory"
		},
		{
			"weight": 1.0,
			"key": "mekanism:advanced_smelting_factory"
		},
		{
			"weight": 1.0,
			"key": "mekanism:advanced_thermodynamic_conductor"
		},
		{
			"weight": 1.0,
			"key": "mekanism:advanced_tier_installer"
		},
		{
			"weight": 1.0,
			"key": "mekanism:advanced_universal_cable"
		},
		{
			"weight": 1.0,
			"key": "mekanism:alloy_atomic"
		},
		{
			"weight": 1.0,
			"key": "mekanism:alloy_infused"
		},
		{
			"weight": 1.0,
			"key": "mekanism:alloy_reinforced"
		},
		{
			"weight": 1.0,
			"key": "mekanism:antiprotonic_nucleosynthesizer"
		},
		{
			"weight": 1.0,
			"key": "mekanism:atomic_disassembler"
		},
		{
			"weight": 1.0,
			"key": "mekanism:basic_bin"
		},
		{
			"weight": 1.0,
			"key": "mekanism:basic_chemical_tank"
		},
		{
			"weight": 1.0,
			"key": "mekanism:basic_combining_factory"
		},
		{
			"weight": 1.0,
			"key": "mekanism:basic_compressing_factory"
		},
		{
			"weight": 1.0,
			"key": "mekanism:basic_control_circuit"
		},
		{
			"weight": 1.0,
			"key": "mekanism:basic_crushing_factory"
		},
		{
			"weight": 1.0,
			"key": "mekanism:basic_energy_cube"
		},
		{
			"weight": 1.0,
			"key": "mekanism:basic_enriching_factory"
		},
		{
			"weight": 1.0,
			"key": "mekanism:basic_fluid_tank"
		},
		{
			"weight": 1.0,
			"key": "mekanism:basic_induction_cell"
		},
		{
			"weight": 1.0,
			"key": "mekanism:basic_induction_provider"
		},
		{
			"weight": 1.0,
			"key": "mekanism:basic_infusing_factory"
		},
		{
			"weight": 1.0,
			"key": "mekanism:basic_injecting_factory"
		},
		{
			"weight": 1.0,
			"key": "mekanism:basic_logistical_transporter"
		},
		{
			"weight": 1.0,
			"key": "mekanism:basic_mechanical_pipe"
		},
		{
			"weight": 1.0,
			"key": "mekanism:basic_pressurized_tube"
		},
		{
			"weight": 1.0,
			"key": "mekanism:basic_purifying_factory"
		},
		{
			"weight": 1.0,
			"key": "mekanism:basic_sawing_factory"
		},
		{
			"weight": 1.0,
			"key": "mekanism:basic_smelting_factory"
		},
		{
			"weight": 1.0,
			"key": "mekanism:basic_thermodynamic_conductor"
		},
		{
			"weight": 1.0,
			"key": "mekanism:basic_tier_installer"
		},
		{
			"weight": 1.0,
			"key": "mekanism:basic_universal_cable"
		},
		{
			"weight": 1.0,
			"key": "mekanism:bio_fuel"
		},
		{
			"weight": 1.0,
			"key": "mekanism:block_bio_fuel"
		},
		{
			"weight": 1.0,
			"key": "mekanism:block_bronze"
		},
		{
			"weight": 1.0,
			"key": "mekanism:block_charcoal"
		},
		{
			"weight": 1.0,
			"key": "mekanism:block_fluorite"
		},
		{
			"weight": 1.0,
			"key": "mekanism:block_lead"
		},
		{
			"weight": 1.0,
			"key": "mekanism:block_osmium"
		},
		{
			"weight": 1.0,
			"key": "mekanism:block_raw_lead"
		},
		{
			"weight": 1.0,
			"key": "mekanism:block_raw_osmium"
		},
		{
			"weight": 1.0,
			"key": "mekanism:block_raw_tin"
		},
		{
			"weight": 1.0,
			"key": "mekanism:block_raw_uranium"
		},
		{
			"weight": 1.0,
			"key": "mekanism:block_refined_glowstone"
		},
		{
			"weight": 1.0,
			"key": "mekanism:block_refined_obsidian"
		},
		{
			"weight": 1.0,
			"key": "mekanism:block_salt"
		},
		{
			"weight": 1.0,
			"key": "mekanism:block_steel"
		},
		{
			"weight": 1.0,
			"key": "mekanism:block_tin"
		},
		{
			"weight": 1.0,
			"key": "mekanism:block_uranium"
		},
		{
			"weight": 1.0,
			"key": "mekanism:boiler_casing"
		},
		{
			"weight": 1.0,
			"key": "mekanism:boiler_valve"
		},
		{
			"weight": 1.0,
			"key": "mekanism:bounding_block"
		},
		{
			"weight": 1.0,
			"key": "mekanism:brine_bucket"
		},
		{
			"weight": 1.0,
			"key": "mekanism:canteen"
		},
		{
			"weight": 1.0,
			"key": "mekanism:cardboard_box"
		},
		{
			"weight": 1.0,
			"key": "mekanism:chargepad"
		},
		{
			"weight": 1.0,
			"key": "mekanism:chemical_crystallizer"
		},
		{
			"weight": 1.0,
			"key": "mekanism:chemical_dissolution_chamber"
		},
		{
			"weight": 1.0,
			"key": "mekanism:chemical_infuser"
		},
		{
			"weight": 1.0,
			"key": "mekanism:chemical_injection_chamber"
		},
		{
			"weight": 1.0,
			"key": "mekanism:chemical_oxidizer"
		},
		{
			"weight": 1.0,
			"key": "mekanism:chemical_washer"
		},
		{
			"weight": 1.0,
			"key": "mekanism:chlorine_bucket"
		},
		{
			"weight": 1.0,
			"key": "mekanism:clump_copper"
		},
		{
			"weight": 1.0,
			"key": "mekanism:clump_gold"
		},
		{
			"weight": 1.0,
			"key": "mekanism:clump_iron"
		},
		{
			"weight": 1.0,
			"key": "mekanism:clump_lead"
		},
		{
			"weight": 1.0,
			"key": "mekanism:clump_osmium"
		},
		{
			"weight": 1.0,
			"key": "mekanism:clump_tin"
		},
		{
			"weight": 1.0,
			"key": "mekanism:clump_uranium"
		},
		{
			"weight": 1.0,
			"key": "mekanism:combiner"
		},
		{
			"weight": 1.0,
			"key": "mekanism:configuration_card"
		},
		{
			"weight": 1.0,
			"key": "mekanism:configurator"
		},
		{
			"weight": 1.0,
			"key": "mekanism:crafting_formula"
		},
		{
			"weight": 1.0,
			"key": "mekanism:creative_bin"
		},
		{
			"weight": 1.0,
			"key": "mekanism:creative_chemical_tank"
		},
		{
			"weight": 1.0,
			"key": "mekanism:creative_energy_cube"
		},
		{
			"weight": 1.0,
			"key": "mekanism:creative_fluid_tank"
		},
		{
			"weight": 1.0,
			"key": "mekanism:crusher"
		},
		{
			"weight": 1.0,
			"key": "mekanism:crystal_copper"
		},
		{
			"weight": 1.0,
			"key": "mekanism:crystal_gold"
		},
		{
			"weight": 1.0,
			"key": "mekanism:crystal_iron"
		},
		{
			"weight": 1.0,
			"key": "mekanism:crystal_lead"
		},
		{
			"weight": 1.0,
			"key": "mekanism:crystal_osmium"
		},
		{
			"weight": 1.0,
			"key": "mekanism:crystal_tin"
		},
		{
			"weight": 1.0,
			"key": "mekanism:crystal_uranium"
		},
		{
			"weight": 1.0,
			"key": "mekanism:deepslate_fluorite_ore"
		},
		{
			"weight": 1.0,
			"key": "mekanism:deepslate_lead_ore"
		},
		{
			"weight": 1.0,
			"key": "mekanism:deepslate_osmium_ore"
		},
		{
			"weight": 1.0,
			"key": "mekanism:deepslate_tin_ore"
		},
		{
			"weight": 1.0,
			"key": "mekanism:deepslate_uranium_ore"
		},
		{
			"weight": 1.0,
			"key": "mekanism:dictionary"
		},
		{
			"weight": 1.0,
			"key": "mekanism:digital_miner"
		},
		{
			"weight": 1.0,
			"key": "mekanism:dimensional_stabilizer"
		},
		{
			"weight": 1.0,
			"key": "mekanism:dirty_dust_copper"
		},
		{
			"weight": 1.0,
			"key": "mekanism:dirty_dust_gold"
		},
		{
			"weight": 1.0,
			"key": "mekanism:dirty_dust_iron"
		},
		{
			"weight": 1.0,
			"key": "mekanism:dirty_dust_lead"
		},
		{
			"weight": 1.0,
			"key": "mekanism:dirty_dust_osmium"
		},
		{
			"weight": 1.0,
			"key": "mekanism:dirty_dust_tin"
		},
		{
			"weight": 1.0,
			"key": "mekanism:dirty_dust_uranium"
		},
		{
			"weight": 1.0,
			"key": "mekanism:dirty_netherite_scrap"
		},
		{
			"weight": 1.0,
			"key": "mekanism:diversion_transporter"
		},
		{
			"weight": 1.0,
			"key": "mekanism:dosimeter"
		},
		{
			"weight": 1.0,
			"key": "mekanism:dust_bronze"
		},
		{
			"weight": 1.0,
			"key": "mekanism:dust_charcoal"
		},
		{
			"weight": 1.0,
			"key": "mekanism:dust_coal"
		},
		{
			"weight": 1.0,
			"key": "mekanism:dust_copper"
		},
		{
			"weight": 1.0,
			"key": "mekanism:dust_diamond"
		},
		{
			"weight": 1.0,
			"key": "mekanism:dust_emerald"
		},
		{
			"weight": 1.0,
			"key": "mekanism:dust_fluorite"
		},
		{
			"weight": 1.0,
			"key": "mekanism:dust_gold"
		},
		{
			"weight": 1.0,
			"key": "mekanism:dust_iron"
		},
		{
			"weight": 1.0,
			"key": "mekanism:dust_lapis_lazuli"
		},
		{
			"weight": 1.0,
			"key": "mekanism:dust_lead"
		},
		{
			"weight": 1.0,
			"key": "mekanism:dust_lithium"
		},
		{
			"weight": 1.0,
			"key": "mekanism:dust_netherite"
		},
		{
			"weight": 1.0,
			"key": "mekanism:dust_obsidian"
		},
		{
			"weight": 1.0,
			"key": "mekanism:dust_osmium"
		},
		{
			"weight": 1.0,
			"key": "mekanism:dust_quartz"
		},
		{
			"weight": 1.0,
			"key": "mekanism:dust_refined_obsidian"
		},
		{
			"weight": 1.0,
			"key": "mekanism:dust_steel"
		},
		{
			"weight": 1.0,
			"key": "mekanism:dust_sulfur"
		},
		{
			"weight": 1.0,
			"key": "mekanism:dust_tin"
		},
		{
			"weight": 1.0,
			"key": "mekanism:dust_uranium"
		},
		{
			"weight": 1.0,
			"key": "mekanism:dye_base"
		},
		{
			"weight": 1.0,
			"key": "mekanism:dynamic_tank"
		},
		{
			"weight": 1.0,
			"key": "mekanism:dynamic_valve"
		},
		{
			"weight": 1.0,
			"key": "mekanism:electric_bow"
		},
		{
			"weight": 1.0,
			"key": "mekanism:electric_pump"
		},
		{
			"weight": 1.0,
			"key": "mekanism:electrolytic_core"
		},
		{
			"weight": 1.0,
			"key": "mekanism:electrolytic_separator"
		},
		{
			"weight": 1.0,
			"key": "mekanism:elite_bin"
		},
		{
			"weight": 1.0,
			"key": "mekanism:elite_chemical_tank"
		},
		{
			"weight": 1.0,
			"key": "mekanism:elite_combining_factory"
		},
		{
			"weight": 1.0,
			"key": "mekanism:elite_compressing_factory"
		},
		{
			"weight": 1.0,
			"key": "mekanism:elite_control_circuit"
		},
		{
			"weight": 1.0,
			"key": "mekanism:elite_crushing_factory"
		},
		{
			"weight": 1.0,
			"key": "mekanism:elite_energy_cube"
		},
		{
			"weight": 1.0,
			"key": "mekanism:elite_enriching_factory"
		},
		{
			"weight": 1.0,
			"key": "mekanism:elite_fluid_tank"
		},
		{
			"weight": 1.0,
			"key": "mekanism:elite_induction_cell"
		},
		{
			"weight": 1.0,
			"key": "mekanism:elite_induction_provider"
		},
		{
			"weight": 1.0,
			"key": "mekanism:elite_infusing_factory"
		},
		{
			"weight": 1.0,
			"key": "mekanism:elite_injecting_factory"
		},
		{
			"weight": 1.0,
			"key": "mekanism:elite_logistical_transporter"
		},
		{
			"weight": 1.0,
			"key": "mekanism:elite_mechanical_pipe"
		},
		{
			"weight": 1.0,
			"key": "mekanism:elite_pressurized_tube"
		},
		{
			"weight": 1.0,
			"key": "mekanism:elite_purifying_factory"
		},
		{
			"weight": 1.0,
			"key": "mekanism:elite_sawing_factory"
		},
		{
			"weight": 1.0,
			"key": "mekanism:elite_smelting_factory"
		},
		{
			"weight": 1.0,
			"key": "mekanism:elite_thermodynamic_conductor"
		},
		{
			"weight": 1.0,
			"key": "mekanism:elite_tier_installer"
		},
		{
			"weight": 1.0,
			"key": "mekanism:elite_universal_cable"
		},
		{
			"weight": 1.0,
			"key": "mekanism:energized_smelter"
		},
		{
			"weight": 1.0,
			"key": "mekanism:energy_tablet"
		},
		{
			"weight": 1.0,
			"key": "mekanism:enriched_carbon"
		},
		{
			"weight": 1.0,
			"key": "mekanism:enriched_diamond"
		},
		{
			"weight": 1.0,
			"key": "mekanism:enriched_gold"
		},
		{
			"weight": 1.0,
			"key": "mekanism:enriched_iron"
		},
		{
			"weight": 1.0,
			"key": "mekanism:enriched_redstone"
		},
		{
			"weight": 1.0,
			"key": "mekanism:enriched_refined_obsidian"
		},
		{
			"weight": 1.0,
			"key": "mekanism:enriched_tin"
		},
		{
			"weight": 1.0,
			"key": "mekanism:enrichment_chamber"
		},
		{
			"weight": 1.0,
			"key": "mekanism:ethene_bucket"
		},
		{
			"weight": 1.0,
			"key": "mekanism:flamethrower"
		},
		{
			"weight": 1.0,
			"key": "mekanism:fluidic_plenisher"
		},
		{
			"weight": 1.0,
			"key": "mekanism:fluorite_gem"
		},
		{
			"weight": 1.0,
			"key": "mekanism:fluorite_ore"
		},
		{
			"weight": 1.0,
			"key": "mekanism:formulaic_assemblicator"
		},
		{
			"weight": 1.0,
			"key": "mekanism:free_runners"
		},
		{
			"weight": 1.0,
			"key": "mekanism:free_runners_armored"
		},
		{
			"weight": 1.0,
			"key": "mekanism:fuelwood_heater"
		},
		{
			"weight": 1.0,
			"key": "mekanism:gauge_dropper"
		},
		{
			"weight": 1.0,
			"key": "mekanism:geiger_counter"
		},
		{
			"weight": 1.0,
			"key": "mekanism:hazmat_boots"
		},
		{
			"weight": 1.0,
			"key": "mekanism:hazmat_gown"
		},
		{
			"weight": 1.0,
			"key": "mekanism:hazmat_mask"
		},
		{
			"weight": 1.0,
			"key": "mekanism:hazmat_pants"
		},
		{
			"weight": 1.0,
			"key": "mekanism:hdpe_elytra"
		},
		{
			"weight": 1.0,
			"key": "mekanism:hdpe_pellet"
		},
		{
			"weight": 1.0,
			"key": "mekanism:hdpe_rod"
		},
		{
			"weight": 1.0,
			"key": "mekanism:hdpe_sheet"
		},
		{
			"weight": 1.0,
			"key": "mekanism:hdpe_stick"
		},
		{
			"weight": 1.0,
			"key": "mekanism:heavy_water_bucket"
		},
		{
			"weight": 1.0,
			"key": "mekanism:hydrofluoric_acid_bucket"
		},
		{
			"weight": 1.0,
			"key": "mekanism:hydrogen_bucket"
		},
		{
			"weight": 1.0,
			"key": "mekanism:hydrogen_chloride_bucket"
		},
		{
			"weight": 1.0,
			"key": "mekanism:induction_casing"
		},
		{
			"weight": 1.0,
			"key": "mekanism:induction_port"
		},
		{
			"weight": 1.0,
			"key": "mekanism:industrial_alarm"
		},
		{
			"weight": 1.0,
			"key": "mekanism:ingot_bronze"
		},
		{
			"weight": 1.0,
			"key": "mekanism:ingot_lead"
		},
		{
			"weight": 1.0,
			"key": "mekanism:ingot_osmium"
		},
		{
			"weight": 1.0,
			"key": "mekanism:ingot_refined_glowstone"
		},
		{
			"weight": 1.0,
			"key": "mekanism:ingot_refined_obsidian"
		},
		{
			"weight": 1.0,
			"key": "mekanism:ingot_steel"
		},
		{
			"weight": 1.0,
			"key": "mekanism:ingot_tin"
		},
		{
			"weight": 1.0,
			"key": "mekanism:ingot_uranium"
		},
		{
			"weight": 1.0,
			"key": "mekanism:isotopic_centrifuge"
		},
		{
			"weight": 1.0,
			"key": "mekanism:jetpack"
		},
		{
			"weight": 1.0,
			"key": "mekanism:jetpack_armored"
		},
		{
			"weight": 1.0,
			"key": "mekanism:laser"
		},
		{
			"weight": 1.0,
			"key": "mekanism:laser_amplifier"
		},
		{
			"weight": 1.0,
			"key": "mekanism:laser_tractor_beam"
		},
		{
			"weight": 1.0,
			"key": "mekanism:lead_ore"
		},
		{
			"weight": 1.0,
			"key": "mekanism:lithium_bucket"
		},
		{
			"weight": 1.0,
			"key": "mekanism:logistical_sorter"
		},
		{
			"weight": 1.0,
			"key": "mekanism:meka_tool"
		},
		{
			"weight": 1.0,
			"key": "mekanism:mekasuit_bodyarmor"
		},
		{
			"weight": 1.0,
			"key": "mekanism:mekasuit_boots"
		},
		{
			"weight": 1.0,
			"key": "mekanism:mekasuit_helmet"
		},
		{
			"weight": 1.0,
			"key": "mekanism:mekasuit_pants"
		},
		{
			"weight": 1.0,
			"key": "mekanism:metallurgic_infuser"
		},
		{
			"weight": 1.0,
			"key": "mekanism:modification_station"
		},
		{
			"weight": 1.0,
			"key": "mekanism:module_attack_amplification_unit"
		},
		{
			"weight": 1.0,
			"key": "mekanism:module_base"
		},
		{
			"weight": 1.0,
			"key": "mekanism:module_blasting_unit"
		},
		{
			"weight": 1.0,
			"key": "mekanism:module_charge_distribution_unit"
		},
		{
			"weight": 1.0,
			"key": "mekanism:module_color_modulation_unit"
		},
		{
			"weight": 1.0,
			"key": "mekanism:module_dosimeter_unit"
		},
		{
			"weight": 1.0,
			"key": "mekanism:module_electrolytic_breathing_unit"
		},
		{
			"weight": 1.0,
			"key": "mekanism:module_elytra_unit"
		},
		{
			"weight": 1.0,
			"key": "mekanism:module_energy_unit"
		},
		{
			"weight": 1.0,
			"key": "mekanism:module_excavation_escalation_unit"
		},
		{
			"weight": 1.0,
			"key": "mekanism:module_farming_unit"
		},
		{
			"weight": 1.0,
			"key": "mekanism:module_fortune_unit"
		},
		{
			"weight": 1.0,
			"key": "mekanism:module_frost_walker_unit"
		},
		{
			"weight": 1.0,
			"key": "mekanism:module_geiger_unit"
		},
		{
			"weight": 1.0,
			"key": "mekanism:module_gravitational_modulating_unit"
		},
		{
			"weight": 1.0,
			"key": "mekanism:module_gyroscopic_stabilization_unit"
		},
		{
			"weight": 1.0,
			"key": "mekanism:module_hydraulic_propulsion_unit"
		},
		{
			"weight": 1.0,
			"key": "mekanism:module_hydrostatic_repulsor_unit"
		},
		{
			"weight": 1.0,
			"key": "mekanism:module_inhalation_purification_unit"
		},
		{
			"weight": 1.0,
			"key": "mekanism:module_jetpack_unit"
		},
		{
			"weight": 1.0,
			"key": "mekanism:module_laser_dissipation_unit"
		},
		{
			"weight": 1.0,
			"key": "mekanism:module_locomotive_boosting_unit"
		},
		{
			"weight": 1.0,
			"key": "mekanism:module_magnetic_attraction_unit"
		},
		{
			"weight": 1.0,
			"key": "mekanism:module_motorized_servo_unit"
		},
		{
			"weight": 1.0,
			"key": "mekanism:module_nutritional_injection_unit"
		},
		{
			"weight": 1.0,
			"key": "mekanism:module_radiation_shielding_unit"
		},
		{
			"weight": 1.0,
			"key": "mekanism:module_shearing_unit"
		},
		{
			"weight": 1.0,
			"key": "mekanism:module_silk_touch_unit"
		},
		{
			"weight": 1.0,
			"key": "mekanism:module_soul_surfer_unit"
		},
		{
			"weight": 1.0,
			"key": "mekanism:module_teleportation_unit"
		},
		{
			"weight": 1.0,
			"key": "mekanism:module_vein_mining_unit"
		},
		{
			"weight": 1.0,
			"key": "mekanism:module_vision_enhancement_unit"
		},
		{
			"weight": 1.0,
			"key": "mekanism:network_reader"
		},
		{
			"weight": 1.0,
			"key": "mekanism:nugget_bronze"
		},
		{
			"weight": 1.0,
			"key": "mekanism:nugget_lead"
		},
		{
			"weight": 1.0,
			"key": "mekanism:nugget_osmium"
		},
		{
			"weight": 1.0,
			"key": "mekanism:nugget_refined_glowstone"
		},
		{
			"weight": 1.0,
			"key": "mekanism:nugget_refined_obsidian"
		},
		{
			"weight": 1.0,
			"key": "mekanism:nugget_steel"
		},
		{
			"weight": 1.0,
			"key": "mekanism:nugget_tin"
		},
		{
			"weight": 1.0,
			"key": "mekanism:nugget_uranium"
		},
		{
			"weight": 1.0,
			"key": "mekanism:nutritional_liquifier"
		},
		{
			"weight": 1.0,
			"key": "mekanism:nutritional_paste_bucket"
		},
		{
			"weight": 1.0,
			"key": "mekanism:oredictionificator"
		},
		{
			"weight": 1.0,
			"key": "mekanism:osmium_compressor"
		},
		{
			"weight": 1.0,
			"key": "mekanism:osmium_ore"
		},
		{
			"weight": 1.0,
			"key": "mekanism:oxygen_bucket"
		},
		{
			"weight": 1.0,
			"key": "mekanism:painting_machine"
		},
		{
			"weight": 1.0,
			"key": "mekanism:pellet_antimatter"
		},
		{
			"weight": 1.0,
			"key": "mekanism:pellet_plutonium"
		},
		{
			"weight": 1.0,
			"key": "mekanism:pellet_polonium"
		},
		{
			"weight": 1.0,
			"key": "mekanism:personal_barrel"
		},
		{
			"weight": 1.0,
			"key": "mekanism:personal_chest"
		},
		{
			"weight": 1.0,
			"key": "mekanism:pigment_extractor"
		},
		{
			"weight": 1.0,
			"key": "mekanism:pigment_mixer"
		},
		{
			"weight": 1.0,
			"key": "mekanism:portable_qio_dashboard"
		},
		{
			"weight": 1.0,
			"key": "mekanism:portable_teleporter"
		},
		{
			"weight": 1.0,
			"key": "mekanism:precision_sawmill"
		},
		{
			"weight": 1.0,
			"key": "mekanism:pressure_disperser"
		},
		{
			"weight": 1.0,
			"key": "mekanism:pressurized_reaction_chamber"
		},
		{
			"weight": 1.0,
			"key": "mekanism:purification_chamber"
		},
		{
			"weight": 1.0,
			"key": "mekanism:qio_dashboard"
		},
		{
			"weight": 1.0,
			"key": "mekanism:qio_drive_array"
		},
		{
			"weight": 1.0,
			"key": "mekanism:qio_drive_base"
		},
		{
			"weight": 1.0,
			"key": "mekanism:qio_drive_hyper_dense"
		},
		{
			"weight": 1.0,
			"key": "mekanism:qio_drive_supermassive"
		},
		{
			"weight": 1.0,
			"key": "mekanism:qio_drive_time_dilating"
		},
		{
			"weight": 1.0,
			"key": "mekanism:qio_exporter"
		},
		{
			"weight": 1.0,
			"key": "mekanism:qio_importer"
		},
		{
			"weight": 1.0,
			"key": "mekanism:qio_redstone_adapter"
		},
		{
			"weight": 1.0,
			"key": "mekanism:quantum_entangloporter"
		},
		{
			"weight": 1.0,
			"key": "mekanism:radioactive_waste_barrel"
		},
		{
			"weight": 1.0,
			"key": "mekanism:raw_lead"
		},
		{
			"weight": 1.0,
			"key": "mekanism:raw_osmium"
		},
		{
			"weight": 1.0,
			"key": "mekanism:raw_tin"
		},
		{
			"weight": 1.0,
			"key": "mekanism:raw_uranium"
		},
		{
			"weight": 1.0,
			"key": "mekanism:reprocessed_fissile_fragment"
		},
		{
			"weight": 1.0,
			"key": "mekanism:resistive_heater"
		},
		{
			"weight": 1.0,
			"key": "mekanism:restrictive_transporter"
		},
		{
			"weight": 1.0,
			"key": "mekanism:robit"
		},
		{
			"weight": 1.0,
			"key": "mekanism:rotary_condensentrator"
		},
		{
			"weight": 1.0,
			"key": "mekanism:salt"
		},
		{
			"weight": 1.0,
			"key": "mekanism:sawdust"
		},
		{
			"weight": 1.0,
			"key": "mekanism:scuba_mask"
		},
		{
			"weight": 1.0,
			"key": "mekanism:scuba_tank"
		},
		{
			"weight": 1.0,
			"key": "mekanism:security_desk"
		},
		{
			"weight": 1.0,
			"key": "mekanism:seismic_reader"
		},
		{
			"weight": 1.0,
			"key": "mekanism:seismic_vibrator"
		},
		{
			"weight": 1.0,
			"key": "mekanism:shard_copper"
		},
		{
			"weight": 1.0,
			"key": "mekanism:shard_gold"
		},
		{
			"weight": 1.0,
			"key": "mekanism:shard_iron"
		},
		{
			"weight": 1.0,
			"key": "mekanism:shard_lead"
		},
		{
			"weight": 1.0,
			"key": "mekanism:shard_osmium"
		},
		{
			"weight": 1.0,
			"key": "mekanism:shard_tin"
		},
		{
			"weight": 1.0,
			"key": "mekanism:shard_uranium"
		},
		{
			"weight": 1.0,
			"key": "mekanism:sodium_bucket"
		},
		{
			"weight": 1.0,
			"key": "mekanism:solar_neutron_activator"
		},
		{
			"weight": 1.0,
			"key": "mekanism:sps_casing"
		},
		{
			"weight": 1.0,
			"key": "mekanism:sps_port"
		},
		{
			"weight": 1.0,
			"key": "mekanism:steam_bucket"
		},
		{
			"weight": 1.0,
			"key": "mekanism:steel_casing"
		},
		{
			"weight": 1.0,
			"key": "mekanism:structural_glass"
		},
		{
			"weight": 1.0,
			"key": "mekanism:substrate"
		},
		{
			"weight": 1.0,
			"key": "mekanism:sulfur_dioxide_bucket"
		},
		{
			"weight": 1.0,
			"key": "mekanism:sulfur_trioxide_bucket"
		},
		{
			"weight": 1.0,
			"key": "mekanism:sulfuric_acid_bucket"
		},
		{
			"weight": 1.0,
			"key": "mekanism:supercharged_coil"
		},
		{
			"weight": 1.0,
			"key": "mekanism:superheated_sodium_bucket"
		},
		{
			"weight": 1.0,
			"key": "mekanism:superheating_element"
		},
		{
			"weight": 1.0,
			"key": "mekanism:teleportation_core"
		},
		{
			"weight": 1.0,
			"key": "mekanism:teleporter"
		},
		{
			"weight": 1.0,
			"key": "mekanism:teleporter_frame"
		},
		{
			"weight": 1.0,
			"key": "mekanism:thermal_evaporation_block"
		},
		{
			"weight": 1.0,
			"key": "mekanism:thermal_evaporation_controller"
		},
		{
			"weight": 1.0,
			"key": "mekanism:thermal_evaporation_valve"
		},
		{
			"weight": 1.0,
			"key": "mekanism:tin_ore"
		},
		{
			"weight": 1.0,
			"key": "mekanism:ultimate_bin"
		},
		{
			"weight": 1.0,
			"key": "mekanism:ultimate_chemical_tank"
		},
		{
			"weight": 1.0,
			"key": "mekanism:ultimate_combining_factory"
		},
		{
			"weight": 1.0,
			"key": "mekanism:ultimate_compressing_factory"
		},
		{
			"weight": 1.0,
			"key": "mekanism:ultimate_control_circuit"
		},
		{
			"weight": 1.0,
			"key": "mekanism:ultimate_crushing_factory"
		},
		{
			"weight": 1.0,
			"key": "mekanism:ultimate_energy_cube"
		},
		{
			"weight": 1.0,
			"key": "mekanism:ultimate_enriching_factory"
		},
		{
			"weight": 1.0,
			"key": "mekanism:ultimate_fluid_tank"
		},
		{
			"weight": 1.0,
			"key": "mekanism:ultimate_induction_cell"
		},
		{
			"weight": 1.0,
			"key": "mekanism:ultimate_induction_provider"
		},
		{
			"weight": 1.0,
			"key": "mekanism:ultimate_infusing_factory"
		},
		{
			"weight": 1.0,
			"key": "mekanism:ultimate_injecting_factory"
		},
		{
			"weight": 1.0,
			"key": "mekanism:ultimate_logistical_transporter"
		},
		{
			"weight": 1.0,
			"key": "mekanism:ultimate_mechanical_pipe"
		},
		{
			"weight": 1.0,
			"key": "mekanism:ultimate_pressurized_tube"
		},
		{
			"weight": 1.0,
			"key": "mekanism:ultimate_purifying_factory"
		},
		{
			"weight": 1.0,
			"key": "mekanism:ultimate_sawing_factory"
		},
		{
			"weight": 1.0,
			"key": "mekanism:ultimate_smelting_factory"
		},
		{
			"weight": 1.0,
			"key": "mekanism:ultimate_thermodynamic_conductor"
		},
		{
			"weight": 1.0,
			"key": "mekanism:ultimate_tier_installer"
		},
		{
			"weight": 1.0,
			"key": "mekanism:ultimate_universal_cable"
		},
		{
			"weight": 1.0,
			"key": "mekanism:upgrade_anchor"
		},
		{
			"weight": 1.0,
			"key": "mekanism:upgrade_chemical"
		},
		{
			"weight": 1.0,
			"key": "mekanism:upgrade_energy"
		},
		{
			"weight": 1.0,
			"key": "mekanism:upgrade_filter"
		},
		{
			"weight": 1.0,
			"key": "mekanism:upgrade_muffling"
		},
		{
			"weight": 1.0,
			"key": "mekanism:upgrade_speed"
		},
		{
			"weight": 1.0,
			"key": "mekanism:upgrade_stone_generator"
		},
		{
			"weight": 1.0,
			"key": "mekanism:uranium_hexafluoride_bucket"
		},
		{
			"weight": 1.0,
			"key": "mekanism:uranium_ore"
		},
		{
			"weight": 1.0,
			"key": "mekanism:uranium_oxide_bucket"
		},
		{
			"weight": 1.0,
			"key": "mekanism:yellow_cake_uranium"
		}
	]
}
