{
	"elements": [
		{
			"weight": 1.0,
			"key": "mekanism:gui.digital_beep_off"
		},
		{
			"weight": 1.0,
			"key": "mekanism:gui.digital_beep_on"
		},
		{
			"weight": 1.0,
			"key": "mekanism:item.flamethrower.active"
		},
		{
			"weight": 1.0,
			"key": "mekanism:item.flamethrower.idle"
		},
		{
			"weight": 1.0,
			"key": "mekanism:item.geiger_elevated"
		},
		{
			"weight": 1.0,
			"key": "mekanism:item.geiger_fast"
		},
		{
			"weight": 1.0,
			"key": "mekanism:item.geiger_medium"
		},
		{
			"weight": 1.0,
			"key": "mekanism:item.geiger_slow"
		},
		{
			"weight": 1.0,
			"key": "mekanism:item.gravitational_modulation_unit"
		},
		{
			"weight": 1.0,
			"key": "mekanism:item.hydraulic"
		},
		{
			"weight": 1.0,
			"key": "mekanism:item.jetpack"
		},
		{
			"weight": 1.0,
			"key": "mekanism:item.scuba_mask"
		},
		{
			"weight": 1.0,
			"key": "mekanism:tile.christmas.1"
		},
		{
			"weight": 1.0,
			"key": "mekanism:tile.christmas.2"
		},
		{
			"weight": 1.0,
			"key": "mekanism:tile.christmas.3"
		},
		{
			"weight": 1.0,
			"key": "mekanism:tile.christmas.4"
		},
		{
			"weight": 1.0,
			"key": "mekanism:tile.christmas.5"
		},
		{
			"weight": 1.0,
			"key": "mekanism:tile.machine.antiprotonic_nucleosynthesizer"
		},
		{
			"weight": 1.0,
			"key": "mekanism:tile.machine.chargepad"
		},
		{
			"weight": 1.0,
			"key": "mekanism:tile.machine.chemical_crystallizer"
		},
		{
			"weight": 1.0,
			"key": "mekanism:tile.machine.chemical_dissolution_chamber"
		},
		{
			"weight": 1.0,
			"key": "mekanism:tile.machine.chemical_infuser"
		},
		{
			"weight": 1.0,
			"key": "mekanism:tile.machine.chemical_injection_chamber"
		},
		{
			"weight": 1.0,
			"key": "mekanism:tile.machine.chemical_oxidizer"
		},
		{
			"weight": 1.0,
			"key": "mekanism:tile.machine.chemical_washer"
		},
		{
			"weight": 1.0,
			"key": "mekanism:tile.machine.combiner"
		},
		{
			"weight": 1.0,
			"key": "mekanism:tile.machine.compressor"
		},
		{
			"weight": 1.0,
			"key": "mekanism:tile.machine.crusher"
		},
		{
			"weight": 1.0,
			"key": "mekanism:tile.machine.electrolytic_separator"
		},
		{
			"weight": 1.0,
			"key": "mekanism:tile.machine.energized_smelter"
		},
		{
			"weight": 1.0,
			"key": "mekanism:tile.machine.enrichment_chamber"
		},
		{
			"weight": 1.0,
			"key": "mekanism:tile.machine.industrial_alarm"
		},
		{
			"weight": 1.0,
			"key": "mekanism:tile.machine.isotopic_centrifuge"
		},
		{
			"weight": 1.0,
			"key": "mekanism:tile.machine.laser"
		},
		{
			"weight": 1.0,
			"key": "mekanism:tile.machine.logistical_sorter"
		},
		{
			"weight": 1.0,
			"key": "mekanism:tile.machine.metallurgic_infuser"
		},
		{
			"weight": 1.0,
			"key": "mekanism:tile.machine.nutritional_liquifier"
		},
		{
			"weight": 1.0,
			"key": "mekanism:tile.machine.painting_machine"
		},
		{
			"weight": 1.0,
			"key": "mekanism:tile.machine.pigment_extractor"
		},
		{
			"weight": 1.0,
			"key": "mekanism:tile.machine.pigment_mixer"
		},
		{
			"weight": 1.0,
			"key": "mekanism:tile.machine.precision_sawmill"
		},
		{
			"weight": 1.0,
			"key": "mekanism:tile.machine.pressurized_reaction_chamber"
		},
		{
			"weight": 1.0,
			"key": "mekanism:tile.machine.purification_chamber"
		},
		{
			"weight": 1.0,
			"key": "mekanism:tile.machine.resistive_heater"
		},
		{
			"weight": 1.0,
			"key": "mekanism:tile.machine.rotary_condensentrator"
		},
		{
			"weight": 1.0,
			"key": "mekanism:tile.machine.sps"
		}
	]
}
