{
	"elements": [
		{
			"weight": 1.0,
			"key": "mekanism:atomic_disassembler_ore"
		},
		{
			"weight": 1.0,
			"key": "mekanism:cardboard_blacklist"
		},
		{
			"weight": 1.0,
			"key": "mekanism:farming_override"
		},
		{
			"weight": 1.0,
			"key": "mekanism:incorrect_for_disassembler"
		},
		{
			"weight": 1.0,
			"key": "mekanism:incorrect_for_meka_tool"
		},
		{
			"weight": 1.0,
			"key": "mekanism:miner_blacklist"
		},
		{
			"weight": 1.0,
			"key": "mekanism:personal_storage"
		}
	]
}
