{
	"elements": [
		{
			"weight": 1.0,
			"key": "biomesoplenty:music.nether.crystalline_chasm"
		},
		{
			"weight": 1.0,
			"key": "biomesoplenty:music.nether.erupting_inferno"
		},
		{
			"weight": 1.0,
			"key": "biomesoplenty:music.nether.undergrowth"
		},
		{
			"weight": 1.0,
			"key": "biomesoplenty:music.nether.visceral_heap"
		},
		{
			"weight": 1.0,
			"key": "biomesoplenty:music.nether.withered_abyss"
		},
		{
			"weight": 1.0,
			"key": "biomesoplenty:music.overworld.origin_valley"
		},
		{
			"weight": 1.0,
			"key": "biomesoplenty:music_disc.wanderer"
		}
	]
}
