{
	"elements": [
		{
			"weight": 1.0,
			"key": {
				"Color": 13746762,
				"Name": "biomesoplenty:aspen_glade"
			}
		},
		{
			"weight": 1.0,
			"key": {
				"Color": 10876919,
				"Name": "biomesoplenty:auroral_garden"
			}
		},
		{
			"weight": 1.0,
			"key": {
				"Color": 9165671,
				"Name": "biomesoplenty:bayou"
			}
		},
		{
			"weight": 1.0,
			"key": {
				"Color": 13008731,
				"Name": "biomesoplenty:bog"
			}
		},
		{
			"weight": 1.0,
			"key": {
				"Color": 11904876,
				"Name": "biomesoplenty:cold_desert"
			}
		},
		{
			"weight": 1.0,
			"key": {
				"Color": -9329070,
				"Name": "biomesoplenty:coniferous_forest"
			}
		},
		{
			"weight": 1.0,
			"key": {
				"Color": -9721536,
				"Name": "biomesoplenty:crag"
			}
		},
		{
			"weight": 1.0,
			"key": {
				"Color": -5331926,
				"Name": "biomesoplenty:crystalline_chasm"
			}
		},
		{
			"weight": 1.0,
			"key": {
				"Color": 12040035,
				"Name": "biomesoplenty:dead_forest"
			}
		},
		{
			"weight": 1.0,
			"key": {
				"Color": 14344371,
				"Name": "biomesoplenty:dryland"
			}
		},
		{
			"weight": 1.0,
			"key": {
				"Color": -8869574,
				"Name": "biomesoplenty:dune_beach"
			}
		},
		{
			"weight": 1.0,
			"key": {
				"Color": 4764952,
				"Name": "biomesoplenty:end_corruption"
			}
		},
		{
			"weight": 1.0,
			"key": {
				"Color": 15073276,
				"Name": "biomesoplenty:end_reef"
			}
		},
		{
			"weight": 1.0,
			"key": {
				"Color": 15381341,
				"Name": "biomesoplenty:end_wilds"
			}
		},
		{
			"weight": 1.0,
			"key": {
				"Color": -5331926,
				"Name": "biomesoplenty:erupting_inferno"
			}
		},
		{
			"weight": 1.0,
			"key": {
				"Color": 6533741,
				"Name": "biomesoplenty:field"
			}
		},
		{
			"weight": 1.0,
			"key": {
				"Color": -9329070,
				"Name": "biomesoplenty:fir_clearing"
			}
		},
		{
			"weight": 1.0,
			"key": {
				"Color": 6016293,
				"Name": "biomesoplenty:floodplain"
			}
		},
		{
			"weight": 1.0,
			"key": {
				"Color": 6533741,
				"Name": "biomesoplenty:forested_field"
			}
		},
		{
			"weight": 1.0,
			"key": {
				"Color": 14738722,
				"Name": "biomesoplenty:fungal_jungle"
			}
		},
		{
			"weight": 1.0,
			"key": {
				"Color": -9328819,
				"Name": "biomesoplenty:glowing_grotto"
			}
		},
		{
			"weight": 1.0,
			"key": {
				"Color": 6993519,
				"Name": "biomesoplenty:grassland"
			}
		},
		{
			"weight": 1.0,
			"key": {
				"Color": -9329070,
				"Name": "biomesoplenty:gravel_beach"
			}
		},
		{
			"weight": 1.0,
			"key": {
				"Color": -9721536,
				"Name": "biomesoplenty:highland"
			}
		},
		{
			"weight": 1.0,
			"key": {
				"Color": 6332795,
				"Name": "biomesoplenty:hot_springs"
			}
		},
		{
			"weight": 1.0,
			"key": {
				"Color": 8634480,
				"Name": "biomesoplenty:jacaranda_glade"
			}
		},
		{
			"weight": 1.0,
			"key": {
				"Color": 9156462,
				"Name": "biomesoplenty:jade_cliffs"
			}
		},
		{
			"weight": 1.0,
			"key": {
				"Color": 10601325,
				"Name": "biomesoplenty:lavender_field"
			}
		},
		{
			"weight": 1.0,
			"key": {
				"Color": 13881686,
				"Name": "biomesoplenty:lush_desert"
			}
		},
		{
			"weight": 1.0,
			"key": {
				"Color": 13881686,
				"Name": "biomesoplenty:lush_savanna"
			}
		},
		{
			"weight": 1.0,
			"key": {
				"Color": -9591962,
				"Name": "biomesoplenty:maple_woods"
			}
		},
		{
			"weight": 1.0,
			"key": {
				"Color": -10310599,
				"Name": "biomesoplenty:marsh"
			}
		},
		{
			"weight": 1.0,
			"key": {
				"Color": -8148685,
				"Name": "biomesoplenty:mediterranean_forest"
			}
		},
		{
			"weight": 1.0,
			"key": {
				"Color": 7914605,
				"Name": "biomesoplenty:moor"
			}
		},
		{
			"weight": 1.0,
			"key": {
				"Color": 9280363,
				"Name": "biomesoplenty:muskeg"
			}
		},
		{
			"weight": 1.0,
			"key": {
				"Color": 7397557,
				"Name": "biomesoplenty:mystic_grove"
			}
		},
		{
			"weight": 1.0,
			"key": {
				"Color": 12040035,
				"Name": "biomesoplenty:old_growth_dead_forest"
			}
		},
		{
			"weight": 1.0,
			"key": {
				"Color": 8762376,
				"Name": "biomesoplenty:old_growth_woodland"
			}
		},
		{
			"weight": 1.0,
			"key": {
				"Color": 7030908,
				"Name": "biomesoplenty:ominous_woods"
			}
		},
		{
			"weight": 1.0,
			"key": {
				"Color": 13236061,
				"Name": "biomesoplenty:orchard"
			}
		},
		{
			"weight": 1.0,
			"key": {
				"Color": 3866368,
				"Name": "biomesoplenty:origin_valley"
			}
		},
		{
			"weight": 1.0,
			"key": {
				"Color": 5618801,
				"Name": "biomesoplenty:overgrown_greens"
			}
		},
		{
			"weight": 1.0,
			"key": {
				"Color": 13100658,
				"Name": "biomesoplenty:pasture"
			}
		},
		{
			"weight": 1.0,
			"key": {
				"Color": 13100658,
				"Name": "biomesoplenty:prairie"
			}
		},
		{
			"weight": 1.0,
			"key": {
				"Color": 13553994,
				"Name": "biomesoplenty:pumpkin_patch"
			}
		},
		{
			"weight": 1.0,
			"key": {
				"Color": 8970560,
				"Name": "biomesoplenty:rainforest"
			}
		},
		{
			"weight": 1.0,
			"key": {
				"Color": 9355074,
				"Name": "biomesoplenty:redwood_forest"
			}
		},
		{
			"weight": 1.0,
			"key": {
				"Color": 8970560,
				"Name": "biomesoplenty:rocky_rainforest"
			}
		},
		{
			"weight": 1.0,
			"key": {
				"Color": -7560118,
				"Name": "biomesoplenty:rocky_shrubland"
			}
		},
		{
			"weight": 1.0,
			"key": {
				"Color": -6772444,
				"Name": "biomesoplenty:scrubland"
			}
		},
		{
			"weight": 1.0,
			"key": {
				"Color": 13742666,
				"Name": "biomesoplenty:seasonal_forest"
			}
		},
		{
			"weight": 1.0,
			"key": {
				"Color": -7560118,
				"Name": "biomesoplenty:shrubland"
			}
		},
		{
			"weight": 1.0,
			"key": {
				"Color": 7705454,
				"Name": "biomesoplenty:snowblossom_grove"
			}
		},
		{
			"weight": 1.0,
			"key": {
				"Color": -10444421,
				"Name": "biomesoplenty:snowy_coniferous_forest"
			}
		},
		{
			"weight": 1.0,
			"key": {
				"Color": -10444421,
				"Name": "biomesoplenty:snowy_fir_clearing"
			}
		},
		{
			"weight": 1.0,
			"key": {
				"Color": -10444421,
				"Name": "biomesoplenty:snowy_maple_woods"
			}
		},
		{
			"weight": 1.0,
			"key": {
				"Color": -9328819,
				"Name": "biomesoplenty:spider_nest"
			}
		},
		{
			"weight": 1.0,
			"key": {
				"Color": -14435065,
				"Name": "biomesoplenty:tropics"
			}
		},
		{
			"weight": 1.0,
			"key": {
				"Color": 12949340,
				"Name": "biomesoplenty:tundra"
			}
		},
		{
			"weight": 1.0,
			"key": {
				"Color": -5331926,
				"Name": "biomesoplenty:undergrowth"
			}
		},
		{
			"weight": 1.0,
			"key": {
				"Color": -5331926,
				"Name": "biomesoplenty:visceral_heap"
			}
		},
		{
			"weight": 1.0,
			"key": {
				"Color": 5537090,
				"Name": "biomesoplenty:volcanic_plains"
			}
		},
		{
			"weight": 1.0,
			"key": {
				"Color": 5537090,
				"Name": "biomesoplenty:volcano"
			}
		},
		{
			"weight": 1.0,
			"key": {
				"Color": 11904876,
				"Name": "biomesoplenty:wasteland"
			}
		},
		{
			"weight": 1.0,
			"key": {
				"Color": 13091727,
				"Name": "biomesoplenty:wasteland_steppe"
			}
		},
		{
			"weight": 1.0,
			"key": {
				"Color": 5215831,
				"Name": "biomesoplenty:wetland"
			}
		},
		{
			"weight": 1.0,
			"key": {
				"Color": 3866368,
				"Name": "biomesoplenty:wintry_origin_valley"
			}
		},
		{
			"weight": 1.0,
			"key": {
				"Color": 3222582,
				"Name": "biomesoplenty:withered_abyss"
			}
		},
		{
			"weight": 1.0,
			"key": {
				"Color": 8762376,
				"Name": "biomesoplenty:woodland"
			}
		}
	]
}
