{
	"elements": [
		{
			"weight": 1.0,
			"key": {
				"Type": "entity",
				"Name": "endermanoverhaul:entities/badlands_enderman"
			}
		},
		{
			"weight": 1.0,
			"key": {
				"Type": "entity",
				"Name": "endermanoverhaul:entities/cave_enderman"
			}
		},
		{
			"weight": 1.0,
			"key": {
				"Type": "entity",
				"Name": "endermanoverhaul:entities/coral_enderman"
			}
		},
		{
			"weight": 1.0,
			"key": {
				"Type": "entity",
				"Name": "endermanoverhaul:entities/crimson_forest_enderman"
			}
		},
		{
			"weight": 1.0,
			"key": {
				"Type": "entity",
				"Name": "endermanoverhaul:entities/dark_oak_enderman"
			}
		},
		{
			"weight": 1.0,
			"key": {
				"Type": "entity",
				"Name": "endermanoverhaul:entities/desert_enderman"
			}
		},
		{
			"weight": 1.0,
			"key": {
				"Type": "entity",
				"Name": "endermanoverhaul:entities/end_enderman"
			}
		},
		{
			"weight": 1.0,
			"key": {
				"Type": "entity",
				"Name": "endermanoverhaul:entities/end_islands_enderman"
			}
		},
		{
			"weight": 1.0,
			"key": {
				"Type": "entity",
				"Name": "endermanoverhaul:entities/flower_fields_enderman"
			}
		},
		{
			"weight": 1.0,
			"key": {
				"Type": "entity",
				"Name": "endermanoverhaul:entities/ice_spikes_enderman"
			}
		},
		{
			"weight": 1.0,
			"key": {
				"Type": "entity",
				"Name": "endermanoverhaul:entities/mushroom_fields_enderman"
			}
		},
		{
			"weight": 1.0,
			"key": {
				"Type": "entity",
				"Name": "endermanoverhaul:entities/nether_wastes_enderman"
			}
		},
		{
			"weight": 1.0,
			"key": {
				"Type": "entity",
				"Name": "endermanoverhaul:entities/savanna_enderman"
			}
		},
		{
			"weight": 1.0,
			"key": {
				"Type": "entity",
				"Name": "endermanoverhaul:entities/snowy_enderman"
			}
		},
		{
			"weight": 1.0,
			"key": {
				"Type": "entity",
				"Name": "endermanoverhaul:entities/soulsand_valley_enderman"
			}
		},
		{
			"weight": 1.0,
			"key": {
				"Type": "entity",
				"Name": "endermanoverhaul:entities/swamp_enderman"
			}
		},
		{
			"weight": 1.0,
			"key": {
				"Type": "entity",
				"Name": "endermanoverhaul:entities/warped_forest_enderman"
			}
		},
		{
			"weight": 1.0,
			"key": {
				"Type": "entity",
				"Name": "endermanoverhaul:entities/windswept_hills_enderman"
			}
		}
	]
}
