{
	"elements": [
		{
			"weight": 1.0,
			"key": {
				"Name": "endermanoverhaul:axolotl_pet_enderman",
				"Category": "creature"
			}
		},
		{
			"weight": 1.0,
			"key": {
				"Name": "endermanoverhaul:badlands_enderman",
				"Category": "monster"
			}
		},
		{
			"weight": 1.0,
			"key": {
				"Name": "endermanoverhaul:cave_enderman",
				"Category": "monster"
			}
		},
		{
			"weight": 1.0,
			"key": {
				"Name": "endermanoverhaul:coral_enderman",
				"Category": "monster"
			}
		},
		{
			"weight": 1.0,
			"key": {
				"Name": "endermanoverhaul:crimson_forest_enderman",
				"Category": "monster"
			}
		},
		{
			"weight": 1.0,
			"key": {
				"Name": "endermanoverhaul:dark_oak_enderman",
				"Category": "monster"
			}
		},
		{
			"weight": 1.0,
			"key": {
				"Name": "endermanoverhaul:desert_enderman",
				"Category": "monster"
			}
		},
		{
			"weight": 1.0,
			"key": {
				"Name": "endermanoverhaul:end_enderman",
				"Category": "monster"
			}
		},
		{
			"weight": 1.0,
			"key": {
				"Name": "endermanoverhaul:end_islands_enderman",
				"Category": "monster"
			}
		},
		{
			"weight": 1.0,
			"key": {
				"Name": "endermanoverhaul:flower_fields_enderman",
				"Category": "creature"
			}
		},
		{
			"weight": 1.0,
			"key": {
				"Name": "endermanoverhaul:hammerhead_pet_enderman",
				"Category": "creature"
			}
		},
		{
			"weight": 1.0,
			"key": {
				"Name": "endermanoverhaul:ice_spikes_enderman",
				"Category": "monster"
			}
		},
		{
			"weight": 1.0,
			"key": {
				"Name": "endermanoverhaul:mushroom_fields_enderman",
				"Category": "creature"
			}
		},
		{
			"weight": 1.0,
			"key": {
				"Name": "endermanoverhaul:nether_wastes_enderman",
				"Category": "monster"
			}
		},
		{
			"weight": 1.0,
			"key": {
				"Name": "endermanoverhaul:pet_enderman",
				"Category": "creature"
			}
		},
		{
			"weight": 1.0,
			"key": {
				"Name": "endermanoverhaul:savanna_enderman",
				"Category": "monster"
			}
		},
		{
			"weight": 1.0,
			"key": {
				"Name": "endermanoverhaul:scarab",
				"Category": "monster"
			}
		},
		{
			"weight": 1.0,
			"key": {
				"Name": "endermanoverhaul:snowy_enderman",
				"Category": "monster"
			}
		},
		{
			"weight": 1.0,
			"key": {
				"Name": "endermanoverhaul:soulsand_valley_enderman",
				"Category": "monster"
			}
		},
		{
			"weight": 1.0,
			"key": {
				"Name": "endermanoverhaul:spirit",
				"Category": "monster"
			}
		},
		{
			"weight": 1.0,
			"key": {
				"Name": "endermanoverhaul:swamp_enderman",
				"Category": "monster"
			}
		},
		{
			"weight": 1.0,
			"key": {
				"Name": "endermanoverhaul:warped_forest_enderman",
				"Category": "monster"
			}
		},
		{
			"weight": 1.0,
			"key": {
				"Name": "endermanoverhaul:windswept_hills_enderman",
				"Category": "monster"
			}
		}
	]
}
