{
	"elements": [
		{
			"weight": 1.0,
			"key": "mekanismtools:bronze_axe"
		},
		{
			"weight": 1.0,
			"key": "mekanismtools:bronze_boots"
		},
		{
			"weight": 1.0,
			"key": "mekanismtools:bronze_chestplate"
		},
		{
			"weight": 1.0,
			"key": "mekanismtools:bronze_helmet"
		},
		{
			"weight": 1.0,
			"key": "mekanismtools:bronze_hoe"
		},
		{
			"weight": 1.0,
			"key": "mekanismtools:bronze_leggings"
		},
		{
			"weight": 1.0,
			"key": "mekanismtools:bronze_paxel"
		},
		{
			"weight": 1.0,
			"key": "mekanismtools:bronze_pickaxe"
		},
		{
			"weight": 1.0,
			"key": "mekanismtools:bronze_shield"
		},
		{
			"weight": 1.0,
			"key": "mekanismtools:bronze_shovel"
		},
		{
			"weight": 1.0,
			"key": "mekanismtools:bronze_sword"
		},
		{
			"weight": 1.0,
			"key": "mekanismtools:diamond_paxel"
		},
		{
			"weight": 1.0,
			"key": "mekanismtools:gold_paxel"
		},
		{
			"weight": 1.0,
			"key": "mekanismtools:iron_paxel"
		},
		{
			"weight": 1.0,
			"key": "mekanismtools:lapis_lazuli_axe"
		},
		{
			"weight": 1.0,
			"key": "mekanismtools:lapis_lazuli_boots"
		},
		{
			"weight": 1.0,
			"key": "mekanismtools:lapis_lazuli_chestplate"
		},
		{
			"weight": 1.0,
			"key": "mekanismtools:lapis_lazuli_helmet"
		},
		{
			"weight": 1.0,
			"key": "mekanismtools:lapis_lazuli_hoe"
		},
		{
			"weight": 1.0,
			"key": "mekanismtools:lapis_lazuli_leggings"
		},
		{
			"weight": 1.0,
			"key": "mekanismtools:lapis_lazuli_paxel"
		},
		{
			"weight": 1.0,
			"key": "mekanismtools:lapis_lazuli_pickaxe"
		},
		{
			"weight": 1.0,
			"key": "mekanismtools:lapis_lazuli_shield"
		},
		{
			"weight": 1.0,
			"key": "mekanismtools:lapis_lazuli_shovel"
		},
		{
			"weight": 1.0,
			"key": "mekanismtools:lapis_lazuli_sword"
		},
		{
			"weight": 1.0,
			"key": "mekanismtools:netherite_paxel"
		},
		{
			"weight": 1.0,
			"key": "mekanismtools:osmium_axe"
		},
		{
			"weight": 1.0,
			"key": "mekanismtools:osmium_boots"
		},
		{
			"weight": 1.0,
			"key": "mekanismtools:osmium_chestplate"
		},
		{
			"weight": 1.0,
			"key": "mekanismtools:osmium_helmet"
		},
		{
			"weight": 1.0,
			"key": "mekanismtools:osmium_hoe"
		},
		{
			"weight": 1.0,
			"key": "mekanismtools:osmium_leggings"
		},
		{
			"weight": 1.0,
			"key": "mekanismtools:osmium_paxel"
		},
		{
			"weight": 1.0,
			"key": "mekanismtools:osmium_pickaxe"
		},
		{
			"weight": 1.0,
			"key": "mekanismtools:osmium_shield"
		},
		{
			"weight": 1.0,
			"key": "mekanismtools:osmium_shovel"
		},
		{
			"weight": 1.0,
			"key": "mekanismtools:osmium_sword"
		},
		{
			"weight": 1.0,
			"key": "mekanismtools:refined_glowstone_axe"
		},
		{
			"weight": 1.0,
			"key": "mekanismtools:refined_glowstone_boots"
		},
		{
			"weight": 1.0,
			"key": "mekanismtools:refined_glowstone_chestplate"
		},
		{
			"weight": 1.0,
			"key": "mekanismtools:refined_glowstone_helmet"
		},
		{
			"weight": 1.0,
			"key": "mekanismtools:refined_glowstone_hoe"
		},
		{
			"weight": 1.0,
			"key": "mekanismtools:refined_glowstone_leggings"
		},
		{
			"weight": 1.0,
			"key": "mekanismtools:refined_glowstone_paxel"
		},
		{
			"weight": 1.0,
			"key": "mekanismtools:refined_glowstone_pickaxe"
		},
		{
			"weight": 1.0,
			"key": "mekanismtools:refined_glowstone_shield"
		},
		{
			"weight": 1.0,
			"key": "mekanismtools:refined_glowstone_shovel"
		},
		{
			"weight": 1.0,
			"key": "mekanismtools:refined_glowstone_sword"
		},
		{
			"weight": 1.0,
			"key": "mekanismtools:refined_obsidian_axe"
		},
		{
			"weight": 1.0,
			"key": "mekanismtools:refined_obsidian_boots"
		},
		{
			"weight": 1.0,
			"key": "mekanismtools:refined_obsidian_chestplate"
		},
		{
			"weight": 1.0,
			"key": "mekanismtools:refined_obsidian_helmet"
		},
		{
			"weight": 1.0,
			"key": "mekanismtools:refined_obsidian_hoe"
		},
		{
			"weight": 1.0,
			"key": "mekanismtools:refined_obsidian_leggings"
		},
		{
			"weight": 1.0,
			"key": "mekanismtools:refined_obsidian_paxel"
		},
		{
			"weight": 1.0,
			"key": "mekanismtools:refined_obsidian_pickaxe"
		},
		{
			"weight": 1.0,
			"key": "mekanismtools:refined_obsidian_shield"
		},
		{
			"weight": 1.0,
			"key": "mekanismtools:refined_obsidian_shovel"
		},
		{
			"weight": 1.0,
			"key": "mekanismtools:refined_obsidian_sword"
		},
		{
			"weight": 1.0,
			"key": "mekanismtools:steel_axe"
		},
		{
			"weight": 1.0,
			"key": "mekanismtools:steel_boots"
		},
		{
			"weight": 1.0,
			"key": "mekanismtools:steel_chestplate"
		},
		{
			"weight": 1.0,
			"key": "mekanismtools:steel_helmet"
		},
		{
			"weight": 1.0,
			"key": "mekanismtools:steel_hoe"
		},
		{
			"weight": 1.0,
			"key": "mekanismtools:steel_leggings"
		},
		{
			"weight": 1.0,
			"key": "mekanismtools:steel_paxel"
		},
		{
			"weight": 1.0,
			"key": "mekanismtools:steel_pickaxe"
		},
		{
			"weight": 1.0,
			"key": "mekanismtools:steel_shield"
		},
		{
			"weight": 1.0,
			"key": "mekanismtools:steel_shovel"
		},
		{
			"weight": 1.0,
			"key": "mekanismtools:steel_sword"
		},
		{
			"weight": 1.0,
			"key": "mekanismtools:stone_paxel"
		},
		{
			"weight": 1.0,
			"key": "mekanismtools:wood_paxel"
		}
	]
}
