{
	"elements": [
		{
			"weight": 1.0,
			"key": "mekanismtools:incorrect_for_bronze_tool"
		},
		{
			"weight": 1.0,
			"key": "mekanismtools:incorrect_for_lapis_lazuli_tool"
		},
		{
			"weight": 1.0,
			"key": "mekanismtools:incorrect_for_osmium_tool"
		},
		{
			"weight": 1.0,
			"key": "mekanismtools:incorrect_for_refined_glowstone_tool"
		},
		{
			"weight": 1.0,
			"key": "mekanismtools:incorrect_for_refined_obsidian_tool"
		},
		{
			"weight": 1.0,
			"key": "mekanismtools:incorrect_for_steel_tool"
		}
	]
}
