{
	"elements": [
		{
			"weight": 1.0,
			"key": "immersiveengineering:acetaldehyde_bucket"
		},
		{
			"weight": 1.0,
			"key": "immersiveengineering:advanced_blast_furnace"
		},
		{
			"weight": 1.0,
			"key": "immersiveengineering:alloy_smelter"
		},
		{
			"weight": 1.0,
			"key": "immersiveengineering:alloybrick"
		},
		{
			"weight": 1.0,
			"key": "immersiveengineering:alu_catwalk"
		},
		{
			"weight": 1.0,
			"key": "immersiveengineering:alu_catwalk_stairs"
		},
		{
			"weight": 1.0,
			"key": "immersiveengineering:alu_fence"
		},
		{
			"weight": 1.0,
			"key": "immersiveengineering:alu_fence_gate"
		},
		{
			"weight": 1.0,
			"key": "immersiveengineering:alu_post"
		},
		{
			"weight": 1.0,
			"key": "immersiveengineering:alu_scaffolding_grate_top"
		},
		{
			"weight": 1.0,
			"key": "immersiveengineering:alu_scaffolding_standard"
		},
		{
			"weight": 1.0,
			"key": "immersiveengineering:alu_scaffolding_wooden_top"
		},
		{
			"weight": 1.0,
			"key": "immersiveengineering:alu_slope"
		},
		{
			"weight": 1.0,
			"key": "immersiveengineering:alu_wallmount"
		},
		{
			"weight": 1.0,
			"key": "immersiveengineering:alu_window"
		},
		{
			"weight": 1.0,
			"key": "immersiveengineering:aluminum_hanging_sign"
		},
		{
			"weight": 1.0,
			"key": "immersiveengineering:aluminum_sign"
		},
		{
			"weight": 1.0,
			"key": "immersiveengineering:arc_furnace"
		},
		{
			"weight": 1.0,
			"key": "immersiveengineering:armor_faraday_boots"
		},
		{
			"weight": 1.0,
			"key": "immersiveengineering:armor_faraday_chestplate"
		},
		{
			"weight": 1.0,
			"key": "immersiveengineering:armor_faraday_helmet"
		},
		{
			"weight": 1.0,
			"key": "immersiveengineering:armor_faraday_leggings"
		},
		{
			"weight": 1.0,
			"key": "immersiveengineering:armor_steel_boots"
		},
		{
			"weight": 1.0,
			"key": "immersiveengineering:armor_steel_chestplate"
		},
		{
			"weight": 1.0,
			"key": "immersiveengineering:armor_steel_helmet"
		},
		{
			"weight": 1.0,
			"key": "immersiveengineering:armor_steel_leggings"
		},
		{
			"weight": 1.0,
			"key": "immersiveengineering:assembler"
		},
		{
			"weight": 1.0,
			"key": "immersiveengineering:auto_workbench"
		},
		{
			"weight": 1.0,
			"key": "immersiveengineering:axe_steel"
		},
		{
			"weight": 1.0,
			"key": "immersiveengineering:balloon"
		},
		{
			"weight": 1.0,
			"key": "immersiveengineering:bannerpattern_bevels"
		},
		{
			"weight": 1.0,
			"key": "immersiveengineering:bannerpattern_hammer"
		},
		{
			"weight": 1.0,
			"key": "immersiveengineering:bannerpattern_ornate"
		},
		{
			"weight": 1.0,
			"key": "immersiveengineering:bannerpattern_screwdriver"
		},
		{
			"weight": 1.0,
			"key": "immersiveengineering:bannerpattern_treated_wood"
		},
		{
			"weight": 1.0,
			"key": "immersiveengineering:bannerpattern_warning"
		},
		{
			"weight": 1.0,
			"key": "immersiveengineering:bannerpattern_windmill"
		},
		{
			"weight": 1.0,
			"key": "immersiveengineering:bannerpattern_wirecutter"
		},
		{
			"weight": 1.0,
			"key": "immersiveengineering:bannerpattern_wolf"
		},
		{
			"weight": 1.0,
			"key": "immersiveengineering:basic_engineering"
		},
		{
			"weight": 1.0,
			"key": "immersiveengineering:biodiesel_bucket"
		},
		{
			"weight": 1.0,
			"key": "immersiveengineering:blast_furnace"
		},
		{
			"weight": 1.0,
			"key": "immersiveengineering:blastbrick"
		},
		{
			"weight": 1.0,
			"key": "immersiveengineering:blastbrick_reinforced"
		},
		{
			"weight": 1.0,
			"key": "immersiveengineering:blastfurnace_preheater"
		},
		{
			"weight": 1.0,
			"key": "immersiveengineering:blueprint"
		},
		{
			"weight": 1.0,
			"key": "immersiveengineering:blueprint_shelf"
		},
		{
			"weight": 1.0,
			"key": "immersiveengineering:bottling_machine"
		},
		{
			"weight": 1.0,
			"key": "immersiveengineering:breaker_switch"
		},
		{
			"weight": 1.0,
			"key": "immersiveengineering:bucket_wheel"
		},
		{
			"weight": 1.0,
			"key": "immersiveengineering:bullet_armor_piercing"
		},
		{
			"weight": 1.0,
			"key": "immersiveengineering:bullet_buckshot"
		},
		{
			"weight": 1.0,
			"key": "immersiveengineering:bullet_casull"
		},
		{
			"weight": 1.0,
			"key": "immersiveengineering:bullet_dragons_breath"
		},
		{
			"weight": 1.0,
			"key": "immersiveengineering:bullet_firework"
		},
		{
			"weight": 1.0,
			"key": "immersiveengineering:bullet_flare"
		},
		{
			"weight": 1.0,
			"key": "immersiveengineering:bullet_he"
		},
		{
			"weight": 1.0,
			"key": "immersiveengineering:bullet_homing"
		},
		{
			"weight": 1.0,
			"key": "immersiveengineering:bullet_potion"
		},
		{
			"weight": 1.0,
			"key": "immersiveengineering:bullet_silver"
		},
		{
			"weight": 1.0,
			"key": "immersiveengineering:bullet_wolfpack"
		},
		{
			"weight": 1.0,
			"key": "immersiveengineering:bulwark_spawn_egg"
		},
		{
			"weight": 1.0,
			"key": "immersiveengineering:buzzsaw"
		},
		{
			"weight": 1.0,
			"key": "immersiveengineering:cagelamp"
		},
		{
			"weight": 1.0,
			"key": "immersiveengineering:capacitor_creative"
		},
		{
			"weight": 1.0,
			"key": "immersiveengineering:capacitor_hv"
		},
		{
			"weight": 1.0,
			"key": "immersiveengineering:capacitor_lv"
		},
		{
			"weight": 1.0,
			"key": "immersiveengineering:capacitor_mv"
		},
		{
			"weight": 1.0,
			"key": "immersiveengineering:charging_station"
		},
		{
			"weight": 1.0,
			"key": "immersiveengineering:chemthrower"
		},
		{
			"weight": 1.0,
			"key": "immersiveengineering:chunk_loader"
		},
		{
			"weight": 1.0,
			"key": "immersiveengineering:chute_aluminum"
		},
		{
			"weight": 1.0,
			"key": "immersiveengineering:chute_colored_black"
		},
		{
			"weight": 1.0,
			"key": "immersiveengineering:chute_colored_blue"
		},
		{
			"weight": 1.0,
			"key": "immersiveengineering:chute_colored_brown"
		},
		{
			"weight": 1.0,
			"key": "immersiveengineering:chute_colored_cyan"
		},
		{
			"weight": 1.0,
			"key": "immersiveengineering:chute_colored_gray"
		},
		{
			"weight": 1.0,
			"key": "immersiveengineering:chute_colored_green"
		},
		{
			"weight": 1.0,
			"key": "immersiveengineering:chute_colored_light_blue"
		},
		{
			"weight": 1.0,
			"key": "immersiveengineering:chute_colored_light_gray"
		},
		{
			"weight": 1.0,
			"key": "immersiveengineering:chute_colored_lime"
		},
		{
			"weight": 1.0,
			"key": "immersiveengineering:chute_colored_magenta"
		},
		{
			"weight": 1.0,
			"key": "immersiveengineering:chute_colored_orange"
		},
		{
			"weight": 1.0,
			"key": "immersiveengineering:chute_colored_pink"
		},
		{
			"weight": 1.0,
			"key": "immersiveengineering:chute_colored_purple"
		},
		{
			"weight": 1.0,
			"key": "immersiveengineering:chute_colored_red"
		},
		{
			"weight": 1.0,
			"key": "immersiveengineering:chute_colored_white"
		},
		{
			"weight": 1.0,
			"key": "immersiveengineering:chute_colored_yellow"
		},
		{
			"weight": 1.0,
			"key": "immersiveengineering:chute_copper"
		},
		{
			"weight": 1.0,
			"key": "immersiveengineering:chute_iron"
		},
		{
			"weight": 1.0,
			"key": "immersiveengineering:chute_steel"
		},
		{
			"weight": 1.0,
			"key": "immersiveengineering:circuit_board"
		},
		{
			"weight": 1.0,
			"key": "immersiveengineering:circuit_table"
		},
		{
			"weight": 1.0,
			"key": "immersiveengineering:clinker_brick"
		},
		{
			"weight": 1.0,
			"key": "immersiveengineering:clinker_brick_quoin"
		},
		{
			"weight": 1.0,
			"key": "immersiveengineering:clinker_brick_sill"
		},
		{
			"weight": 1.0,
			"key": "immersiveengineering:cloche"
		},
		{
			"weight": 1.0,
			"key": "immersiveengineering:coal_coke"
		},
		{
			"weight": 1.0,
			"key": "immersiveengineering:coil_hv"
		},
		{
			"weight": 1.0,
			"key": "immersiveengineering:coil_lv"
		},
		{
			"weight": 1.0,
			"key": "immersiveengineering:coil_mv"
		},
		{
			"weight": 1.0,
			"key": "immersiveengineering:coke"
		},
		{
			"weight": 1.0,
			"key": "immersiveengineering:coke_oven"
		},
		{
			"weight": 1.0,
			"key": "immersiveengineering:cokebrick"
		},
		{
			"weight": 1.0,
			"key": "immersiveengineering:commando_spawn_egg"
		},
		{
			"weight": 1.0,
			"key": "immersiveengineering:component_electronic"
		},
		{
			"weight": 1.0,
			"key": "immersiveengineering:component_electronic_adv"
		},
		{
			"weight": 1.0,
			"key": "immersiveengineering:component_iron"
		},
		{
			"weight": 1.0,
			"key": "immersiveengineering:component_steel"
		},
		{
			"weight": 1.0,
			"key": "immersiveengineering:concrete"
		},
		{
			"weight": 1.0,
			"key": "immersiveengineering:concrete_brick"
		},
		{
			"weight": 1.0,
			"key": "immersiveengineering:concrete_brick_cracked"
		},
		{
			"weight": 1.0,
			"key": "immersiveengineering:concrete_bucket"
		},
		{
			"weight": 1.0,
			"key": "immersiveengineering:concrete_chiseled"
		},
		{
			"weight": 1.0,
			"key": "immersiveengineering:concrete_leaded"
		},
		{
			"weight": 1.0,
			"key": "immersiveengineering:concrete_pillar"
		},
		{
			"weight": 1.0,
			"key": "immersiveengineering:concrete_quarter"
		},
		{
			"weight": 1.0,
			"key": "immersiveengineering:concrete_reinforced"
		},
		{
			"weight": 1.0,
			"key": "immersiveengineering:concrete_reinforced_tile"
		},
		{
			"weight": 1.0,
			"key": "immersiveengineering:concrete_sheet"
		},
		{
			"weight": 1.0,
			"key": "immersiveengineering:concrete_sprayed"
		},
		{
			"weight": 1.0,
			"key": "immersiveengineering:concrete_three_quarter"
		},
		{
			"weight": 1.0,
			"key": "immersiveengineering:concrete_tile"
		},
		{
			"weight": 1.0,
			"key": "immersiveengineering:connector_bundled"
		},
		{
			"weight": 1.0,
			"key": "immersiveengineering:connector_hv"
		},
		{
			"weight": 1.0,
			"key": "immersiveengineering:connector_hv_relay"
		},
		{
			"weight": 1.0,
			"key": "immersiveengineering:connector_lv"
		},
		{
			"weight": 1.0,
			"key": "immersiveengineering:connector_lv_relay"
		},
		{
			"weight": 1.0,
			"key": "immersiveengineering:connector_mv"
		},
		{
			"weight": 1.0,
			"key": "immersiveengineering:connector_mv_relay"
		},
		{
			"weight": 1.0,
			"key": "immersiveengineering:connector_probe"
		},
		{
			"weight": 1.0,
			"key": "immersiveengineering:connector_redstone"
		},
		{
			"weight": 1.0,
			"key": "immersiveengineering:connector_structural"
		},
		{
			"weight": 1.0,
			"key": "immersiveengineering:conveyor_basic"
		},
		{
			"weight": 1.0,
			"key": "immersiveengineering:conveyor_dropper"
		},
		{
			"weight": 1.0,
			"key": "immersiveengineering:conveyor_extract"
		},
		{
			"weight": 1.0,
			"key": "immersiveengineering:conveyor_redstone"
		},
		{
			"weight": 1.0,
			"key": "immersiveengineering:conveyor_splitter"
		},
		{
			"weight": 1.0,
			"key": "immersiveengineering:conveyor_vertical"
		},
		{
			"weight": 1.0,
			"key": "immersiveengineering:coresample"
		},
		{
			"weight": 1.0,
			"key": "immersiveengineering:craftingtable"
		},
		{
			"weight": 1.0,
			"key": "immersiveengineering:crate"
		},
		{
			"weight": 1.0,
			"key": "immersiveengineering:creosote_bucket"
		},
		{
			"weight": 1.0,
			"key": "immersiveengineering:crusher"
		},
		{
			"weight": 1.0,
			"key": "immersiveengineering:current_transformer"
		},
		{
			"weight": 1.0,
			"key": "immersiveengineering:cushion"
		},
		{
			"weight": 1.0,
			"key": "immersiveengineering:deepslate_ore_aluminum"
		},
		{
			"weight": 1.0,
			"key": "immersiveengineering:deepslate_ore_lead"
		},
		{
			"weight": 1.0,
			"key": "immersiveengineering:deepslate_ore_nickel"
		},
		{
			"weight": 1.0,
			"key": "immersiveengineering:deepslate_ore_silver"
		},
		{
			"weight": 1.0,
			"key": "immersiveengineering:deepslate_ore_uranium"
		},
		{
			"weight": 1.0,
			"key": "immersiveengineering:diesel_generator"
		},
		{
			"weight": 1.0,
			"key": "immersiveengineering:drill"
		},
		{
			"weight": 1.0,
			"key": "immersiveengineering:drillhead_iron"
		},
		{
			"weight": 1.0,
			"key": "immersiveengineering:drillhead_steel"
		},
		{
			"weight": 1.0,
			"key": "immersiveengineering:duroplast"
		},
		{
			"weight": 1.0,
			"key": "immersiveengineering:dust_aluminum"
		},
		{
			"weight": 1.0,
			"key": "immersiveengineering:dust_coke"
		},
		{
			"weight": 1.0,
			"key": "immersiveengineering:dust_constantan"
		},
		{
			"weight": 1.0,
			"key": "immersiveengineering:dust_copper"
		},
		{
			"weight": 1.0,
			"key": "immersiveengineering:dust_electrum"
		},
		{
			"weight": 1.0,
			"key": "immersiveengineering:dust_gold"
		},
		{
			"weight": 1.0,
			"key": "immersiveengineering:dust_hop_graphite"
		},
		{
			"weight": 1.0,
			"key": "immersiveengineering:dust_iron"
		},
		{
			"weight": 1.0,
			"key": "immersiveengineering:dust_lead"
		},
		{
			"weight": 1.0,
			"key": "immersiveengineering:dust_nickel"
		},
		{
			"weight": 1.0,
			"key": "immersiveengineering:dust_saltpeter"
		},
		{
			"weight": 1.0,
			"key": "immersiveengineering:dust_silver"
		},
		{
			"weight": 1.0,
			"key": "immersiveengineering:dust_steel"
		},
		{
			"weight": 1.0,
			"key": "immersiveengineering:dust_sulfur"
		},
		{
			"weight": 1.0,
			"key": "immersiveengineering:dust_uranium"
		},
		{
			"weight": 1.0,
			"key": "immersiveengineering:dust_wood"
		},
		{
			"weight": 1.0,
			"key": "immersiveengineering:dynamo"
		},
		{
			"weight": 1.0,
			"key": "immersiveengineering:earmuffs"
		},
		{
			"weight": 1.0,
			"key": "immersiveengineering:electric_lantern"
		},
		{
			"weight": 1.0,
			"key": "immersiveengineering:electromagnet"
		},
		{
			"weight": 1.0,
			"key": "immersiveengineering:electron_tube"
		},
		{
			"weight": 1.0,
			"key": "immersiveengineering:empty_casing"
		},
		{
			"weight": 1.0,
			"key": "immersiveengineering:empty_shell"
		},
		{
			"weight": 1.0,
			"key": "immersiveengineering:ersatz_leather"
		},
		{
			"weight": 1.0,
			"key": "immersiveengineering:ethanol_bucket"
		},
		{
			"weight": 1.0,
			"key": "immersiveengineering:excavator"
		},
		{
			"weight": 1.0,
			"key": "immersiveengineering:fake_icon_achtung"
		},
		{
			"weight": 1.0,
			"key": "immersiveengineering:fake_icon_birthday"
		},
		{
			"weight": 1.0,
			"key": "immersiveengineering:fake_icon_bttf"
		},
		{
			"weight": 1.0,
			"key": "immersiveengineering:fake_icon_drillbreak"
		},
		{
			"weight": 1.0,
			"key": "immersiveengineering:fake_icon_fried"
		},
		{
			"weight": 1.0,
			"key": "immersiveengineering:fake_icon_lucky"
		},
		{
			"weight": 1.0,
			"key": "immersiveengineering:fake_icon_ravenholm"
		},
		{
			"weight": 1.0,
			"key": "immersiveengineering:fake_icon_snake"
		},
		{
			"weight": 1.0,
			"key": "immersiveengineering:feedthrough"
		},
		{
			"weight": 1.0,
			"key": "immersiveengineering:fermenter"
		},
		{
			"weight": 1.0,
			"key": "immersiveengineering:fertilizer"
		},
		{
			"weight": 1.0,
			"key": "immersiveengineering:fiberboard"
		},
		{
			"weight": 1.0,
			"key": "immersiveengineering:floodlight"
		},
		{
			"weight": 1.0,
			"key": "immersiveengineering:fluid_pipe"
		},
		{
			"weight": 1.0,
			"key": "immersiveengineering:fluid_placer"
		},
		{
			"weight": 1.0,
			"key": "immersiveengineering:fluid_pump"
		},
		{
			"weight": 1.0,
			"key": "immersiveengineering:fluid_sorter"
		},
		{
			"weight": 1.0,
			"key": "immersiveengineering:fluorescent_tube"
		},
		{
			"weight": 1.0,
			"key": "immersiveengineering:furnace_heater"
		},
		{
			"weight": 1.0,
			"key": "immersiveengineering:fusilier_spawn_egg"
		},
		{
			"weight": 1.0,
			"key": "immersiveengineering:generator"
		},
		{
			"weight": 1.0,
			"key": "immersiveengineering:glider"
		},
		{
			"weight": 1.0,
			"key": "immersiveengineering:graphite_electrode"
		},
		{
			"weight": 1.0,
			"key": "immersiveengineering:grindingdisk"
		},
		{
			"weight": 1.0,
			"key": "immersiveengineering:grit_sand"
		},
		{
			"weight": 1.0,
			"key": "immersiveengineering:gunpart_barrel"
		},
		{
			"weight": 1.0,
			"key": "immersiveengineering:gunpart_drum"
		},
		{
			"weight": 1.0,
			"key": "immersiveengineering:gunpart_hammer"
		},
		{
			"weight": 1.0,
			"key": "immersiveengineering:gunpowder_barrel"
		},
		{
			"weight": 1.0,
			"key": "immersiveengineering:hammer"
		},
		{
			"weight": 1.0,
			"key": "immersiveengineering:hatch"
		},
		{
			"weight": 1.0,
			"key": "immersiveengineering:heavy_engineering"
		},
		{
			"weight": 1.0,
			"key": "immersiveengineering:hemp_fabric"
		},
		{
			"weight": 1.0,
			"key": "immersiveengineering:hemp_fiber"
		},
		{
			"weight": 1.0,
			"key": "immersiveengineering:hempcrete"
		},
		{
			"weight": 1.0,
			"key": "immersiveengineering:hempcrete_brick"
		},
		{
			"weight": 1.0,
			"key": "immersiveengineering:hempcrete_brick_cracked"
		},
		{
			"weight": 1.0,
			"key": "immersiveengineering:hempcrete_chiseled"
		},
		{
			"weight": 1.0,
			"key": "immersiveengineering:hempcrete_pillar"
		},
		{
			"weight": 1.0,
			"key": "immersiveengineering:herbicide_bucket"
		},
		{
			"weight": 1.0,
			"key": "immersiveengineering:high_power_biodiesel_bucket"
		},
		{
			"weight": 1.0,
			"key": "immersiveengineering:hoe_steel"
		},
		{
			"weight": 1.0,
			"key": "immersiveengineering:ingot_aluminum"
		},
		{
			"weight": 1.0,
			"key": "immersiveengineering:ingot_constantan"
		},
		{
			"weight": 1.0,
			"key": "immersiveengineering:ingot_electrum"
		},
		{
			"weight": 1.0,
			"key": "immersiveengineering:ingot_hop_graphite"
		},
		{
			"weight": 1.0,
			"key": "immersiveengineering:ingot_lead"
		},
		{
			"weight": 1.0,
			"key": "immersiveengineering:ingot_nickel"
		},
		{
			"weight": 1.0,
			"key": "immersiveengineering:ingot_silver"
		},
		{
			"weight": 1.0,
			"key": "immersiveengineering:ingot_steel"
		},
		{
			"weight": 1.0,
			"key": "immersiveengineering:ingot_uranium"
		},
		{
			"weight": 1.0,
			"key": "immersiveengineering:insulating_glass"
		},
		{
			"weight": 1.0,
			"key": "immersiveengineering:item_batcher"
		},
		{
			"weight": 1.0,
			"key": "immersiveengineering:jerrycan"
		},
		{
			"weight": 1.0,
			"key": "immersiveengineering:lantern"
		},
		{
			"weight": 1.0,
			"key": "immersiveengineering:light_bulb"
		},
		{
			"weight": 1.0,
			"key": "immersiveengineering:light_engineering"
		},
		{
			"weight": 1.0,
			"key": "immersiveengineering:lightning_rod"
		},
		{
			"weight": 1.0,
			"key": "immersiveengineering:logic_circuit"
		},
		{
			"weight": 1.0,
			"key": "immersiveengineering:logic_unit"
		},
		{
			"weight": 1.0,
			"key": "immersiveengineering:machine_interface"
		},
		{
			"weight": 1.0,
			"key": "immersiveengineering:maintenance_kit"
		},
		{
			"weight": 1.0,
			"key": "immersiveengineering:manual"
		},
		{
			"weight": 1.0,
			"key": "immersiveengineering:metal_barrel"
		},
		{
			"weight": 1.0,
			"key": "immersiveengineering:metal_ladder_alu"
		},
		{
			"weight": 1.0,
			"key": "immersiveengineering:metal_ladder_none"
		},
		{
			"weight": 1.0,
			"key": "immersiveengineering:metal_ladder_steel"
		},
		{
			"weight": 1.0,
			"key": "immersiveengineering:metal_press"
		},
		{
			"weight": 1.0,
			"key": "immersiveengineering:minecart_metalbarrel"
		},
		{
			"weight": 1.0,
			"key": "immersiveengineering:minecart_reinforcedcrate"
		},
		{
			"weight": 1.0,
			"key": "immersiveengineering:minecart_woodenbarrel"
		},
		{
			"weight": 1.0,
			"key": "immersiveengineering:minecart_woodencrate"
		},
		{
			"weight": 1.0,
			"key": "immersiveengineering:mixer"
		},
		{
			"weight": 1.0,
			"key": "immersiveengineering:mold_bullet_casing"
		},
		{
			"weight": 1.0,
			"key": "immersiveengineering:mold_gear"
		},
		{
			"weight": 1.0,
			"key": "immersiveengineering:mold_packing_4"
		},
		{
			"weight": 1.0,
			"key": "immersiveengineering:mold_packing_9"
		},
		{
			"weight": 1.0,
			"key": "immersiveengineering:mold_plate"
		},
		{
			"weight": 1.0,
			"key": "immersiveengineering:mold_rod"
		},
		{
			"weight": 1.0,
			"key": "immersiveengineering:mold_unpacking"
		},
		{
			"weight": 1.0,
			"key": "immersiveengineering:mold_wire"
		},
		{
			"weight": 1.0,
			"key": "immersiveengineering:nugget_aluminum"
		},
		{
			"weight": 1.0,
			"key": "immersiveengineering:nugget_constantan"
		},
		{
			"weight": 1.0,
			"key": "immersiveengineering:nugget_copper"
		},
		{
			"weight": 1.0,
			"key": "immersiveengineering:nugget_electrum"
		},
		{
			"weight": 1.0,
			"key": "immersiveengineering:nugget_lead"
		},
		{
			"weight": 1.0,
			"key": "immersiveengineering:nugget_netherite"
		},
		{
			"weight": 1.0,
			"key": "immersiveengineering:nugget_nickel"
		},
		{
			"weight": 1.0,
			"key": "immersiveengineering:nugget_silver"
		},
		{
			"weight": 1.0,
			"key": "immersiveengineering:nugget_steel"
		},
		{
			"weight": 1.0,
			"key": "immersiveengineering:nugget_uranium"
		},
		{
			"weight": 1.0,
			"key": "immersiveengineering:ore_aluminum"
		},
		{
			"weight": 1.0,
			"key": "immersiveengineering:ore_lead"
		},
		{
			"weight": 1.0,
			"key": "immersiveengineering:ore_nickel"
		},
		{
			"weight": 1.0,
			"key": "immersiveengineering:ore_silver"
		},
		{
			"weight": 1.0,
			"key": "immersiveengineering:ore_uranium"
		},
		{
			"weight": 1.0,
			"key": "immersiveengineering:phenolic_resin_bucket"
		},
		{
			"weight": 1.0,
			"key": "immersiveengineering:pickaxe_steel"
		},
		{
			"weight": 1.0,
			"key": "immersiveengineering:pipe_valve"
		},
		{
			"weight": 1.0,
			"key": "immersiveengineering:plantoil_bucket"
		},
		{
			"weight": 1.0,
			"key": "immersiveengineering:plate_aluminum"
		},
		{
			"weight": 1.0,
			"key": "immersiveengineering:plate_constantan"
		},
		{
			"weight": 1.0,
			"key": "immersiveengineering:plate_copper"
		},
		{
			"weight": 1.0,
			"key": "immersiveengineering:plate_duroplast"
		},
		{
			"weight": 1.0,
			"key": "immersiveengineering:plate_electrum"
		},
		{
			"weight": 1.0,
			"key": "immersiveengineering:plate_gold"
		},
		{
			"weight": 1.0,
			"key": "immersiveengineering:plate_hop_graphite"
		},
		{
			"weight": 1.0,
			"key": "immersiveengineering:plate_iron"
		},
		{
			"weight": 1.0,
			"key": "immersiveengineering:plate_lead"
		},
		{
			"weight": 1.0,
			"key": "immersiveengineering:plate_nickel"
		},
		{
			"weight": 1.0,
			"key": "immersiveengineering:plate_silver"
		},
		{
			"weight": 1.0,
			"key": "immersiveengineering:plate_steel"
		},
		{
			"weight": 1.0,
			"key": "immersiveengineering:plate_uranium"
		},
		{
			"weight": 1.0,
			"key": "immersiveengineering:potion_bucket"
		},
		{
			"weight": 1.0,
			"key": "immersiveengineering:powerpack"
		},
		{
			"weight": 1.0,
			"key": "immersiveengineering:radiator"
		},
		{
			"weight": 1.0,
			"key": "immersiveengineering:radio_tower"
		},
		{
			"weight": 1.0,
			"key": "immersiveengineering:railgun"
		},
		{
			"weight": 1.0,
			"key": "immersiveengineering:raw_aluminum"
		},
		{
			"weight": 1.0,
			"key": "immersiveengineering:raw_block_aluminum"
		},
		{
			"weight": 1.0,
			"key": "immersiveengineering:raw_block_lead"
		},
		{
			"weight": 1.0,
			"key": "immersiveengineering:raw_block_nickel"
		},
		{
			"weight": 1.0,
			"key": "immersiveengineering:raw_block_silver"
		},
		{
			"weight": 1.0,
			"key": "immersiveengineering:raw_block_uranium"
		},
		{
			"weight": 1.0,
			"key": "immersiveengineering:raw_lead"
		},
		{
			"weight": 1.0,
			"key": "immersiveengineering:raw_nickel"
		},
		{
			"weight": 1.0,
			"key": "immersiveengineering:raw_silver"
		},
		{
			"weight": 1.0,
			"key": "immersiveengineering:raw_uranium"
		},
		{
			"weight": 1.0,
			"key": "immersiveengineering:razor_wire"
		},
		{
			"weight": 1.0,
			"key": "immersiveengineering:redstone_acid_bucket"
		},
		{
			"weight": 1.0,
			"key": "immersiveengineering:redstone_breaker"
		},
		{
			"weight": 1.0,
			"key": "immersiveengineering:redstone_state_cell"
		},
		{
			"weight": 1.0,
			"key": "immersiveengineering:redstone_switchboard"
		},
		{
			"weight": 1.0,
			"key": "immersiveengineering:redstone_timer"
		},
		{
			"weight": 1.0,
			"key": "immersiveengineering:refinery"
		},
		{
			"weight": 1.0,
			"key": "immersiveengineering:reinforced_crate"
		},
		{
			"weight": 1.0,
			"key": "immersiveengineering:reinforced_window"
		},
		{
			"weight": 1.0,
			"key": "immersiveengineering:resonanz_engineering"
		},
		{
			"weight": 1.0,
			"key": "immersiveengineering:revolver"
		},
		{
			"weight": 1.0,
			"key": "immersiveengineering:robot_wolf"
		},
		{
			"weight": 1.0,
			"key": "immersiveengineering:rockcutter"
		},
		{
			"weight": 1.0,
			"key": "immersiveengineering:rs_engineering"
		},
		{
			"weight": 1.0,
			"key": "immersiveengineering:sample_drill"
		},
		{
			"weight": 1.0,
			"key": "immersiveengineering:sawblade"
		},
		{
			"weight": 1.0,
			"key": "immersiveengineering:sawdust"
		},
		{
			"weight": 1.0,
			"key": "immersiveengineering:sawmill"
		},
		{
			"weight": 1.0,
			"key": "immersiveengineering:screwdriver"
		},
		{
			"weight": 1.0,
			"key": "immersiveengineering:seed"
		},
		{
			"weight": 1.0,
			"key": "immersiveengineering:shader_acepride"
		},
		{
			"weight": 1.0,
			"key": "immersiveengineering:shader_ancient"
		},
		{
			"weight": 1.0,
			"key": "immersiveengineering:shader_angelsthesis"
		},
		{
			"weight": 1.0,
			"key": "immersiveengineering:shader_argo"
		},
		{
			"weight": 1.0,
			"key": "immersiveengineering:shader_astartes"
		},
		{
			"weight": 1.0,
			"key": "immersiveengineering:shader_bag_common"
		},
		{
			"weight": 1.0,
			"key": "immersiveengineering:shader_bag_epic"
		},
		{
			"weight": 1.0,
			"key": "immersiveengineering:shader_bag_immersiveengineering_masterwork"
		},
		{
			"weight": 1.0,
			"key": "immersiveengineering:shader_bag_rare"
		},
		{
			"weight": 1.0,
			"key": "immersiveengineering:shader_bag_uncommon"
		},
		{
			"weight": 1.0,
			"key": "immersiveengineering:shader_bipride"
		},
		{
			"weight": 1.0,
			"key": "immersiveengineering:shader_chloris"
		},
		{
			"weight": 1.0,
			"key": "immersiveengineering:shader_crescentrose"
		},
		{
			"weight": 1.0,
			"key": "immersiveengineering:shader_crimsonlotus"
		},
		{
			"weight": 1.0,
			"key": "immersiveengineering:shader_darkfire"
		},
		{
			"weight": 1.0,
			"key": "immersiveengineering:shader_dominator"
		},
		{
			"weight": 1.0,
			"key": "immersiveengineering:shader_dragonsbreath"
		},
		{
			"weight": 1.0,
			"key": "immersiveengineering:shader_enbypride"
		},
		{
			"weight": 1.0,
			"key": "immersiveengineering:shader_erruption"
		},
		{
			"weight": 1.0,
			"key": "immersiveengineering:shader_exia"
		},
		{
			"weight": 1.0,
			"key": "immersiveengineering:shader_eyas"
		},
		{
			"weight": 1.0,
			"key": "immersiveengineering:shader_felix"
		},
		{
			"weight": 1.0,
			"key": "immersiveengineering:shader_fox"
		},
		{
			"weight": 1.0,
			"key": "immersiveengineering:shader_gaypride"
		},
		{
			"weight": 1.0,
			"key": "immersiveengineering:shader_glacis"
		},
		{
			"weight": 1.0,
			"key": "immersiveengineering:shader_harrowed"
		},
		{
			"weight": 1.0,
			"key": "immersiveengineering:shader_hawk"
		},
		{
			"weight": 1.0,
			"key": "immersiveengineering:shader_hollow"
		},
		{
			"weight": 1.0,
			"key": "immersiveengineering:shader_ikelos"
		},
		{
			"weight": 1.0,
			"key": "immersiveengineering:shader_kindled"
		},
		{
			"weight": 1.0,
			"key": "immersiveengineering:shader_lesbianpride"
		},
		{
			"weight": 1.0,
			"key": "immersiveengineering:shader_locus"
		},
		{
			"weight": 1.0,
			"key": "immersiveengineering:shader_lususnaturae"
		},
		{
			"weight": 1.0,
			"key": "immersiveengineering:shader_magnum"
		},
		{
			"weight": 1.0,
			"key": "immersiveengineering:shader_massfusion"
		},
		{
			"weight": 1.0,
			"key": "immersiveengineering:shader_matrix"
		},
		{
			"weight": 1.0,
			"key": "immersiveengineering:shader_microshark"
		},
		{
			"weight": 1.0,
			"key": "immersiveengineering:shader_milo"
		},
		{
			"weight": 1.0,
			"key": "immersiveengineering:shader_n7"
		},
		{
			"weight": 1.0,
			"key": "immersiveengineering:shader_netherforged"
		},
		{
			"weight": 1.0,
			"key": "immersiveengineering:shader_normandy"
		},
		{
			"weight": 1.0,
			"key": "immersiveengineering:shader_omnitool"
		},
		{
			"weight": 1.0,
			"key": "immersiveengineering:shader_phoenix"
		},
		{
			"weight": 1.0,
			"key": "immersiveengineering:shader_qrow"
		},
		{
			"weight": 1.0,
			"key": "immersiveengineering:shader_radiant"
		},
		{
			"weight": 1.0,
			"key": "immersiveengineering:shader_regal"
		},
		{
			"weight": 1.0,
			"key": "immersiveengineering:shader_rosequartz"
		},
		{
			"weight": 1.0,
			"key": "immersiveengineering:shader_sharkface"
		},
		{
			"weight": 1.0,
			"key": "immersiveengineering:shader_sponsor"
		},
		{
			"weight": 1.0,
			"key": "immersiveengineering:shader_stormflower"
		},
		{
			"weight": 1.0,
			"key": "immersiveengineering:shader_sunstrike"
		},
		{
			"weight": 1.0,
			"key": "immersiveengineering:shader_sutherland"
		},
		{
			"weight": 1.0,
			"key": "immersiveengineering:shader_taken"
		},
		{
			"weight": 1.0,
			"key": "immersiveengineering:shader_transpride"
		},
		{
			"weight": 1.0,
			"key": "immersiveengineering:shader_trident"
		},
		{
			"weight": 1.0,
			"key": "immersiveengineering:shader_twili"
		},
		{
			"weight": 1.0,
			"key": "immersiveengineering:shader_usurper"
		},
		{
			"weight": 1.0,
			"key": "immersiveengineering:shader_vanguard"
		},
		{
			"weight": 1.0,
			"key": "immersiveengineering:shader_vaulttec"
		},
		{
			"weight": 1.0,
			"key": "immersiveengineering:shader_waaagh"
		},
		{
			"weight": 1.0,
			"key": "immersiveengineering:shader_warbird"
		},
		{
			"weight": 1.0,
			"key": "immersiveengineering:sheetmetal_aluminum"
		},
		{
			"weight": 1.0,
			"key": "immersiveengineering:sheetmetal_colored_black"
		},
		{
			"weight": 1.0,
			"key": "immersiveengineering:sheetmetal_colored_blue"
		},
		{
			"weight": 1.0,
			"key": "immersiveengineering:sheetmetal_colored_brown"
		},
		{
			"weight": 1.0,
			"key": "immersiveengineering:sheetmetal_colored_cyan"
		},
		{
			"weight": 1.0,
			"key": "immersiveengineering:sheetmetal_colored_gray"
		},
		{
			"weight": 1.0,
			"key": "immersiveengineering:sheetmetal_colored_green"
		},
		{
			"weight": 1.0,
			"key": "immersiveengineering:sheetmetal_colored_light_blue"
		},
		{
			"weight": 1.0,
			"key": "immersiveengineering:sheetmetal_colored_light_gray"
		},
		{
			"weight": 1.0,
			"key": "immersiveengineering:sheetmetal_colored_lime"
		},
		{
			"weight": 1.0,
			"key": "immersiveengineering:sheetmetal_colored_magenta"
		},
		{
			"weight": 1.0,
			"key": "immersiveengineering:sheetmetal_colored_orange"
		},
		{
			"weight": 1.0,
			"key": "immersiveengineering:sheetmetal_colored_pink"
		},
		{
			"weight": 1.0,
			"key": "immersiveengineering:sheetmetal_colored_purple"
		},
		{
			"weight": 1.0,
			"key": "immersiveengineering:sheetmetal_colored_red"
		},
		{
			"weight": 1.0,
			"key": "immersiveengineering:sheetmetal_colored_white"
		},
		{
			"weight": 1.0,
			"key": "immersiveengineering:sheetmetal_colored_yellow"
		},
		{
			"weight": 1.0,
			"key": "immersiveengineering:sheetmetal_constantan"
		},
		{
			"weight": 1.0,
			"key": "immersiveengineering:sheetmetal_copper"
		},
		{
			"weight": 1.0,
			"key": "immersiveengineering:sheetmetal_electrum"
		},
		{
			"weight": 1.0,
			"key": "immersiveengineering:sheetmetal_gold"
		},
		{
			"weight": 1.0,
			"key": "immersiveengineering:sheetmetal_iron"
		},
		{
			"weight": 1.0,
			"key": "immersiveengineering:sheetmetal_lead"
		},
		{
			"weight": 1.0,
			"key": "immersiveengineering:sheetmetal_nickel"
		},
		{
			"weight": 1.0,
			"key": "immersiveengineering:sheetmetal_silver"
		},
		{
			"weight": 1.0,
			"key": "immersiveengineering:sheetmetal_steel"
		},
		{
			"weight": 1.0,
			"key": "immersiveengineering:sheetmetal_uranium"
		},
		{
			"weight": 1.0,
			"key": "immersiveengineering:shelf"
		},
		{
			"weight": 1.0,
			"key": "immersiveengineering:shield"
		},
		{
			"weight": 1.0,
			"key": "immersiveengineering:shovel_steel"
		},
		{
			"weight": 1.0,
			"key": "immersiveengineering:silo"
		},
		{
			"weight": 1.0,
			"key": "immersiveengineering:siren"
		},
		{
			"weight": 1.0,
			"key": "immersiveengineering:skyhook"
		},
		{
			"weight": 1.0,
			"key": "immersiveengineering:slab_alloybrick"
		},
		{
			"weight": 1.0,
			"key": "immersiveengineering:slab_alu_scaffolding_grate_top"
		},
		{
			"weight": 1.0,
			"key": "immersiveengineering:slab_alu_scaffolding_standard"
		},
		{
			"weight": 1.0,
			"key": "immersiveengineering:slab_alu_scaffolding_wooden_top"
		},
		{
			"weight": 1.0,
			"key": "immersiveengineering:slab_blastbrick"
		},
		{
			"weight": 1.0,
			"key": "immersiveengineering:slab_blastbrick_reinforced"
		},
		{
			"weight": 1.0,
			"key": "immersiveengineering:slab_clinker_brick"
		},
		{
			"weight": 1.0,
			"key": "immersiveengineering:slab_coke"
		},
		{
			"weight": 1.0,
			"key": "immersiveengineering:slab_cokebrick"
		},
		{
			"weight": 1.0,
			"key": "immersiveengineering:slab_concrete"
		},
		{
			"weight": 1.0,
			"key": "immersiveengineering:slab_concrete_brick"
		},
		{
			"weight": 1.0,
			"key": "immersiveengineering:slab_concrete_leaded"
		},
		{
			"weight": 1.0,
			"key": "immersiveengineering:slab_concrete_reinforced"
		},
		{
			"weight": 1.0,
			"key": "immersiveengineering:slab_concrete_reinforced_tile"
		},
		{
			"weight": 1.0,
			"key": "immersiveengineering:slab_concrete_tile"
		},
		{
			"weight": 1.0,
			"key": "immersiveengineering:slab_hempcrete"
		},
		{
			"weight": 1.0,
			"key": "immersiveengineering:slab_hempcrete_brick"
		},
		{
			"weight": 1.0,
			"key": "immersiveengineering:slab_insulating_glass"
		},
		{
			"weight": 1.0,
			"key": "immersiveengineering:slab_sheetmetal_aluminum"
		},
		{
			"weight": 1.0,
			"key": "immersiveengineering:slab_sheetmetal_colored_black"
		},
		{
			"weight": 1.0,
			"key": "immersiveengineering:slab_sheetmetal_colored_blue"
		},
		{
			"weight": 1.0,
			"key": "immersiveengineering:slab_sheetmetal_colored_brown"
		},
		{
			"weight": 1.0,
			"key": "immersiveengineering:slab_sheetmetal_colored_cyan"
		},
		{
			"weight": 1.0,
			"key": "immersiveengineering:slab_sheetmetal_colored_gray"
		},
		{
			"weight": 1.0,
			"key": "immersiveengineering:slab_sheetmetal_colored_green"
		},
		{
			"weight": 1.0,
			"key": "immersiveengineering:slab_sheetmetal_colored_light_blue"
		},
		{
			"weight": 1.0,
			"key": "immersiveengineering:slab_sheetmetal_colored_light_gray"
		},
		{
			"weight": 1.0,
			"key": "immersiveengineering:slab_sheetmetal_colored_lime"
		},
		{
			"weight": 1.0,
			"key": "immersiveengineering:slab_sheetmetal_colored_magenta"
		},
		{
			"weight": 1.0,
			"key": "immersiveengineering:slab_sheetmetal_colored_orange"
		},
		{
			"weight": 1.0,
			"key": "immersiveengineering:slab_sheetmetal_colored_pink"
		},
		{
			"weight": 1.0,
			"key": "immersiveengineering:slab_sheetmetal_colored_purple"
		},
		{
			"weight": 1.0,
			"key": "immersiveengineering:slab_sheetmetal_colored_red"
		},
		{
			"weight": 1.0,
			"key": "immersiveengineering:slab_sheetmetal_colored_white"
		},
		{
			"weight": 1.0,
			"key": "immersiveengineering:slab_sheetmetal_colored_yellow"
		},
		{
			"weight": 1.0,
			"key": "immersiveengineering:slab_sheetmetal_constantan"
		},
		{
			"weight": 1.0,
			"key": "immersiveengineering:slab_sheetmetal_copper"
		},
		{
			"weight": 1.0,
			"key": "immersiveengineering:slab_sheetmetal_electrum"
		},
		{
			"weight": 1.0,
			"key": "immersiveengineering:slab_sheetmetal_gold"
		},
		{
			"weight": 1.0,
			"key": "immersiveengineering:slab_sheetmetal_iron"
		},
		{
			"weight": 1.0,
			"key": "immersiveengineering:slab_sheetmetal_lead"
		},
		{
			"weight": 1.0,
			"key": "immersiveengineering:slab_sheetmetal_nickel"
		},
		{
			"weight": 1.0,
			"key": "immersiveengineering:slab_sheetmetal_silver"
		},
		{
			"weight": 1.0,
			"key": "immersiveengineering:slab_sheetmetal_steel"
		},
		{
			"weight": 1.0,
			"key": "immersiveengineering:slab_sheetmetal_uranium"
		},
		{
			"weight": 1.0,
			"key": "immersiveengineering:slab_slag_brick"
		},
		{
			"weight": 1.0,
			"key": "immersiveengineering:slab_steel_scaffolding_grate_top"
		},
		{
			"weight": 1.0,
			"key": "immersiveengineering:slab_steel_scaffolding_standard"
		},
		{
			"weight": 1.0,
			"key": "immersiveengineering:slab_steel_scaffolding_wooden_top"
		},
		{
			"weight": 1.0,
			"key": "immersiveengineering:slab_storage_aluminum"
		},
		{
			"weight": 1.0,
			"key": "immersiveengineering:slab_storage_constantan"
		},
		{
			"weight": 1.0,
			"key": "immersiveengineering:slab_storage_electrum"
		},
		{
			"weight": 1.0,
			"key": "immersiveengineering:slab_storage_lead"
		},
		{
			"weight": 1.0,
			"key": "immersiveengineering:slab_storage_nickel"
		},
		{
			"weight": 1.0,
			"key": "immersiveengineering:slab_storage_silver"
		},
		{
			"weight": 1.0,
			"key": "immersiveengineering:slab_storage_steel"
		},
		{
			"weight": 1.0,
			"key": "immersiveengineering:slab_storage_uranium"
		},
		{
			"weight": 1.0,
			"key": "immersiveengineering:slab_treated_wood_horizontal"
		},
		{
			"weight": 1.0,
			"key": "immersiveengineering:slab_treated_wood_packaged"
		},
		{
			"weight": 1.0,
			"key": "immersiveengineering:slab_treated_wood_vertical"
		},
		{
			"weight": 1.0,
			"key": "immersiveengineering:slag"
		},
		{
			"weight": 1.0,
			"key": "immersiveengineering:slag_brick"
		},
		{
			"weight": 1.0,
			"key": "immersiveengineering:slag_glass"
		},
		{
			"weight": 1.0,
			"key": "immersiveengineering:slag_gravel"
		},
		{
			"weight": 1.0,
			"key": "immersiveengineering:sorter"
		},
		{
			"weight": 1.0,
			"key": "immersiveengineering:speedloader"
		},
		{
			"weight": 1.0,
			"key": "immersiveengineering:squeezer"
		},
		{
			"weight": 1.0,
			"key": "immersiveengineering:stairs_alu_scaffolding_grate_top"
		},
		{
			"weight": 1.0,
			"key": "immersiveengineering:stairs_alu_scaffolding_standard"
		},
		{
			"weight": 1.0,
			"key": "immersiveengineering:stairs_alu_scaffolding_wooden_top"
		},
		{
			"weight": 1.0,
			"key": "immersiveengineering:stairs_clinker_brick"
		},
		{
			"weight": 1.0,
			"key": "immersiveengineering:stairs_concrete"
		},
		{
			"weight": 1.0,
			"key": "immersiveengineering:stairs_concrete_brick"
		},
		{
			"weight": 1.0,
			"key": "immersiveengineering:stairs_concrete_leaded"
		},
		{
			"weight": 1.0,
			"key": "immersiveengineering:stairs_concrete_tile"
		},
		{
			"weight": 1.0,
			"key": "immersiveengineering:stairs_hempcrete"
		},
		{
			"weight": 1.0,
			"key": "immersiveengineering:stairs_hempcrete_brick"
		},
		{
			"weight": 1.0,
			"key": "immersiveengineering:stairs_slag_brick"
		},
		{
			"weight": 1.0,
			"key": "immersiveengineering:stairs_steel_scaffolding_grate_top"
		},
		{
			"weight": 1.0,
			"key": "immersiveengineering:stairs_steel_scaffolding_standard"
		},
		{
			"weight": 1.0,
			"key": "immersiveengineering:stairs_steel_scaffolding_wooden_top"
		},
		{
			"weight": 1.0,
			"key": "immersiveengineering:stairs_treated_wood_horizontal"
		},
		{
			"weight": 1.0,
			"key": "immersiveengineering:stairs_treated_wood_packaged"
		},
		{
			"weight": 1.0,
			"key": "immersiveengineering:stairs_treated_wood_vertical"
		},
		{
			"weight": 1.0,
			"key": "immersiveengineering:steel_catwalk"
		},
		{
			"weight": 1.0,
			"key": "immersiveengineering:steel_catwalk_stairs"
		},
		{
			"weight": 1.0,
			"key": "immersiveengineering:steel_door"
		},
		{
			"weight": 1.0,
			"key": "immersiveengineering:steel_fence"
		},
		{
			"weight": 1.0,
			"key": "immersiveengineering:steel_fence_gate"
		},
		{
			"weight": 1.0,
			"key": "immersiveengineering:steel_hanging_sign"
		},
		{
			"weight": 1.0,
			"key": "immersiveengineering:steel_post"
		},
		{
			"weight": 1.0,
			"key": "immersiveengineering:steel_scaffolding_grate_top"
		},
		{
			"weight": 1.0,
			"key": "immersiveengineering:steel_scaffolding_standard"
		},
		{
			"weight": 1.0,
			"key": "immersiveengineering:steel_scaffolding_wooden_top"
		},
		{
			"weight": 1.0,
			"key": "immersiveengineering:steel_sign"
		},
		{
			"weight": 1.0,
			"key": "immersiveengineering:steel_slope"
		},
		{
			"weight": 1.0,
			"key": "immersiveengineering:steel_trapdoor"
		},
		{
			"weight": 1.0,
			"key": "immersiveengineering:steel_wallmount"
		},
		{
			"weight": 1.0,
			"key": "immersiveengineering:steel_window"
		},
		{
			"weight": 1.0,
			"key": "immersiveengineering:stick_aluminum"
		},
		{
			"weight": 1.0,
			"key": "immersiveengineering:stick_iron"
		},
		{
			"weight": 1.0,
			"key": "immersiveengineering:stick_netherite"
		},
		{
			"weight": 1.0,
			"key": "immersiveengineering:stick_steel"
		},
		{
			"weight": 1.0,
			"key": "immersiveengineering:stick_treated"
		},
		{
			"weight": 1.0,
			"key": "immersiveengineering:storage_aluminum"
		},
		{
			"weight": 1.0,
			"key": "immersiveengineering:storage_constantan"
		},
		{
			"weight": 1.0,
			"key": "immersiveengineering:storage_electrum"
		},
		{
			"weight": 1.0,
			"key": "immersiveengineering:storage_lead"
		},
		{
			"weight": 1.0,
			"key": "immersiveengineering:storage_nickel"
		},
		{
			"weight": 1.0,
			"key": "immersiveengineering:storage_silver"
		},
		{
			"weight": 1.0,
			"key": "immersiveengineering:storage_steel"
		},
		{
			"weight": 1.0,
			"key": "immersiveengineering:storage_uranium"
		},
		{
			"weight": 1.0,
			"key": "immersiveengineering:strip_curtain"
		},
		{
			"weight": 1.0,
			"key": "immersiveengineering:survey_tools"
		},
		{
			"weight": 1.0,
			"key": "immersiveengineering:sword_steel"
		},
		{
			"weight": 1.0,
			"key": "immersiveengineering:tank"
		},
		{
			"weight": 1.0,
			"key": "immersiveengineering:tesla_coil"
		},
		{
			"weight": 1.0,
			"key": "immersiveengineering:thermoelectric_generator"
		},
		{
			"weight": 1.0,
			"key": "immersiveengineering:toolbox"
		},
		{
			"weight": 1.0,
			"key": "immersiveengineering:toolupgrade_buzzsaw_spareblades"
		},
		{
			"weight": 1.0,
			"key": "immersiveengineering:toolupgrade_chemthrower_focus"
		},
		{
			"weight": 1.0,
			"key": "immersiveengineering:toolupgrade_chemthrower_multitank"
		},
		{
			"weight": 1.0,
			"key": "immersiveengineering:toolupgrade_drill_capacity"
		},
		{
			"weight": 1.0,
			"key": "immersiveengineering:toolupgrade_drill_damage"
		},
		{
			"weight": 1.0,
			"key": "immersiveengineering:toolupgrade_drill_fortune"
		},
		{
			"weight": 1.0,
			"key": "immersiveengineering:toolupgrade_drill_lube"
		},
		{
			"weight": 1.0,
			"key": "immersiveengineering:toolupgrade_drill_waterproof"
		},
		{
			"weight": 1.0,
			"key": "immersiveengineering:toolupgrade_powerpack_antenna"
		},
		{
			"weight": 1.0,
			"key": "immersiveengineering:toolupgrade_powerpack_induction"
		},
		{
			"weight": 1.0,
			"key": "immersiveengineering:toolupgrade_powerpack_magnet"
		},
		{
			"weight": 1.0,
			"key": "immersiveengineering:toolupgrade_powerpack_tesla"
		},
		{
			"weight": 1.0,
			"key": "immersiveengineering:toolupgrade_railgun_capacitors"
		},
		{
			"weight": 1.0,
			"key": "immersiveengineering:toolupgrade_railgun_scope"
		},
		{
			"weight": 1.0,
			"key": "immersiveengineering:toolupgrade_revolver_bayonet"
		},
		{
			"weight": 1.0,
			"key": "immersiveengineering:toolupgrade_revolver_electro"
		},
		{
			"weight": 1.0,
			"key": "immersiveengineering:toolupgrade_revolver_magazine"
		},
		{
			"weight": 1.0,
			"key": "immersiveengineering:toolupgrade_shield_flash"
		},
		{
			"weight": 1.0,
			"key": "immersiveengineering:toolupgrade_shield_magnet"
		},
		{
			"weight": 1.0,
			"key": "immersiveengineering:toolupgrade_shield_shock"
		},
		{
			"weight": 1.0,
			"key": "immersiveengineering:toolupgrade_skyhook_insulation"
		},
		{
			"weight": 1.0,
			"key": "immersiveengineering:toolupgrade_skyhook_mace"
		},
		{
			"weight": 1.0,
			"key": "immersiveengineering:toolupgrade_skyhook_slope"
		},
		{
			"weight": 1.0,
			"key": "immersiveengineering:transformer"
		},
		{
			"weight": 1.0,
			"key": "immersiveengineering:transformer_hv"
		},
		{
			"weight": 1.0,
			"key": "immersiveengineering:treated_catwalk"
		},
		{
			"weight": 1.0,
			"key": "immersiveengineering:treated_catwalk_stairs"
		},
		{
			"weight": 1.0,
			"key": "immersiveengineering:treated_door"
		},
		{
			"weight": 1.0,
			"key": "immersiveengineering:treated_door_framed"
		},
		{
			"weight": 1.0,
			"key": "immersiveengineering:treated_fence"
		},
		{
			"weight": 1.0,
			"key": "immersiveengineering:treated_fence_gate"
		},
		{
			"weight": 1.0,
			"key": "immersiveengineering:treated_post"
		},
		{
			"weight": 1.0,
			"key": "immersiveengineering:treated_scaffold"
		},
		{
			"weight": 1.0,
			"key": "immersiveengineering:treated_trapdoor"
		},
		{
			"weight": 1.0,
			"key": "immersiveengineering:treated_trapdoor_framed"
		},
		{
			"weight": 1.0,
			"key": "immersiveengineering:treated_wallmount"
		},
		{
			"weight": 1.0,
			"key": "immersiveengineering:treated_window"
		},
		{
			"weight": 1.0,
			"key": "immersiveengineering:treated_wood_hanging_sign"
		},
		{
			"weight": 1.0,
			"key": "immersiveengineering:treated_wood_horizontal"
		},
		{
			"weight": 1.0,
			"key": "immersiveengineering:treated_wood_packaged"
		},
		{
			"weight": 1.0,
			"key": "immersiveengineering:treated_wood_sign"
		},
		{
			"weight": 1.0,
			"key": "immersiveengineering:treated_wood_vertical"
		},
		{
			"weight": 1.0,
			"key": "immersiveengineering:turntable"
		},
		{
			"weight": 1.0,
			"key": "immersiveengineering:turret_chem"
		},
		{
			"weight": 1.0,
			"key": "immersiveengineering:turret_gun"
		},
		{
			"weight": 1.0,
			"key": "immersiveengineering:voltmeter"
		},
		{
			"weight": 1.0,
			"key": "immersiveengineering:wall_clinker_brick"
		},
		{
			"weight": 1.0,
			"key": "immersiveengineering:wall_concrete"
		},
		{
			"weight": 1.0,
			"key": "immersiveengineering:wall_concrete_brick"
		},
		{
			"weight": 1.0,
			"key": "immersiveengineering:wall_concrete_leaded"
		},
		{
			"weight": 1.0,
			"key": "immersiveengineering:wall_concrete_tile"
		},
		{
			"weight": 1.0,
			"key": "immersiveengineering:wall_hempcrete"
		},
		{
			"weight": 1.0,
			"key": "immersiveengineering:wall_hempcrete_brick"
		},
		{
			"weight": 1.0,
			"key": "immersiveengineering:wall_slag_brick"
		},
		{
			"weight": 1.0,
			"key": "immersiveengineering:warning_sign_arrow_double_down"
		},
		{
			"weight": 1.0,
			"key": "immersiveengineering:warning_sign_arrow_double_left"
		},
		{
			"weight": 1.0,
			"key": "immersiveengineering:warning_sign_arrow_double_right"
		},
		{
			"weight": 1.0,
			"key": "immersiveengineering:warning_sign_arrow_double_up"
		},
		{
			"weight": 1.0,
			"key": "immersiveengineering:warning_sign_arrow_down"
		},
		{
			"weight": 1.0,
			"key": "immersiveengineering:warning_sign_arrow_left"
		},
		{
			"weight": 1.0,
			"key": "immersiveengineering:warning_sign_arrow_right"
		},
		{
			"weight": 1.0,
			"key": "immersiveengineering:warning_sign_arrow_up"
		},
		{
			"weight": 1.0,
			"key": "immersiveengineering:warning_sign_attention"
		},
		{
			"weight": 1.0,
			"key": "immersiveengineering:warning_sign_cat"
		},
		{
			"weight": 1.0,
			"key": "immersiveengineering:warning_sign_cold"
		},
		{
			"weight": 1.0,
			"key": "immersiveengineering:warning_sign_creeper"
		},
		{
			"weight": 1.0,
			"key": "immersiveengineering:warning_sign_ear_defenders"
		},
		{
			"weight": 1.0,
			"key": "immersiveengineering:warning_sign_electric"
		},
		{
			"weight": 1.0,
			"key": "immersiveengineering:warning_sign_falling"
		},
		{
			"weight": 1.0,
			"key": "immersiveengineering:warning_sign_fire"
		},
		{
			"weight": 1.0,
			"key": "immersiveengineering:warning_sign_hot"
		},
		{
			"weight": 1.0,
			"key": "immersiveengineering:warning_sign_magnet"
		},
		{
			"weight": 1.0,
			"key": "immersiveengineering:warning_sign_shrieker"
		},
		{
			"weight": 1.0,
			"key": "immersiveengineering:warning_sign_sound"
		},
		{
			"weight": 1.0,
			"key": "immersiveengineering:warning_sign_turret"
		},
		{
			"weight": 1.0,
			"key": "immersiveengineering:warning_sign_villager"
		},
		{
			"weight": 1.0,
			"key": "immersiveengineering:warning_sign_warden"
		},
		{
			"weight": 1.0,
			"key": "immersiveengineering:watermill"
		},
		{
			"weight": 1.0,
			"key": "immersiveengineering:waterwheel_segment"
		},
		{
			"weight": 1.0,
			"key": "immersiveengineering:windmill"
		},
		{
			"weight": 1.0,
			"key": "immersiveengineering:windmill_blade"
		},
		{
			"weight": 1.0,
			"key": "immersiveengineering:windmill_sail"
		},
		{
			"weight": 1.0,
			"key": "immersiveengineering:wire_aluminum"
		},
		{
			"weight": 1.0,
			"key": "immersiveengineering:wire_copper"
		},
		{
			"weight": 1.0,
			"key": "immersiveengineering:wire_electrum"
		},
		{
			"weight": 1.0,
			"key": "immersiveengineering:wire_lead"
		},
		{
			"weight": 1.0,
			"key": "immersiveengineering:wire_steel"
		},
		{
			"weight": 1.0,
			"key": "immersiveengineering:wirecoil_copper"
		},
		{
			"weight": 1.0,
			"key": "immersiveengineering:wirecoil_copper_ins"
		},
		{
			"weight": 1.0,
			"key": "immersiveengineering:wirecoil_electrum"
		},
		{
			"weight": 1.0,
			"key": "immersiveengineering:wirecoil_electrum_ins"
		},
		{
			"weight": 1.0,
			"key": "immersiveengineering:wirecoil_redstone"
		},
		{
			"weight": 1.0,
			"key": "immersiveengineering:wirecoil_steel"
		},
		{
			"weight": 1.0,
			"key": "immersiveengineering:wirecoil_structure_rope"
		},
		{
			"weight": 1.0,
			"key": "immersiveengineering:wirecoil_structure_steel"
		},
		{
			"weight": 1.0,
			"key": "immersiveengineering:wirecutter"
		},
		{
			"weight": 1.0,
			"key": "immersiveengineering:wooden_barrel"
		},
		{
			"weight": 1.0,
			"key": "immersiveengineering:wooden_grip"
		},
		{
			"weight": 1.0,
			"key": "immersiveengineering:workbench"
		}
	]
}
