{
	"elements": [
		{
			"weight": 1.0,
			"key": "immersiveengineering:alert"
		},
		{
			"weight": 1.0,
			"key": "immersiveengineering:arc_furnace"
		},
		{
			"weight": 1.0,
			"key": "immersiveengineering:assembler"
		},
		{
			"weight": 1.0,
			"key": "immersiveengineering:birthday_party"
		},
		{
			"weight": 1.0,
			"key": "immersiveengineering:bottling"
		},
		{
			"weight": 1.0,
			"key": "immersiveengineering:buzzer"
		},
		{
			"weight": 1.0,
			"key": "immersiveengineering:buzzsaw_attack"
		},
		{
			"weight": 1.0,
			"key": "immersiveengineering:buzzsaw_busy"
		},
		{
			"weight": 1.0,
			"key": "immersiveengineering:buzzsaw_fade"
		},
		{
			"weight": 1.0,
			"key": "immersiveengineering:buzzsaw_harvest_grind"
		},
		{
			"weight": 1.0,
			"key": "immersiveengineering:buzzsaw_harvest_saw"
		},
		{
			"weight": 1.0,
			"key": "immersiveengineering:buzzsaw_idle"
		},
		{
			"weight": 1.0,
			"key": "immersiveengineering:charge_fast"
		},
		{
			"weight": 1.0,
			"key": "immersiveengineering:charge_slow"
		},
		{
			"weight": 1.0,
			"key": "immersiveengineering:chute"
		},
		{
			"weight": 1.0,
			"key": "immersiveengineering:crusher"
		},
		{
			"weight": 1.0,
			"key": "immersiveengineering:diesel_generator"
		},
		{
			"weight": 1.0,
			"key": "immersiveengineering:dire_switch"
		},
		{
			"weight": 1.0,
			"key": "immersiveengineering:drill_attack"
		},
		{
			"weight": 1.0,
			"key": "immersiveengineering:drill_busy"
		},
		{
			"weight": 1.0,
			"key": "immersiveengineering:drill_fade"
		},
		{
			"weight": 1.0,
			"key": "immersiveengineering:drill_harvest"
		},
		{
			"weight": 1.0,
			"key": "immersiveengineering:drill_idle"
		},
		{
			"weight": 1.0,
			"key": "immersiveengineering:electromagnet"
		},
		{
			"weight": 1.0,
			"key": "immersiveengineering:fermenter"
		},
		{
			"weight": 1.0,
			"key": "immersiveengineering:glider"
		},
		{
			"weight": 1.0,
			"key": "immersiveengineering:klaxon"
		},
		{
			"weight": 1.0,
			"key": "immersiveengineering:metal_press_piston"
		},
		{
			"weight": 1.0,
			"key": "immersiveengineering:metal_press_smash"
		},
		{
			"weight": 1.0,
			"key": "immersiveengineering:mill_creaking"
		},
		{
			"weight": 1.0,
			"key": "immersiveengineering:mixer"
		},
		{
			"weight": 1.0,
			"key": "immersiveengineering:note_block_resonanz"
		},
		{
			"weight": 1.0,
			"key": "immersiveengineering:ore_conveyor"
		},
		{
			"weight": 1.0,
			"key": "immersiveengineering:ore_dump"
		},
		{
			"weight": 1.0,
			"key": "immersiveengineering:preheater"
		},
		{
			"weight": 1.0,
			"key": "immersiveengineering:process_1"
		},
		{
			"weight": 1.0,
			"key": "immersiveengineering:process_1_lift"
		},
		{
			"weight": 1.0,
			"key": "immersiveengineering:process_2"
		},
		{
			"weight": 1.0,
			"key": "immersiveengineering:process_2_lift"
		},
		{
			"weight": 1.0,
			"key": "immersiveengineering:railgun_fire"
		},
		{
			"weight": 1.0,
			"key": "immersiveengineering:refinery"
		},
		{
			"weight": 1.0,
			"key": "immersiveengineering:revolver_fire"
		},
		{
			"weight": 1.0,
			"key": "immersiveengineering:revolver_fire_thump"
		},
		{
			"weight": 1.0,
			"key": "immersiveengineering:revolver_reload"
		},
		{
			"weight": 1.0,
			"key": "immersiveengineering:saw_empty"
		},
		{
			"weight": 1.0,
			"key": "immersiveengineering:saw_full"
		},
		{
			"weight": 1.0,
			"key": "immersiveengineering:saw_shutdown"
		},
		{
			"weight": 1.0,
			"key": "immersiveengineering:saw_startup"
		},
		{
			"weight": 1.0,
			"key": "immersiveengineering:siren"
		},
		{
			"weight": 1.0,
			"key": "immersiveengineering:spark"
		},
		{
			"weight": 1.0,
			"key": "immersiveengineering:spray"
		},
		{
			"weight": 1.0,
			"key": "immersiveengineering:spray_fire"
		},
		{
			"weight": 1.0,
			"key": "immersiveengineering:tesla"
		}
	]
}
