{
	"elements": [
		{
			"weight": 1.0,
			"key": "immersiveengineering:blocks/copper"
		},
		{
			"weight": 1.0,
			"key": "immersiveengineering:buzzsaw/tree_blacklist"
		},
		{
			"weight": 1.0,
			"key": "immersiveengineering:concrete_for_concrete_feet"
		},
		{
			"weight": 1.0,
			"key": "immersiveengineering:cut_blocks/copper"
		},
		{
			"weight": 1.0,
			"key": "immersiveengineering:cut_slabs/copper"
		},
		{
			"weight": 1.0,
			"key": "immersiveengineering:cut_stairs/copper"
		},
		{
			"weight": 1.0,
			"key": "immersiveengineering:incorrect_for_steel_tool"
		},
		{
			"weight": 1.0,
			"key": "immersiveengineering:mineable/drill"
		},
		{
			"weight": 1.0,
			"key": "immersiveengineering:mineable/grinding_disk"
		},
		{
			"weight": 1.0,
			"key": "immersiveengineering:mineable/hammer"
		},
		{
			"weight": 1.0,
			"key": "immersiveengineering:mineable/rockcutter"
		},
		{
			"weight": 1.0,
			"key": "immersiveengineering:mineable/wirecutter"
		},
		{
			"weight": 1.0,
			"key": "immersiveengineering:scaffolding_slabs/aluminum"
		},
		{
			"weight": 1.0,
			"key": "immersiveengineering:scaffolding_slabs/steel"
		},
		{
			"weight": 1.0,
			"key": "immersiveengineering:scaffolding_stairs/aluminum"
		},
		{
			"weight": 1.0,
			"key": "immersiveengineering:scaffolding_stairs/steel"
		},
		{
			"weight": 1.0,
			"key": "immersiveengineering:scaffoldings/aluminum"
		},
		{
			"weight": 1.0,
			"key": "immersiveengineering:scaffoldings/steel"
		},
		{
			"weight": 1.0,
			"key": "immersiveengineering:survey_tool_targets"
		},
		{
			"weight": 1.0,
			"key": "immersiveengineering:teleport_blocking"
		},
		{
			"weight": 1.0,
			"key": "immersiveengineering:treated_wood"
		},
		{
			"weight": 1.0,
			"key": "immersiveengineering:treated_wood_slab"
		}
	]
}
