{
	"elements": [
		{
			"weight": 1.0,
			"key": "create:acacia_window"
		},
		{
			"weight": 1.0,
			"key": "create:acacia_window_pane"
		},
		{
			"weight": 1.0,
			"key": "create:adjustable_chain_gearshift"
		},
		{
			"weight": 1.0,
			"key": "create:analog_lever"
		},
		{
			"weight": 1.0,
			"key": "create:andesite_alloy"
		},
		{
			"weight": 1.0,
			"key": "create:andesite_alloy_block"
		},
		{
			"weight": 1.0,
			"key": "create:andesite_bars"
		},
		{
			"weight": 1.0,
			"key": "create:andesite_casing"
		},
		{
			"weight": 1.0,
			"key": "create:andesite_door"
		},
		{
			"weight": 1.0,
			"key": "create:andesite_encased_cogwheel"
		},
		{
			"weight": 1.0,
			"key": "create:andesite_encased_large_cogwheel"
		},
		{
			"weight": 1.0,
			"key": "create:andesite_encased_shaft"
		},
		{
			"weight": 1.0,
			"key": "create:andesite_funnel"
		},
		{
			"weight": 1.0,
			"key": "create:andesite_ladder"
		},
		{
			"weight": 1.0,
			"key": "create:andesite_pillar"
		},
		{
			"weight": 1.0,
			"key": "create:andesite_scaffolding"
		},
		{
			"weight": 1.0,
			"key": "create:andesite_table_cloth"
		},
		{
			"weight": 1.0,
			"key": "create:andesite_tunnel"
		},
		{
			"weight": 1.0,
			"key": "create:asurine"
		},
		{
			"weight": 1.0,
			"key": "create:asurine_pillar"
		},
		{
			"weight": 1.0,
			"key": "create:attribute_filter"
		},
		{
			"weight": 1.0,
			"key": "create:bamboo_window"
		},
		{
			"weight": 1.0,
			"key": "create:bamboo_window_pane"
		},
		{
			"weight": 1.0,
			"key": "create:bar_of_chocolate"
		},
		{
			"weight": 1.0,
			"key": "create:basin"
		},
		{
			"weight": 1.0,
			"key": "create:belt_connector"
		},
		{
			"weight": 1.0,
			"key": "create:birch_window"
		},
		{
			"weight": 1.0,
			"key": "create:birch_window_pane"
		},
		{
			"weight": 1.0,
			"key": "create:black_postbox"
		},
		{
			"weight": 1.0,
			"key": "create:black_seat"
		},
		{
			"weight": 1.0,
			"key": "create:black_table_cloth"
		},
		{
			"weight": 1.0,
			"key": "create:black_toolbox"
		},
		{
			"weight": 1.0,
			"key": "create:black_valve_handle"
		},
		{
			"weight": 1.0,
			"key": "create:blaze_burner"
		},
		{
			"weight": 1.0,
			"key": "create:blaze_cake"
		},
		{
			"weight": 1.0,
			"key": "create:blaze_cake_base"
		},
		{
			"weight": 1.0,
			"key": "create:blue_postbox"
		},
		{
			"weight": 1.0,
			"key": "create:blue_seat"
		},
		{
			"weight": 1.0,
			"key": "create:blue_table_cloth"
		},
		{
			"weight": 1.0,
			"key": "create:blue_toolbox"
		},
		{
			"weight": 1.0,
			"key": "create:blue_valve_handle"
		},
		{
			"weight": 1.0,
			"key": "create:bound_cardboard_block"
		},
		{
			"weight": 1.0,
			"key": "create:brass_bars"
		},
		{
			"weight": 1.0,
			"key": "create:brass_block"
		},
		{
			"weight": 1.0,
			"key": "create:brass_casing"
		},
		{
			"weight": 1.0,
			"key": "create:brass_door"
		},
		{
			"weight": 1.0,
			"key": "create:brass_encased_cogwheel"
		},
		{
			"weight": 1.0,
			"key": "create:brass_encased_large_cogwheel"
		},
		{
			"weight": 1.0,
			"key": "create:brass_encased_shaft"
		},
		{
			"weight": 1.0,
			"key": "create:brass_funnel"
		},
		{
			"weight": 1.0,
			"key": "create:brass_hand"
		},
		{
			"weight": 1.0,
			"key": "create:brass_ingot"
		},
		{
			"weight": 1.0,
			"key": "create:brass_ladder"
		},
		{
			"weight": 1.0,
			"key": "create:brass_nugget"
		},
		{
			"weight": 1.0,
			"key": "create:brass_scaffolding"
		},
		{
			"weight": 1.0,
			"key": "create:brass_sheet"
		},
		{
			"weight": 1.0,
			"key": "create:brass_table_cloth"
		},
		{
			"weight": 1.0,
			"key": "create:brass_tunnel"
		},
		{
			"weight": 1.0,
			"key": "create:brown_postbox"
		},
		{
			"weight": 1.0,
			"key": "create:brown_seat"
		},
		{
			"weight": 1.0,
			"key": "create:brown_table_cloth"
		},
		{
			"weight": 1.0,
			"key": "create:brown_toolbox"
		},
		{
			"weight": 1.0,
			"key": "create:brown_valve_handle"
		},
		{
			"weight": 1.0,
			"key": "create:builders_tea"
		},
		{
			"weight": 1.0,
			"key": "create:calcite_pillar"
		},
		{
			"weight": 1.0,
			"key": "create:cardboard"
		},
		{
			"weight": 1.0,
			"key": "create:cardboard_block"
		},
		{
			"weight": 1.0,
			"key": "create:cardboard_boots"
		},
		{
			"weight": 1.0,
			"key": "create:cardboard_chestplate"
		},
		{
			"weight": 1.0,
			"key": "create:cardboard_helmet"
		},
		{
			"weight": 1.0,
			"key": "create:cardboard_leggings"
		},
		{
			"weight": 1.0,
			"key": "create:cardboard_package_10x12"
		},
		{
			"weight": 1.0,
			"key": "create:cardboard_package_10x8"
		},
		{
			"weight": 1.0,
			"key": "create:cardboard_package_12x10"
		},
		{
			"weight": 1.0,
			"key": "create:cardboard_package_12x12"
		},
		{
			"weight": 1.0,
			"key": "create:cardboard_sword"
		},
		{
			"weight": 1.0,
			"key": "create:cart_assembler"
		},
		{
			"weight": 1.0,
			"key": "create:chain_conveyor"
		},
		{
			"weight": 1.0,
			"key": "create:cherry_window"
		},
		{
			"weight": 1.0,
			"key": "create:cherry_window_pane"
		},
		{
			"weight": 1.0,
			"key": "create:chest_minecart_contraption"
		},
		{
			"weight": 1.0,
			"key": "create:chocolate_bucket"
		},
		{
			"weight": 1.0,
			"key": "create:chocolate_glazed_berries"
		},
		{
			"weight": 1.0,
			"key": "create:chromatic_compound"
		},
		{
			"weight": 1.0,
			"key": "create:chute"
		},
		{
			"weight": 1.0,
			"key": "create:cinder_flour"
		},
		{
			"weight": 1.0,
			"key": "create:clipboard"
		},
		{
			"weight": 1.0,
			"key": "create:clockwork_bearing"
		},
		{
			"weight": 1.0,
			"key": "create:clutch"
		},
		{
			"weight": 1.0,
			"key": "create:cogwheel"
		},
		{
			"weight": 1.0,
			"key": "create:content_observer"
		},
		{
			"weight": 1.0,
			"key": "create:contraption_controls"
		},
		{
			"weight": 1.0,
			"key": "create:controller_rail"
		},
		{
			"weight": 1.0,
			"key": "create:controls"
		},
		{
			"weight": 1.0,
			"key": "create:copper_backtank"
		},
		{
			"weight": 1.0,
			"key": "create:copper_backtank_placeable"
		},
		{
			"weight": 1.0,
			"key": "create:copper_bars"
		},
		{
			"weight": 1.0,
			"key": "create:copper_casing"
		},
		{
			"weight": 1.0,
			"key": "create:copper_diving_boots"
		},
		{
			"weight": 1.0,
			"key": "create:copper_diving_helmet"
		},
		{
			"weight": 1.0,
			"key": "create:copper_door"
		},
		{
			"weight": 1.0,
			"key": "create:copper_ladder"
		},
		{
			"weight": 1.0,
			"key": "create:copper_nugget"
		},
		{
			"weight": 1.0,
			"key": "create:copper_scaffolding"
		},
		{
			"weight": 1.0,
			"key": "create:copper_sheet"
		},
		{
			"weight": 1.0,
			"key": "create:copper_shingle_slab"
		},
		{
			"weight": 1.0,
			"key": "create:copper_shingle_stairs"
		},
		{
			"weight": 1.0,
			"key": "create:copper_shingles"
		},
		{
			"weight": 1.0,
			"key": "create:copper_table_cloth"
		},
		{
			"weight": 1.0,
			"key": "create:copper_tile_slab"
		},
		{
			"weight": 1.0,
			"key": "create:copper_tile_stairs"
		},
		{
			"weight": 1.0,
			"key": "create:copper_tiles"
		},
		{
			"weight": 1.0,
			"key": "create:copper_valve_handle"
		},
		{
			"weight": 1.0,
			"key": "create:copycat_panel"
		},
		{
			"weight": 1.0,
			"key": "create:copycat_step"
		},
		{
			"weight": 1.0,
			"key": "create:crafter_slot_cover"
		},
		{
			"weight": 1.0,
			"key": "create:crafting_blueprint"
		},
		{
			"weight": 1.0,
			"key": "create:creative_blaze_cake"
		},
		{
			"weight": 1.0,
			"key": "create:creative_crate"
		},
		{
			"weight": 1.0,
			"key": "create:creative_fluid_tank"
		},
		{
			"weight": 1.0,
			"key": "create:creative_motor"
		},
		{
			"weight": 1.0,
			"key": "create:crimsite"
		},
		{
			"weight": 1.0,
			"key": "create:crimsite_pillar"
		},
		{
			"weight": 1.0,
			"key": "create:crimson_window"
		},
		{
			"weight": 1.0,
			"key": "create:crimson_window_pane"
		},
		{
			"weight": 1.0,
			"key": "create:crushed_raw_aluminum"
		},
		{
			"weight": 1.0,
			"key": "create:crushed_raw_copper"
		},
		{
			"weight": 1.0,
			"key": "create:crushed_raw_gold"
		},
		{
			"weight": 1.0,
			"key": "create:crushed_raw_iron"
		},
		{
			"weight": 1.0,
			"key": "create:crushed_raw_lead"
		},
		{
			"weight": 1.0,
			"key": "create:crushed_raw_nickel"
		},
		{
			"weight": 1.0,
			"key": "create:crushed_raw_osmium"
		},
		{
			"weight": 1.0,
			"key": "create:crushed_raw_platinum"
		},
		{
			"weight": 1.0,
			"key": "create:crushed_raw_quicksilver"
		},
		{
			"weight": 1.0,
			"key": "create:crushed_raw_silver"
		},
		{
			"weight": 1.0,
			"key": "create:crushed_raw_tin"
		},
		{
			"weight": 1.0,
			"key": "create:crushed_raw_uranium"
		},
		{
			"weight": 1.0,
			"key": "create:crushed_raw_zinc"
		},
		{
			"weight": 1.0,
			"key": "create:crushing_wheel"
		},
		{
			"weight": 1.0,
			"key": "create:cuckoo_clock"
		},
		{
			"weight": 1.0,
			"key": "create:cut_andesite"
		},
		{
			"weight": 1.0,
			"key": "create:cut_andesite_brick_slab"
		},
		{
			"weight": 1.0,
			"key": "create:cut_andesite_brick_stairs"
		},
		{
			"weight": 1.0,
			"key": "create:cut_andesite_brick_wall"
		},
		{
			"weight": 1.0,
			"key": "create:cut_andesite_bricks"
		},
		{
			"weight": 1.0,
			"key": "create:cut_andesite_slab"
		},
		{
			"weight": 1.0,
			"key": "create:cut_andesite_stairs"
		},
		{
			"weight": 1.0,
			"key": "create:cut_andesite_wall"
		},
		{
			"weight": 1.0,
			"key": "create:cut_asurine"
		},
		{
			"weight": 1.0,
			"key": "create:cut_asurine_brick_slab"
		},
		{
			"weight": 1.0,
			"key": "create:cut_asurine_brick_stairs"
		},
		{
			"weight": 1.0,
			"key": "create:cut_asurine_brick_wall"
		},
		{
			"weight": 1.0,
			"key": "create:cut_asurine_bricks"
		},
		{
			"weight": 1.0,
			"key": "create:cut_asurine_slab"
		},
		{
			"weight": 1.0,
			"key": "create:cut_asurine_stairs"
		},
		{
			"weight": 1.0,
			"key": "create:cut_asurine_wall"
		},
		{
			"weight": 1.0,
			"key": "create:cut_calcite"
		},
		{
			"weight": 1.0,
			"key": "create:cut_calcite_brick_slab"
		},
		{
			"weight": 1.0,
			"key": "create:cut_calcite_brick_stairs"
		},
		{
			"weight": 1.0,
			"key": "create:cut_calcite_brick_wall"
		},
		{
			"weight": 1.0,
			"key": "create:cut_calcite_bricks"
		},
		{
			"weight": 1.0,
			"key": "create:cut_calcite_slab"
		},
		{
			"weight": 1.0,
			"key": "create:cut_calcite_stairs"
		},
		{
			"weight": 1.0,
			"key": "create:cut_calcite_wall"
		},
		{
			"weight": 1.0,
			"key": "create:cut_crimsite"
		},
		{
			"weight": 1.0,
			"key": "create:cut_crimsite_brick_slab"
		},
		{
			"weight": 1.0,
			"key": "create:cut_crimsite_brick_stairs"
		},
		{
			"weight": 1.0,
			"key": "create:cut_crimsite_brick_wall"
		},
		{
			"weight": 1.0,
			"key": "create:cut_crimsite_bricks"
		},
		{
			"weight": 1.0,
			"key": "create:cut_crimsite_slab"
		},
		{
			"weight": 1.0,
			"key": "create:cut_crimsite_stairs"
		},
		{
			"weight": 1.0,
			"key": "create:cut_crimsite_wall"
		},
		{
			"weight": 1.0,
			"key": "create:cut_deepslate"
		},
		{
			"weight": 1.0,
			"key": "create:cut_deepslate_brick_slab"
		},
		{
			"weight": 1.0,
			"key": "create:cut_deepslate_brick_stairs"
		},
		{
			"weight": 1.0,
			"key": "create:cut_deepslate_brick_wall"
		},
		{
			"weight": 1.0,
			"key": "create:cut_deepslate_bricks"
		},
		{
			"weight": 1.0,
			"key": "create:cut_deepslate_slab"
		},
		{
			"weight": 1.0,
			"key": "create:cut_deepslate_stairs"
		},
		{
			"weight": 1.0,
			"key": "create:cut_deepslate_wall"
		},
		{
			"weight": 1.0,
			"key": "create:cut_diorite"
		},
		{
			"weight": 1.0,
			"key": "create:cut_diorite_brick_slab"
		},
		{
			"weight": 1.0,
			"key": "create:cut_diorite_brick_stairs"
		},
		{
			"weight": 1.0,
			"key": "create:cut_diorite_brick_wall"
		},
		{
			"weight": 1.0,
			"key": "create:cut_diorite_bricks"
		},
		{
			"weight": 1.0,
			"key": "create:cut_diorite_slab"
		},
		{
			"weight": 1.0,
			"key": "create:cut_diorite_stairs"
		},
		{
			"weight": 1.0,
			"key": "create:cut_diorite_wall"
		},
		{
			"weight": 1.0,
			"key": "create:cut_dripstone"
		},
		{
			"weight": 1.0,
			"key": "create:cut_dripstone_brick_slab"
		},
		{
			"weight": 1.0,
			"key": "create:cut_dripstone_brick_stairs"
		},
		{
			"weight": 1.0,
			"key": "create:cut_dripstone_brick_wall"
		},
		{
			"weight": 1.0,
			"key": "create:cut_dripstone_bricks"
		},
		{
			"weight": 1.0,
			"key": "create:cut_dripstone_slab"
		},
		{
			"weight": 1.0,
			"key": "create:cut_dripstone_stairs"
		},
		{
			"weight": 1.0,
			"key": "create:cut_dripstone_wall"
		},
		{
			"weight": 1.0,
			"key": "create:cut_granite"
		},
		{
			"weight": 1.0,
			"key": "create:cut_granite_brick_slab"
		},
		{
			"weight": 1.0,
			"key": "create:cut_granite_brick_stairs"
		},
		{
			"weight": 1.0,
			"key": "create:cut_granite_brick_wall"
		},
		{
			"weight": 1.0,
			"key": "create:cut_granite_bricks"
		},
		{
			"weight": 1.0,
			"key": "create:cut_granite_slab"
		},
		{
			"weight": 1.0,
			"key": "create:cut_granite_stairs"
		},
		{
			"weight": 1.0,
			"key": "create:cut_granite_wall"
		},
		{
			"weight": 1.0,
			"key": "create:cut_limestone"
		},
		{
			"weight": 1.0,
			"key": "create:cut_limestone_brick_slab"
		},
		{
			"weight": 1.0,
			"key": "create:cut_limestone_brick_stairs"
		},
		{
			"weight": 1.0,
			"key": "create:cut_limestone_brick_wall"
		},
		{
			"weight": 1.0,
			"key": "create:cut_limestone_bricks"
		},
		{
			"weight": 1.0,
			"key": "create:cut_limestone_slab"
		},
		{
			"weight": 1.0,
			"key": "create:cut_limestone_stairs"
		},
		{
			"weight": 1.0,
			"key": "create:cut_limestone_wall"
		},
		{
			"weight": 1.0,
			"key": "create:cut_ochrum"
		},
		{
			"weight": 1.0,
			"key": "create:cut_ochrum_brick_slab"
		},
		{
			"weight": 1.0,
			"key": "create:cut_ochrum_brick_stairs"
		},
		{
			"weight": 1.0,
			"key": "create:cut_ochrum_brick_wall"
		},
		{
			"weight": 1.0,
			"key": "create:cut_ochrum_bricks"
		},
		{
			"weight": 1.0,
			"key": "create:cut_ochrum_slab"
		},
		{
			"weight": 1.0,
			"key": "create:cut_ochrum_stairs"
		},
		{
			"weight": 1.0,
			"key": "create:cut_ochrum_wall"
		},
		{
			"weight": 1.0,
			"key": "create:cut_scorchia"
		},
		{
			"weight": 1.0,
			"key": "create:cut_scorchia_brick_slab"
		},
		{
			"weight": 1.0,
			"key": "create:cut_scorchia_brick_stairs"
		},
		{
			"weight": 1.0,
			"key": "create:cut_scorchia_brick_wall"
		},
		{
			"weight": 1.0,
			"key": "create:cut_scorchia_bricks"
		},
		{
			"weight": 1.0,
			"key": "create:cut_scorchia_slab"
		},
		{
			"weight": 1.0,
			"key": "create:cut_scorchia_stairs"
		},
		{
			"weight": 1.0,
			"key": "create:cut_scorchia_wall"
		},
		{
			"weight": 1.0,
			"key": "create:cut_scoria"
		},
		{
			"weight": 1.0,
			"key": "create:cut_scoria_brick_slab"
		},
		{
			"weight": 1.0,
			"key": "create:cut_scoria_brick_stairs"
		},
		{
			"weight": 1.0,
			"key": "create:cut_scoria_brick_wall"
		},
		{
			"weight": 1.0,
			"key": "create:cut_scoria_bricks"
		},
		{
			"weight": 1.0,
			"key": "create:cut_scoria_slab"
		},
		{
			"weight": 1.0,
			"key": "create:cut_scoria_stairs"
		},
		{
			"weight": 1.0,
			"key": "create:cut_scoria_wall"
		},
		{
			"weight": 1.0,
			"key": "create:cut_tuff"
		},
		{
			"weight": 1.0,
			"key": "create:cut_tuff_brick_slab"
		},
		{
			"weight": 1.0,
			"key": "create:cut_tuff_brick_stairs"
		},
		{
			"weight": 1.0,
			"key": "create:cut_tuff_brick_wall"
		},
		{
			"weight": 1.0,
			"key": "create:cut_tuff_bricks"
		},
		{
			"weight": 1.0,
			"key": "create:cut_tuff_slab"
		},
		{
			"weight": 1.0,
			"key": "create:cut_tuff_stairs"
		},
		{
			"weight": 1.0,
			"key": "create:cut_tuff_wall"
		},
		{
			"weight": 1.0,
			"key": "create:cut_veridium"
		},
		{
			"weight": 1.0,
			"key": "create:cut_veridium_brick_slab"
		},
		{
			"weight": 1.0,
			"key": "create:cut_veridium_brick_stairs"
		},
		{
			"weight": 1.0,
			"key": "create:cut_veridium_brick_wall"
		},
		{
			"weight": 1.0,
			"key": "create:cut_veridium_bricks"
		},
		{
			"weight": 1.0,
			"key": "create:cut_veridium_slab"
		},
		{
			"weight": 1.0,
			"key": "create:cut_veridium_stairs"
		},
		{
			"weight": 1.0,
			"key": "create:cut_veridium_wall"
		},
		{
			"weight": 1.0,
			"key": "create:cyan_postbox"
		},
		{
			"weight": 1.0,
			"key": "create:cyan_seat"
		},
		{
			"weight": 1.0,
			"key": "create:cyan_table_cloth"
		},
		{
			"weight": 1.0,
			"key": "create:cyan_toolbox"
		},
		{
			"weight": 1.0,
			"key": "create:cyan_valve_handle"
		},
		{
			"weight": 1.0,
			"key": "create:dark_oak_window"
		},
		{
			"weight": 1.0,
			"key": "create:dark_oak_window_pane"
		},
		{
			"weight": 1.0,
			"key": "create:deepslate_pillar"
		},
		{
			"weight": 1.0,
			"key": "create:deepslate_zinc_ore"
		},
		{
			"weight": 1.0,
			"key": "create:deployer"
		},
		{
			"weight": 1.0,
			"key": "create:depot"
		},
		{
			"weight": 1.0,
			"key": "create:desk_bell"
		},
		{
			"weight": 1.0,
			"key": "create:diorite_pillar"
		},
		{
			"weight": 1.0,
			"key": "create:display_board"
		},
		{
			"weight": 1.0,
			"key": "create:display_link"
		},
		{
			"weight": 1.0,
			"key": "create:dough"
		},
		{
			"weight": 1.0,
			"key": "create:dripstone_pillar"
		},
		{
			"weight": 1.0,
			"key": "create:electron_tube"
		},
		{
			"weight": 1.0,
			"key": "create:elevator_contact"
		},
		{
			"weight": 1.0,
			"key": "create:elevator_pulley"
		},
		{
			"weight": 1.0,
			"key": "create:empty_blaze_burner"
		},
		{
			"weight": 1.0,
			"key": "create:empty_schematic"
		},
		{
			"weight": 1.0,
			"key": "create:encased_chain_drive"
		},
		{
			"weight": 1.0,
			"key": "create:encased_fan"
		},
		{
			"weight": 1.0,
			"key": "create:experience_block"
		},
		{
			"weight": 1.0,
			"key": "create:experience_nugget"
		},
		{
			"weight": 1.0,
			"key": "create:exposed_copper_shingle_slab"
		},
		{
			"weight": 1.0,
			"key": "create:exposed_copper_shingle_stairs"
		},
		{
			"weight": 1.0,
			"key": "create:exposed_copper_shingles"
		},
		{
			"weight": 1.0,
			"key": "create:exposed_copper_tile_slab"
		},
		{
			"weight": 1.0,
			"key": "create:exposed_copper_tile_stairs"
		},
		{
			"weight": 1.0,
			"key": "create:exposed_copper_tiles"
		},
		{
			"weight": 1.0,
			"key": "create:extendo_grip"
		},
		{
			"weight": 1.0,
			"key": "create:factory_gauge"
		},
		{
			"weight": 1.0,
			"key": "create:filter"
		},
		{
			"weight": 1.0,
			"key": "create:fluid_pipe"
		},
		{
			"weight": 1.0,
			"key": "create:fluid_tank"
		},
		{
			"weight": 1.0,
			"key": "create:fluid_valve"
		},
		{
			"weight": 1.0,
			"key": "create:flywheel"
		},
		{
			"weight": 1.0,
			"key": "create:framed_glass"
		},
		{
			"weight": 1.0,
			"key": "create:framed_glass_door"
		},
		{
			"weight": 1.0,
			"key": "create:framed_glass_pane"
		},
		{
			"weight": 1.0,
			"key": "create:framed_glass_trapdoor"
		},
		{
			"weight": 1.0,
			"key": "create:furnace_minecart_contraption"
		},
		{
			"weight": 1.0,
			"key": "create:gantry_carriage"
		},
		{
			"weight": 1.0,
			"key": "create:gantry_shaft"
		},
		{
			"weight": 1.0,
			"key": "create:gearbox"
		},
		{
			"weight": 1.0,
			"key": "create:gearshift"
		},
		{
			"weight": 1.0,
			"key": "create:goggles"
		},
		{
			"weight": 1.0,
			"key": "create:golden_sheet"
		},
		{
			"weight": 1.0,
			"key": "create:granite_pillar"
		},
		{
			"weight": 1.0,
			"key": "create:gray_postbox"
		},
		{
			"weight": 1.0,
			"key": "create:gray_seat"
		},
		{
			"weight": 1.0,
			"key": "create:gray_table_cloth"
		},
		{
			"weight": 1.0,
			"key": "create:gray_toolbox"
		},
		{
			"weight": 1.0,
			"key": "create:gray_valve_handle"
		},
		{
			"weight": 1.0,
			"key": "create:green_postbox"
		},
		{
			"weight": 1.0,
			"key": "create:green_seat"
		},
		{
			"weight": 1.0,
			"key": "create:green_table_cloth"
		},
		{
			"weight": 1.0,
			"key": "create:green_toolbox"
		},
		{
			"weight": 1.0,
			"key": "create:green_valve_handle"
		},
		{
			"weight": 1.0,
			"key": "create:hand_crank"
		},
		{
			"weight": 1.0,
			"key": "create:handheld_worldshaper"
		},
		{
			"weight": 1.0,
			"key": "create:haunted_bell"
		},
		{
			"weight": 1.0,
			"key": "create:honey_bucket"
		},
		{
			"weight": 1.0,
			"key": "create:honeyed_apple"
		},
		{
			"weight": 1.0,
			"key": "create:horizontal_framed_glass"
		},
		{
			"weight": 1.0,
			"key": "create:horizontal_framed_glass_pane"
		},
		{
			"weight": 1.0,
			"key": "create:hose_pulley"
		},
		{
			"weight": 1.0,
			"key": "create:incomplete_precision_mechanism"
		},
		{
			"weight": 1.0,
			"key": "create:incomplete_track"
		},
		{
			"weight": 1.0,
			"key": "create:industrial_iron_block"
		},
		{
			"weight": 1.0,
			"key": "create:industrial_iron_window"
		},
		{
			"weight": 1.0,
			"key": "create:industrial_iron_window_pane"
		},
		{
			"weight": 1.0,
			"key": "create:iron_sheet"
		},
		{
			"weight": 1.0,
			"key": "create:item_drain"
		},
		{
			"weight": 1.0,
			"key": "create:item_hatch"
		},
		{
			"weight": 1.0,
			"key": "create:item_vault"
		},
		{
			"weight": 1.0,
			"key": "create:jungle_window"
		},
		{
			"weight": 1.0,
			"key": "create:jungle_window_pane"
		},
		{
			"weight": 1.0,
			"key": "create:large_cogwheel"
		},
		{
			"weight": 1.0,
			"key": "create:large_water_wheel"
		},
		{
			"weight": 1.0,
			"key": "create:layered_andesite"
		},
		{
			"weight": 1.0,
			"key": "create:layered_asurine"
		},
		{
			"weight": 1.0,
			"key": "create:layered_calcite"
		},
		{
			"weight": 1.0,
			"key": "create:layered_crimsite"
		},
		{
			"weight": 1.0,
			"key": "create:layered_deepslate"
		},
		{
			"weight": 1.0,
			"key": "create:layered_diorite"
		},
		{
			"weight": 1.0,
			"key": "create:layered_dripstone"
		},
		{
			"weight": 1.0,
			"key": "create:layered_granite"
		},
		{
			"weight": 1.0,
			"key": "create:layered_limestone"
		},
		{
			"weight": 1.0,
			"key": "create:layered_ochrum"
		},
		{
			"weight": 1.0,
			"key": "create:layered_scorchia"
		},
		{
			"weight": 1.0,
			"key": "create:layered_scoria"
		},
		{
			"weight": 1.0,
			"key": "create:layered_tuff"
		},
		{
			"weight": 1.0,
			"key": "create:layered_veridium"
		},
		{
			"weight": 1.0,
			"key": "create:light_blue_postbox"
		},
		{
			"weight": 1.0,
			"key": "create:light_blue_seat"
		},
		{
			"weight": 1.0,
			"key": "create:light_blue_table_cloth"
		},
		{
			"weight": 1.0,
			"key": "create:light_blue_toolbox"
		},
		{
			"weight": 1.0,
			"key": "create:light_blue_valve_handle"
		},
		{
			"weight": 1.0,
			"key": "create:light_gray_postbox"
		},
		{
			"weight": 1.0,
			"key": "create:light_gray_seat"
		},
		{
			"weight": 1.0,
			"key": "create:light_gray_table_cloth"
		},
		{
			"weight": 1.0,
			"key": "create:light_gray_toolbox"
		},
		{
			"weight": 1.0,
			"key": "create:light_gray_valve_handle"
		},
		{
			"weight": 1.0,
			"key": "create:lime_postbox"
		},
		{
			"weight": 1.0,
			"key": "create:lime_seat"
		},
		{
			"weight": 1.0,
			"key": "create:lime_table_cloth"
		},
		{
			"weight": 1.0,
			"key": "create:lime_toolbox"
		},
		{
			"weight": 1.0,
			"key": "create:lime_valve_handle"
		},
		{
			"weight": 1.0,
			"key": "create:limestone"
		},
		{
			"weight": 1.0,
			"key": "create:limestone_pillar"
		},
		{
			"weight": 1.0,
			"key": "create:linear_chassis"
		},
		{
			"weight": 1.0,
			"key": "create:linked_controller"
		},
		{
			"weight": 1.0,
			"key": "create:magenta_postbox"
		},
		{
			"weight": 1.0,
			"key": "create:magenta_seat"
		},
		{
			"weight": 1.0,
			"key": "create:magenta_table_cloth"
		},
		{
			"weight": 1.0,
			"key": "create:magenta_toolbox"
		},
		{
			"weight": 1.0,
			"key": "create:magenta_valve_handle"
		},
		{
			"weight": 1.0,
			"key": "create:mangrove_window"
		},
		{
			"weight": 1.0,
			"key": "create:mangrove_window_pane"
		},
		{
			"weight": 1.0,
			"key": "create:mechanical_arm"
		},
		{
			"weight": 1.0,
			"key": "create:mechanical_bearing"
		},
		{
			"weight": 1.0,
			"key": "create:mechanical_crafter"
		},
		{
			"weight": 1.0,
			"key": "create:mechanical_drill"
		},
		{
			"weight": 1.0,
			"key": "create:mechanical_harvester"
		},
		{
			"weight": 1.0,
			"key": "create:mechanical_mixer"
		},
		{
			"weight": 1.0,
			"key": "create:mechanical_piston"
		},
		{
			"weight": 1.0,
			"key": "create:mechanical_plough"
		},
		{
			"weight": 1.0,
			"key": "create:mechanical_press"
		},
		{
			"weight": 1.0,
			"key": "create:mechanical_pump"
		},
		{
			"weight": 1.0,
			"key": "create:mechanical_roller"
		},
		{
			"weight": 1.0,
			"key": "create:mechanical_saw"
		},
		{
			"weight": 1.0,
			"key": "create:metal_bracket"
		},
		{
			"weight": 1.0,
			"key": "create:metal_girder"
		},
		{
			"weight": 1.0,
			"key": "create:millstone"
		},
		{
			"weight": 1.0,
			"key": "create:minecart_contraption"
		},
		{
			"weight": 1.0,
			"key": "create:minecart_coupling"
		},
		{
			"weight": 1.0,
			"key": "create:mysterious_cuckoo_clock"
		},
		{
			"weight": 1.0,
			"key": "create:netherite_backtank"
		},
		{
			"weight": 1.0,
			"key": "create:netherite_backtank_placeable"
		},
		{
			"weight": 1.0,
			"key": "create:netherite_diving_boots"
		},
		{
			"weight": 1.0,
			"key": "create:netherite_diving_helmet"
		},
		{
			"weight": 1.0,
			"key": "create:nixie_tube"
		},
		{
			"weight": 1.0,
			"key": "create:nozzle"
		},
		{
			"weight": 1.0,
			"key": "create:oak_window"
		},
		{
			"weight": 1.0,
			"key": "create:oak_window_pane"
		},
		{
			"weight": 1.0,
			"key": "create:ochrum"
		},
		{
			"weight": 1.0,
			"key": "create:ochrum_pillar"
		},
		{
			"weight": 1.0,
			"key": "create:orange_postbox"
		},
		{
			"weight": 1.0,
			"key": "create:orange_seat"
		},
		{
			"weight": 1.0,
			"key": "create:orange_table_cloth"
		},
		{
			"weight": 1.0,
			"key": "create:orange_toolbox"
		},
		{
			"weight": 1.0,
			"key": "create:orange_valve_handle"
		},
		{
			"weight": 1.0,
			"key": "create:ornate_iron_window"
		},
		{
			"weight": 1.0,
			"key": "create:ornate_iron_window_pane"
		},
		{
			"weight": 1.0,
			"key": "create:oxidized_copper_shingle_slab"
		},
		{
			"weight": 1.0,
			"key": "create:oxidized_copper_shingle_stairs"
		},
		{
			"weight": 1.0,
			"key": "create:oxidized_copper_shingles"
		},
		{
			"weight": 1.0,
			"key": "create:oxidized_copper_tile_slab"
		},
		{
			"weight": 1.0,
			"key": "create:oxidized_copper_tile_stairs"
		},
		{
			"weight": 1.0,
			"key": "create:oxidized_copper_tiles"
		},
		{
			"weight": 1.0,
			"key": "create:package_filter"
		},
		{
			"weight": 1.0,
			"key": "create:package_frogport"
		},
		{
			"weight": 1.0,
			"key": "create:packager"
		},
		{
			"weight": 1.0,
			"key": "create:peculiar_bell"
		},
		{
			"weight": 1.0,
			"key": "create:pink_postbox"
		},
		{
			"weight": 1.0,
			"key": "create:pink_seat"
		},
		{
			"weight": 1.0,
			"key": "create:pink_table_cloth"
		},
		{
			"weight": 1.0,
			"key": "create:pink_toolbox"
		},
		{
			"weight": 1.0,
			"key": "create:pink_valve_handle"
		},
		{
			"weight": 1.0,
			"key": "create:piston_extension_pole"
		},
		{
			"weight": 1.0,
			"key": "create:placard"
		},
		{
			"weight": 1.0,
			"key": "create:polished_cut_andesite"
		},
		{
			"weight": 1.0,
			"key": "create:polished_cut_andesite_slab"
		},
		{
			"weight": 1.0,
			"key": "create:polished_cut_andesite_stairs"
		},
		{
			"weight": 1.0,
			"key": "create:polished_cut_andesite_wall"
		},
		{
			"weight": 1.0,
			"key": "create:polished_cut_asurine"
		},
		{
			"weight": 1.0,
			"key": "create:polished_cut_asurine_slab"
		},
		{
			"weight": 1.0,
			"key": "create:polished_cut_asurine_stairs"
		},
		{
			"weight": 1.0,
			"key": "create:polished_cut_asurine_wall"
		},
		{
			"weight": 1.0,
			"key": "create:polished_cut_calcite"
		},
		{
			"weight": 1.0,
			"key": "create:polished_cut_calcite_slab"
		},
		{
			"weight": 1.0,
			"key": "create:polished_cut_calcite_stairs"
		},
		{
			"weight": 1.0,
			"key": "create:polished_cut_calcite_wall"
		},
		{
			"weight": 1.0,
			"key": "create:polished_cut_crimsite"
		},
		{
			"weight": 1.0,
			"key": "create:polished_cut_crimsite_slab"
		},
		{
			"weight": 1.0,
			"key": "create:polished_cut_crimsite_stairs"
		},
		{
			"weight": 1.0,
			"key": "create:polished_cut_crimsite_wall"
		},
		{
			"weight": 1.0,
			"key": "create:polished_cut_deepslate"
		},
		{
			"weight": 1.0,
			"key": "create:polished_cut_deepslate_slab"
		},
		{
			"weight": 1.0,
			"key": "create:polished_cut_deepslate_stairs"
		},
		{
			"weight": 1.0,
			"key": "create:polished_cut_deepslate_wall"
		},
		{
			"weight": 1.0,
			"key": "create:polished_cut_diorite"
		},
		{
			"weight": 1.0,
			"key": "create:polished_cut_diorite_slab"
		},
		{
			"weight": 1.0,
			"key": "create:polished_cut_diorite_stairs"
		},
		{
			"weight": 1.0,
			"key": "create:polished_cut_diorite_wall"
		},
		{
			"weight": 1.0,
			"key": "create:polished_cut_dripstone"
		},
		{
			"weight": 1.0,
			"key": "create:polished_cut_dripstone_slab"
		},
		{
			"weight": 1.0,
			"key": "create:polished_cut_dripstone_stairs"
		},
		{
			"weight": 1.0,
			"key": "create:polished_cut_dripstone_wall"
		},
		{
			"weight": 1.0,
			"key": "create:polished_cut_granite"
		},
		{
			"weight": 1.0,
			"key": "create:polished_cut_granite_slab"
		},
		{
			"weight": 1.0,
			"key": "create:polished_cut_granite_stairs"
		},
		{
			"weight": 1.0,
			"key": "create:polished_cut_granite_wall"
		},
		{
			"weight": 1.0,
			"key": "create:polished_cut_limestone"
		},
		{
			"weight": 1.0,
			"key": "create:polished_cut_limestone_slab"
		},
		{
			"weight": 1.0,
			"key": "create:polished_cut_limestone_stairs"
		},
		{
			"weight": 1.0,
			"key": "create:polished_cut_limestone_wall"
		},
		{
			"weight": 1.0,
			"key": "create:polished_cut_ochrum"
		},
		{
			"weight": 1.0,
			"key": "create:polished_cut_ochrum_slab"
		},
		{
			"weight": 1.0,
			"key": "create:polished_cut_ochrum_stairs"
		},
		{
			"weight": 1.0,
			"key": "create:polished_cut_ochrum_wall"
		},
		{
			"weight": 1.0,
			"key": "create:polished_cut_scorchia"
		},
		{
			"weight": 1.0,
			"key": "create:polished_cut_scorchia_slab"
		},
		{
			"weight": 1.0,
			"key": "create:polished_cut_scorchia_stairs"
		},
		{
			"weight": 1.0,
			"key": "create:polished_cut_scorchia_wall"
		},
		{
			"weight": 1.0,
			"key": "create:polished_cut_scoria"
		},
		{
			"weight": 1.0,
			"key": "create:polished_cut_scoria_slab"
		},
		{
			"weight": 1.0,
			"key": "create:polished_cut_scoria_stairs"
		},
		{
			"weight": 1.0,
			"key": "create:polished_cut_scoria_wall"
		},
		{
			"weight": 1.0,
			"key": "create:polished_cut_tuff"
		},
		{
			"weight": 1.0,
			"key": "create:polished_cut_tuff_slab"
		},
		{
			"weight": 1.0,
			"key": "create:polished_cut_tuff_stairs"
		},
		{
			"weight": 1.0,
			"key": "create:polished_cut_tuff_wall"
		},
		{
			"weight": 1.0,
			"key": "create:polished_cut_veridium"
		},
		{
			"weight": 1.0,
			"key": "create:polished_cut_veridium_slab"
		},
		{
			"weight": 1.0,
			"key": "create:polished_cut_veridium_stairs"
		},
		{
			"weight": 1.0,
			"key": "create:polished_cut_veridium_wall"
		},
		{
			"weight": 1.0,
			"key": "create:polished_rose_quartz"
		},
		{
			"weight": 1.0,
			"key": "create:portable_fluid_interface"
		},
		{
			"weight": 1.0,
			"key": "create:portable_storage_interface"
		},
		{
			"weight": 1.0,
			"key": "create:potato_cannon"
		},
		{
			"weight": 1.0,
			"key": "create:powdered_obsidian"
		},
		{
			"weight": 1.0,
			"key": "create:powered_latch"
		},
		{
			"weight": 1.0,
			"key": "create:powered_toggle_latch"
		},
		{
			"weight": 1.0,
			"key": "create:precision_mechanism"
		},
		{
			"weight": 1.0,
			"key": "create:propeller"
		},
		{
			"weight": 1.0,
			"key": "create:pulp"
		},
		{
			"weight": 1.0,
			"key": "create:pulse_extender"
		},
		{
			"weight": 1.0,
			"key": "create:pulse_repeater"
		},
		{
			"weight": 1.0,
			"key": "create:pulse_timer"
		},
		{
			"weight": 1.0,
			"key": "create:purple_postbox"
		},
		{
			"weight": 1.0,
			"key": "create:purple_seat"
		},
		{
			"weight": 1.0,
			"key": "create:purple_table_cloth"
		},
		{
			"weight": 1.0,
			"key": "create:purple_toolbox"
		},
		{
			"weight": 1.0,
			"key": "create:purple_valve_handle"
		},
		{
			"weight": 1.0,
			"key": "create:radial_chassis"
		},
		{
			"weight": 1.0,
			"key": "create:railway_casing"
		},
		{
			"weight": 1.0,
			"key": "create:rare_creeper_package"
		},
		{
			"weight": 1.0,
			"key": "create:rare_darcy_package"
		},
		{
			"weight": 1.0,
			"key": "create:rare_evan_package"
		},
		{
			"weight": 1.0,
			"key": "create:rare_jinx_package"
		},
		{
			"weight": 1.0,
			"key": "create:rare_kryppers_package"
		},
		{
			"weight": 1.0,
			"key": "create:rare_simi_package"
		},
		{
			"weight": 1.0,
			"key": "create:rare_starlotte_package"
		},
		{
			"weight": 1.0,
			"key": "create:rare_thunder_package"
		},
		{
			"weight": 1.0,
			"key": "create:rare_up_package"
		},
		{
			"weight": 1.0,
			"key": "create:rare_vector_package"
		},
		{
			"weight": 1.0,
			"key": "create:raw_zinc"
		},
		{
			"weight": 1.0,
			"key": "create:raw_zinc_block"
		},
		{
			"weight": 1.0,
			"key": "create:red_postbox"
		},
		{
			"weight": 1.0,
			"key": "create:red_sand_paper"
		},
		{
			"weight": 1.0,
			"key": "create:red_seat"
		},
		{
			"weight": 1.0,
			"key": "create:red_table_cloth"
		},
		{
			"weight": 1.0,
			"key": "create:red_toolbox"
		},
		{
			"weight": 1.0,
			"key": "create:red_valve_handle"
		},
		{
			"weight": 1.0,
			"key": "create:redstone_contact"
		},
		{
			"weight": 1.0,
			"key": "create:redstone_link"
		},
		{
			"weight": 1.0,
			"key": "create:redstone_requester"
		},
		{
			"weight": 1.0,
			"key": "create:refined_radiance"
		},
		{
			"weight": 1.0,
			"key": "create:refined_radiance_casing"
		},
		{
			"weight": 1.0,
			"key": "create:repackager"
		},
		{
			"weight": 1.0,
			"key": "create:rope_pulley"
		},
		{
			"weight": 1.0,
			"key": "create:rose_quartz"
		},
		{
			"weight": 1.0,
			"key": "create:rose_quartz_block"
		},
		{
			"weight": 1.0,
			"key": "create:rose_quartz_lamp"
		},
		{
			"weight": 1.0,
			"key": "create:rose_quartz_tiles"
		},
		{
			"weight": 1.0,
			"key": "create:rotation_speed_controller"
		},
		{
			"weight": 1.0,
			"key": "create:sail_frame"
		},
		{
			"weight": 1.0,
			"key": "create:sand_paper"
		},
		{
			"weight": 1.0,
			"key": "create:schedule"
		},
		{
			"weight": 1.0,
			"key": "create:schematic"
		},
		{
			"weight": 1.0,
			"key": "create:schematic_and_quill"
		},
		{
			"weight": 1.0,
			"key": "create:schematic_table"
		},
		{
			"weight": 1.0,
			"key": "create:schematicannon"
		},
		{
			"weight": 1.0,
			"key": "create:scorchia"
		},
		{
			"weight": 1.0,
			"key": "create:scorchia_pillar"
		},
		{
			"weight": 1.0,
			"key": "create:scoria"
		},
		{
			"weight": 1.0,
			"key": "create:scoria_pillar"
		},
		{
			"weight": 1.0,
			"key": "create:secondary_linear_chassis"
		},
		{
			"weight": 1.0,
			"key": "create:sequenced_gearshift"
		},
		{
			"weight": 1.0,
			"key": "create:shadow_steel"
		},
		{
			"weight": 1.0,
			"key": "create:shadow_steel_casing"
		},
		{
			"weight": 1.0,
			"key": "create:shaft"
		},
		{
			"weight": 1.0,
			"key": "create:shopping_list"
		},
		{
			"weight": 1.0,
			"key": "create:small_andesite_brick_slab"
		},
		{
			"weight": 1.0,
			"key": "create:small_andesite_brick_stairs"
		},
		{
			"weight": 1.0,
			"key": "create:small_andesite_brick_wall"
		},
		{
			"weight": 1.0,
			"key": "create:small_andesite_bricks"
		},
		{
			"weight": 1.0,
			"key": "create:small_asurine_brick_slab"
		},
		{
			"weight": 1.0,
			"key": "create:small_asurine_brick_stairs"
		},
		{
			"weight": 1.0,
			"key": "create:small_asurine_brick_wall"
		},
		{
			"weight": 1.0,
			"key": "create:small_asurine_bricks"
		},
		{
			"weight": 1.0,
			"key": "create:small_calcite_brick_slab"
		},
		{
			"weight": 1.0,
			"key": "create:small_calcite_brick_stairs"
		},
		{
			"weight": 1.0,
			"key": "create:small_calcite_brick_wall"
		},
		{
			"weight": 1.0,
			"key": "create:small_calcite_bricks"
		},
		{
			"weight": 1.0,
			"key": "create:small_crimsite_brick_slab"
		},
		{
			"weight": 1.0,
			"key": "create:small_crimsite_brick_stairs"
		},
		{
			"weight": 1.0,
			"key": "create:small_crimsite_brick_wall"
		},
		{
			"weight": 1.0,
			"key": "create:small_crimsite_bricks"
		},
		{
			"weight": 1.0,
			"key": "create:small_deepslate_brick_slab"
		},
		{
			"weight": 1.0,
			"key": "create:small_deepslate_brick_stairs"
		},
		{
			"weight": 1.0,
			"key": "create:small_deepslate_brick_wall"
		},
		{
			"weight": 1.0,
			"key": "create:small_deepslate_bricks"
		},
		{
			"weight": 1.0,
			"key": "create:small_diorite_brick_slab"
		},
		{
			"weight": 1.0,
			"key": "create:small_diorite_brick_stairs"
		},
		{
			"weight": 1.0,
			"key": "create:small_diorite_brick_wall"
		},
		{
			"weight": 1.0,
			"key": "create:small_diorite_bricks"
		},
		{
			"weight": 1.0,
			"key": "create:small_dripstone_brick_slab"
		},
		{
			"weight": 1.0,
			"key": "create:small_dripstone_brick_stairs"
		},
		{
			"weight": 1.0,
			"key": "create:small_dripstone_brick_wall"
		},
		{
			"weight": 1.0,
			"key": "create:small_dripstone_bricks"
		},
		{
			"weight": 1.0,
			"key": "create:small_granite_brick_slab"
		},
		{
			"weight": 1.0,
			"key": "create:small_granite_brick_stairs"
		},
		{
			"weight": 1.0,
			"key": "create:small_granite_brick_wall"
		},
		{
			"weight": 1.0,
			"key": "create:small_granite_bricks"
		},
		{
			"weight": 1.0,
			"key": "create:small_limestone_brick_slab"
		},
		{
			"weight": 1.0,
			"key": "create:small_limestone_brick_stairs"
		},
		{
			"weight": 1.0,
			"key": "create:small_limestone_brick_wall"
		},
		{
			"weight": 1.0,
			"key": "create:small_limestone_bricks"
		},
		{
			"weight": 1.0,
			"key": "create:small_ochrum_brick_slab"
		},
		{
			"weight": 1.0,
			"key": "create:small_ochrum_brick_stairs"
		},
		{
			"weight": 1.0,
			"key": "create:small_ochrum_brick_wall"
		},
		{
			"weight": 1.0,
			"key": "create:small_ochrum_bricks"
		},
		{
			"weight": 1.0,
			"key": "create:small_rose_quartz_tiles"
		},
		{
			"weight": 1.0,
			"key": "create:small_scorchia_brick_slab"
		},
		{
			"weight": 1.0,
			"key": "create:small_scorchia_brick_stairs"
		},
		{
			"weight": 1.0,
			"key": "create:small_scorchia_brick_wall"
		},
		{
			"weight": 1.0,
			"key": "create:small_scorchia_bricks"
		},
		{
			"weight": 1.0,
			"key": "create:small_scoria_brick_slab"
		},
		{
			"weight": 1.0,
			"key": "create:small_scoria_brick_stairs"
		},
		{
			"weight": 1.0,
			"key": "create:small_scoria_brick_wall"
		},
		{
			"weight": 1.0,
			"key": "create:small_scoria_bricks"
		},
		{
			"weight": 1.0,
			"key": "create:small_tuff_brick_slab"
		},
		{
			"weight": 1.0,
			"key": "create:small_tuff_brick_stairs"
		},
		{
			"weight": 1.0,
			"key": "create:small_tuff_brick_wall"
		},
		{
			"weight": 1.0,
			"key": "create:small_tuff_bricks"
		},
		{
			"weight": 1.0,
			"key": "create:small_veridium_brick_slab"
		},
		{
			"weight": 1.0,
			"key": "create:small_veridium_brick_stairs"
		},
		{
			"weight": 1.0,
			"key": "create:small_veridium_brick_wall"
		},
		{
			"weight": 1.0,
			"key": "create:small_veridium_bricks"
		},
		{
			"weight": 1.0,
			"key": "create:smart_chute"
		},
		{
			"weight": 1.0,
			"key": "create:smart_fluid_pipe"
		},
		{
			"weight": 1.0,
			"key": "create:speedometer"
		},
		{
			"weight": 1.0,
			"key": "create:spout"
		},
		{
			"weight": 1.0,
			"key": "create:spruce_window"
		},
		{
			"weight": 1.0,
			"key": "create:spruce_window_pane"
		},
		{
			"weight": 1.0,
			"key": "create:steam_engine"
		},
		{
			"weight": 1.0,
			"key": "create:steam_whistle"
		},
		{
			"weight": 1.0,
			"key": "create:sticker"
		},
		{
			"weight": 1.0,
			"key": "create:sticky_mechanical_piston"
		},
		{
			"weight": 1.0,
			"key": "create:stock_link"
		},
		{
			"weight": 1.0,
			"key": "create:stock_ticker"
		},
		{
			"weight": 1.0,
			"key": "create:stockpile_switch"
		},
		{
			"weight": 1.0,
			"key": "create:stressometer"
		},
		{
			"weight": 1.0,
			"key": "create:sturdy_sheet"
		},
		{
			"weight": 1.0,
			"key": "create:super_glue"
		},
		{
			"weight": 1.0,
			"key": "create:sweet_roll"
		},
		{
			"weight": 1.0,
			"key": "create:tiled_glass"
		},
		{
			"weight": 1.0,
			"key": "create:tiled_glass_pane"
		},
		{
			"weight": 1.0,
			"key": "create:track"
		},
		{
			"weight": 1.0,
			"key": "create:track_observer"
		},
		{
			"weight": 1.0,
			"key": "create:track_signal"
		},
		{
			"weight": 1.0,
			"key": "create:track_station"
		},
		{
			"weight": 1.0,
			"key": "create:train_door"
		},
		{
			"weight": 1.0,
			"key": "create:train_trapdoor"
		},
		{
			"weight": 1.0,
			"key": "create:transmitter"
		},
		{
			"weight": 1.0,
			"key": "create:tree_fertilizer"
		},
		{
			"weight": 1.0,
			"key": "create:tuff_pillar"
		},
		{
			"weight": 1.0,
			"key": "create:turntable"
		},
		{
			"weight": 1.0,
			"key": "create:unprocessed_obsidian_sheet"
		},
		{
			"weight": 1.0,
			"key": "create:veridium"
		},
		{
			"weight": 1.0,
			"key": "create:veridium_pillar"
		},
		{
			"weight": 1.0,
			"key": "create:vertical_framed_glass"
		},
		{
			"weight": 1.0,
			"key": "create:vertical_framed_glass_pane"
		},
		{
			"weight": 1.0,
			"key": "create:vertical_gearbox"
		},
		{
			"weight": 1.0,
			"key": "create:wand_of_symmetry"
		},
		{
			"weight": 1.0,
			"key": "create:warped_window"
		},
		{
			"weight": 1.0,
			"key": "create:warped_window_pane"
		},
		{
			"weight": 1.0,
			"key": "create:water_wheel"
		},
		{
			"weight": 1.0,
			"key": "create:waxed_copper_shingle_slab"
		},
		{
			"weight": 1.0,
			"key": "create:waxed_copper_shingle_stairs"
		},
		{
			"weight": 1.0,
			"key": "create:waxed_copper_shingles"
		},
		{
			"weight": 1.0,
			"key": "create:waxed_copper_tile_slab"
		},
		{
			"weight": 1.0,
			"key": "create:waxed_copper_tile_stairs"
		},
		{
			"weight": 1.0,
			"key": "create:waxed_copper_tiles"
		},
		{
			"weight": 1.0,
			"key": "create:waxed_exposed_copper_shingle_slab"
		},
		{
			"weight": 1.0,
			"key": "create:waxed_exposed_copper_shingle_stairs"
		},
		{
			"weight": 1.0,
			"key": "create:waxed_exposed_copper_shingles"
		},
		{
			"weight": 1.0,
			"key": "create:waxed_exposed_copper_tile_slab"
		},
		{
			"weight": 1.0,
			"key": "create:waxed_exposed_copper_tile_stairs"
		},
		{
			"weight": 1.0,
			"key": "create:waxed_exposed_copper_tiles"
		},
		{
			"weight": 1.0,
			"key": "create:waxed_oxidized_copper_shingle_slab"
		},
		{
			"weight": 1.0,
			"key": "create:waxed_oxidized_copper_shingle_stairs"
		},
		{
			"weight": 1.0,
			"key": "create:waxed_oxidized_copper_shingles"
		},
		{
			"weight": 1.0,
			"key": "create:waxed_oxidized_copper_tile_slab"
		},
		{
			"weight": 1.0,
			"key": "create:waxed_oxidized_copper_tile_stairs"
		},
		{
			"weight": 1.0,
			"key": "create:waxed_oxidized_copper_tiles"
		},
		{
			"weight": 1.0,
			"key": "create:waxed_weathered_copper_shingle_slab"
		},
		{
			"weight": 1.0,
			"key": "create:waxed_weathered_copper_shingle_stairs"
		},
		{
			"weight": 1.0,
			"key": "create:waxed_weathered_copper_shingles"
		},
		{
			"weight": 1.0,
			"key": "create:waxed_weathered_copper_tile_slab"
		},
		{
			"weight": 1.0,
			"key": "create:waxed_weathered_copper_tile_stairs"
		},
		{
			"weight": 1.0,
			"key": "create:waxed_weathered_copper_tiles"
		},
		{
			"weight": 1.0,
			"key": "create:weathered_copper_shingle_slab"
		},
		{
			"weight": 1.0,
			"key": "create:weathered_copper_shingle_stairs"
		},
		{
			"weight": 1.0,
			"key": "create:weathered_copper_shingles"
		},
		{
			"weight": 1.0,
			"key": "create:weathered_copper_tile_slab"
		},
		{
			"weight": 1.0,
			"key": "create:weathered_copper_tile_stairs"
		},
		{
			"weight": 1.0,
			"key": "create:weathered_copper_tiles"
		},
		{
			"weight": 1.0,
			"key": "create:weathered_iron_block"
		},
		{
			"weight": 1.0,
			"key": "create:weathered_iron_window"
		},
		{
			"weight": 1.0,
			"key": "create:weathered_iron_window_pane"
		},
		{
			"weight": 1.0,
			"key": "create:weighted_ejector"
		},
		{
			"weight": 1.0,
			"key": "create:wheat_flour"
		},
		{
			"weight": 1.0,
			"key": "create:whisk"
		},
		{
			"weight": 1.0,
			"key": "create:white_postbox"
		},
		{
			"weight": 1.0,
			"key": "create:white_sail"
		},
		{
			"weight": 1.0,
			"key": "create:white_seat"
		},
		{
			"weight": 1.0,
			"key": "create:white_table_cloth"
		},
		{
			"weight": 1.0,
			"key": "create:white_toolbox"
		},
		{
			"weight": 1.0,
			"key": "create:white_valve_handle"
		},
		{
			"weight": 1.0,
			"key": "create:windmill_bearing"
		},
		{
			"weight": 1.0,
			"key": "create:wooden_bracket"
		},
		{
			"weight": 1.0,
			"key": "create:wrench"
		},
		{
			"weight": 1.0,
			"key": "create:yellow_postbox"
		},
		{
			"weight": 1.0,
			"key": "create:yellow_seat"
		},
		{
			"weight": 1.0,
			"key": "create:yellow_table_cloth"
		},
		{
			"weight": 1.0,
			"key": "create:yellow_toolbox"
		},
		{
			"weight": 1.0,
			"key": "create:yellow_valve_handle"
		},
		{
			"weight": 1.0,
			"key": "create:zinc_block"
		},
		{
			"weight": 1.0,
			"key": "create:zinc_ingot"
		},
		{
			"weight": 1.0,
			"key": "create:zinc_nugget"
		},
		{
			"weight": 1.0,
			"key": "create:zinc_ore"
		}
	]
}
