{
	"elements": [
		{
			"weight": 1.0,
			"key": "create:blaze_munch"
		},
		{
			"weight": 1.0,
			"key": "create:cardboard_bonk"
		},
		{
			"weight": 1.0,
			"key": "create:chiff"
		},
		{
			"weight": 1.0,
			"key": "create:clipboard_check"
		},
		{
			"weight": 1.0,
			"key": "create:clipboard_erase"
		},
		{
			"weight": 1.0,
			"key": "create:cogs"
		},
		{
			"weight": 1.0,
			"key": "create:confirm"
		},
		{
			"weight": 1.0,
			"key": "create:confirm_2"
		},
		{
			"weight": 1.0,
			"key": "create:contraption_assemble"
		},
		{
			"weight": 1.0,
			"key": "create:contraption_assemble_compounded_1"
		},
		{
			"weight": 1.0,
			"key": "create:contraption_disassemble"
		},
		{
			"weight": 1.0,
			"key": "create:controller_click"
		},
		{
			"weight": 1.0,
			"key": "create:controller_put"
		},
		{
			"weight": 1.0,
			"key": "create:controller_take"
		},
		{
			"weight": 1.0,
			"key": "create:copper_armor_equip"
		},
		{
			"weight": 1.0,
			"key": "create:crafter_click"
		},
		{
			"weight": 1.0,
			"key": "create:crafter_click_compounded_1"
		},
		{
			"weight": 1.0,
			"key": "create:crafter_craft"
		},
		{
			"weight": 1.0,
			"key": "create:cranking"
		},
		{
			"weight": 1.0,
			"key": "create:cranking_compounded_1"
		},
		{
			"weight": 1.0,
			"key": "create:crushing_1"
		},
		{
			"weight": 1.0,
			"key": "create:crushing_2"
		},
		{
			"weight": 1.0,
			"key": "create:crushing_3"
		},
		{
			"weight": 1.0,
			"key": "create:deny"
		},
		{
			"weight": 1.0,
			"key": "create:depot_plop"
		},
		{
			"weight": 1.0,
			"key": "create:depot_slide"
		},
		{
			"weight": 1.0,
			"key": "create:desk_bell"
		},
		{
			"weight": 1.0,
			"key": "create:frogport_catch"
		},
		{
			"weight": 1.0,
			"key": "create:frogport_close"
		},
		{
			"weight": 1.0,
			"key": "create:frogport_deposit"
		},
		{
			"weight": 1.0,
			"key": "create:frogport_open"
		},
		{
			"weight": 1.0,
			"key": "create:funnel_flap"
		},
		{
			"weight": 1.0,
			"key": "create:funnel_flap_compounded_1"
		},
		{
			"weight": 1.0,
			"key": "create:fwoomp"
		},
		{
			"weight": 1.0,
			"key": "create:haunted_bell_convert"
		},
		{
			"weight": 1.0,
			"key": "create:haunted_bell_use"
		},
		{
			"weight": 1.0,
			"key": "create:item_hatch"
		},
		{
			"weight": 1.0,
			"key": "create:item_hatch_compounded_1"
		},
		{
			"weight": 1.0,
			"key": "create:mechanical_press_activation"
		},
		{
			"weight": 1.0,
			"key": "create:mechanical_press_activation_belt"
		},
		{
			"weight": 1.0,
			"key": "create:mechanical_press_activation_belt_compounded_1"
		},
		{
			"weight": 1.0,
			"key": "create:mechanical_press_activation_compounded_1"
		},
		{
			"weight": 1.0,
			"key": "create:mixing"
		},
		{
			"weight": 1.0,
			"key": "create:mixing_compounded_1"
		},
		{
			"weight": 1.0,
			"key": "create:package_pop"
		},
		{
			"weight": 1.0,
			"key": "create:package_pop_compounded_1"
		},
		{
			"weight": 1.0,
			"key": "create:packager"
		},
		{
			"weight": 1.0,
			"key": "create:peculiar_bell_use"
		},
		{
			"weight": 1.0,
			"key": "create:potato_hit"
		},
		{
			"weight": 1.0,
			"key": "create:potato_hit_compounded_1"
		},
		{
			"weight": 1.0,
			"key": "create:sanding_long"
		},
		{
			"weight": 1.0,
			"key": "create:sanding_short"
		},
		{
			"weight": 1.0,
			"key": "create:saw_activate_stone"
		},
		{
			"weight": 1.0,
			"key": "create:saw_activate_wood"
		},
		{
			"weight": 1.0,
			"key": "create:schematicannon_finish"
		},
		{
			"weight": 1.0,
			"key": "create:schematicannon_launch_block"
		},
		{
			"weight": 1.0,
			"key": "create:scroll_value"
		},
		{
			"weight": 1.0,
			"key": "create:slime_added"
		},
		{
			"weight": 1.0,
			"key": "create:spout"
		},
		{
			"weight": 1.0,
			"key": "create:steam"
		},
		{
			"weight": 1.0,
			"key": "create:stock_link"
		},
		{
			"weight": 1.0,
			"key": "create:stock_ticker_request"
		},
		{
			"weight": 1.0,
			"key": "create:stock_ticker_trade"
		},
		{
			"weight": 1.0,
			"key": "create:train"
		},
		{
			"weight": 1.0,
			"key": "create:train2"
		},
		{
			"weight": 1.0,
			"key": "create:train3"
		},
		{
			"weight": 1.0,
			"key": "create:whistle"
		},
		{
			"weight": 1.0,
			"key": "create:whistle_high"
		},
		{
			"weight": 1.0,
			"key": "create:whistle_low"
		},
		{
			"weight": 1.0,
			"key": "create:whistle_train"
		},
		{
			"weight": 1.0,
			"key": "create:whistle_train_low"
		},
		{
			"weight": 1.0,
			"key": "create:whistle_train_manual"
		},
		{
			"weight": 1.0,
			"key": "create:whistle_train_manual_end"
		},
		{
			"weight": 1.0,
			"key": "create:whistle_train_manual_low"
		},
		{
			"weight": 1.0,
			"key": "create:whistle_train_manual_low_end"
		},
		{
			"weight": 1.0,
			"key": "create:worldshaper_place"
		},
		{
			"weight": 1.0,
			"key": "create:wrench_remove"
		},
		{
			"weight": 1.0,
			"key": "create:wrench_remove_compounded_1"
		},
		{
			"weight": 1.0,
			"key": "create:wrench_rotate"
		}
	]
}
