{
	"elements": [
		{
			"weight": 1.0,
			"key": {
				"fluidName": "create_dragons_plus:black_dye",
				"Name": "create_dragons_plus:black_dye"
			}
		},
		{
			"weight": 1.0,
			"key": {
				"fluidName": "create_dragons_plus:blue_dye",
				"Name": "create_dragons_plus:blue_dye"
			}
		},
		{
			"weight": 1.0,
			"key": {
				"fluidName": "create_dragons_plus:brown_dye",
				"Name": "create_dragons_plus:brown_dye"
			}
		},
		{
			"weight": 1.0,
			"key": {
				"fluidName": "create_dragons_plus:cyan_dye",
				"Name": "create_dragons_plus:cyan_dye"
			}
		},
		{
			"weight": 1.0,
			"key": {
				"fluidName": "create_dragons_plus:dragon_breath",
				"Name": "create_dragons_plus:dragon_breath"
			}
		},
		{
			"weight": 1.0,
			"key": {
				"fluidName": "create_dragons_plus:gray_dye",
				"Name": "create_dragons_plus:gray_dye"
			}
		},
		{
			"weight": 1.0,
			"key": {
				"fluidName": "create_dragons_plus:green_dye",
				"Name": "create_dragons_plus:green_dye"
			}
		},
		{
			"weight": 1.0,
			"key": {
				"fluidName": "create_dragons_plus:light_blue_dye",
				"Name": "create_dragons_plus:light_blue_dye"
			}
		},
		{
			"weight": 1.0,
			"key": {
				"fluidName": "create_dragons_plus:light_gray_dye",
				"Name": "create_dragons_plus:light_gray_dye"
			}
		},
		{
			"weight": 1.0,
			"key": {
				"fluidName": "create_dragons_plus:lime_dye",
				"Name": "create_dragons_plus:lime_dye"
			}
		},
		{
			"weight": 1.0,
			"key": {
				"fluidName": "create_dragons_plus:magenta_dye",
				"Name": "create_dragons_plus:magenta_dye"
			}
		},
		{
			"weight": 1.0,
			"key": {
				"fluidName": "create_dragons_plus:orange_dye",
				"Name": "create_dragons_plus:orange_dye"
			}
		},
		{
			"weight": 1.0,
			"key": {
				"fluidName": "create_dragons_plus:pink_dye",
				"Name": "create_dragons_plus:pink_dye"
			}
		},
		{
			"weight": 1.0,
			"key": {
				"fluidName": "create_dragons_plus:purple_dye",
				"Name": "create_dragons_plus:purple_dye"
			}
		},
		{
			"weight": 1.0,
			"key": {
				"fluidName": "create_dragons_plus:red_dye",
				"Name": "create_dragons_plus:red_dye"
			}
		},
		{
			"weight": 1.0,
			"key": {
				"fluidName": "create_dragons_plus:white_dye",
				"Name": "create_dragons_plus:white_dye"
			}
		},
		{
			"weight": 1.0,
			"key": {
				"fluidName": "create_dragons_plus:yellow_dye",
				"Name": "create_dragons_plus:yellow_dye"
			}
		}
	]
}
