{
	"elements": [
		{
			"weight": 1.0,
			"key": "biomeswevegone:allium_flower_bush"
		},
		{
			"weight": 1.0,
			"key": "biomeswevegone:allium_oddion_soup"
		},
		{
			"weight": 1.0,
			"key": "biomeswevegone:allium_petal_block"
		},
		{
			"weight": 1.0,
			"key": "biomeswevegone:aloe_vera"
		},
		{
			"weight": 1.0,
			"key": "biomeswevegone:aloe_vera_juice"
		},
		{
			"weight": 1.0,
			"key": "biomeswevegone:alpine_bellflower"
		},
		{
			"weight": 1.0,
			"key": "biomeswevegone:amaranth"
		},
		{
			"weight": 1.0,
			"key": "biomeswevegone:angelica"
		},
		{
			"weight": 1.0,
			"key": "biomeswevegone:araucaria_leaves"
		},
		{
			"weight": 1.0,
			"key": "biomeswevegone:araucaria_sapling"
		},
		{
			"weight": 1.0,
			"key": "biomeswevegone:aspen_boat"
		},
		{
			"weight": 1.0,
			"key": "biomeswevegone:aspen_bookshelf"
		},
		{
			"weight": 1.0,
			"key": "biomeswevegone:aspen_button"
		},
		{
			"weight": 1.0,
			"key": "biomeswevegone:aspen_chest_boat"
		},
		{
			"weight": 1.0,
			"key": "biomeswevegone:aspen_crafting_table"
		},
		{
			"weight": 1.0,
			"key": "biomeswevegone:aspen_door"
		},
		{
			"weight": 1.0,
			"key": "biomeswevegone:aspen_fence"
		},
		{
			"weight": 1.0,
			"key": "biomeswevegone:aspen_fence_gate"
		},
		{
			"weight": 1.0,
			"key": "biomeswevegone:aspen_hanging_sign"
		},
		{
			"weight": 1.0,
			"key": "biomeswevegone:aspen_leaves"
		},
		{
			"weight": 1.0,
			"key": "biomeswevegone:aspen_log"
		},
		{
			"weight": 1.0,
			"key": "biomeswevegone:aspen_planks"
		},
		{
			"weight": 1.0,
			"key": "biomeswevegone:aspen_pressure_plate"
		},
		{
			"weight": 1.0,
			"key": "biomeswevegone:aspen_sapling"
		},
		{
			"weight": 1.0,
			"key": "biomeswevegone:aspen_sign"
		},
		{
			"weight": 1.0,
			"key": "biomeswevegone:aspen_slab"
		},
		{
			"weight": 1.0,
			"key": "biomeswevegone:aspen_stairs"
		},
		{
			"weight": 1.0,
			"key": "biomeswevegone:aspen_trapdoor"
		},
		{
			"weight": 1.0,
			"key": "biomeswevegone:aspen_wood"
		},
		{
			"weight": 1.0,
			"key": "biomeswevegone:baobab_boat"
		},
		{
			"weight": 1.0,
			"key": "biomeswevegone:baobab_bookshelf"
		},
		{
			"weight": 1.0,
			"key": "biomeswevegone:baobab_button"
		},
		{
			"weight": 1.0,
			"key": "biomeswevegone:baobab_chest_boat"
		},
		{
			"weight": 1.0,
			"key": "biomeswevegone:baobab_crafting_table"
		},
		{
			"weight": 1.0,
			"key": "biomeswevegone:baobab_door"
		},
		{
			"weight": 1.0,
			"key": "biomeswevegone:baobab_fence"
		},
		{
			"weight": 1.0,
			"key": "biomeswevegone:baobab_fence_gate"
		},
		{
			"weight": 1.0,
			"key": "biomeswevegone:baobab_fruit"
		},
		{
			"weight": 1.0,
			"key": "biomeswevegone:baobab_hanging_sign"
		},
		{
			"weight": 1.0,
			"key": "biomeswevegone:baobab_leaves"
		},
		{
			"weight": 1.0,
			"key": "biomeswevegone:baobab_log"
		},
		{
			"weight": 1.0,
			"key": "biomeswevegone:baobab_planks"
		},
		{
			"weight": 1.0,
			"key": "biomeswevegone:baobab_pressure_plate"
		},
		{
			"weight": 1.0,
			"key": "biomeswevegone:baobab_sapling"
		},
		{
			"weight": 1.0,
			"key": "biomeswevegone:baobab_sign"
		},
		{
			"weight": 1.0,
			"key": "biomeswevegone:baobab_slab"
		},
		{
			"weight": 1.0,
			"key": "biomeswevegone:baobab_stairs"
		},
		{
			"weight": 1.0,
			"key": "biomeswevegone:baobab_trapdoor"
		},
		{
			"weight": 1.0,
			"key": "biomeswevegone:baobab_wood"
		},
		{
			"weight": 1.0,
			"key": "biomeswevegone:barrel_cactus"
		},
		{
			"weight": 1.0,
			"key": "biomeswevegone:beach_grass"
		},
		{
			"weight": 1.0,
			"key": "biomeswevegone:begonia"
		},
		{
			"weight": 1.0,
			"key": "biomeswevegone:bistort"
		},
		{
			"weight": 1.0,
			"key": "biomeswevegone:black_ice"
		},
		{
			"weight": 1.0,
			"key": "biomeswevegone:black_rose"
		},
		{
			"weight": 1.0,
			"key": "biomeswevegone:black_sand"
		},
		{
			"weight": 1.0,
			"key": "biomeswevegone:black_sandstone"
		},
		{
			"weight": 1.0,
			"key": "biomeswevegone:black_sandstone_slab"
		},
		{
			"weight": 1.0,
			"key": "biomeswevegone:black_sandstone_stairs"
		},
		{
			"weight": 1.0,
			"key": "biomeswevegone:black_sandstone_wall"
		},
		{
			"weight": 1.0,
			"key": "biomeswevegone:blooming_oddion"
		},
		{
			"weight": 1.0,
			"key": "biomeswevegone:blooming_witch_hazel_leaves"
		},
		{
			"weight": 1.0,
			"key": "biomeswevegone:blue_enchanted_boat"
		},
		{
			"weight": 1.0,
			"key": "biomeswevegone:blue_enchanted_bookshelf"
		},
		{
			"weight": 1.0,
			"key": "biomeswevegone:blue_enchanted_button"
		},
		{
			"weight": 1.0,
			"key": "biomeswevegone:blue_enchanted_chest_boat"
		},
		{
			"weight": 1.0,
			"key": "biomeswevegone:blue_enchanted_crafting_table"
		},
		{
			"weight": 1.0,
			"key": "biomeswevegone:blue_enchanted_door"
		},
		{
			"weight": 1.0,
			"key": "biomeswevegone:blue_enchanted_fence"
		},
		{
			"weight": 1.0,
			"key": "biomeswevegone:blue_enchanted_fence_gate"
		},
		{
			"weight": 1.0,
			"key": "biomeswevegone:blue_enchanted_hanging_sign"
		},
		{
			"weight": 1.0,
			"key": "biomeswevegone:blue_enchanted_leaves"
		},
		{
			"weight": 1.0,
			"key": "biomeswevegone:blue_enchanted_log"
		},
		{
			"weight": 1.0,
			"key": "biomeswevegone:blue_enchanted_planks"
		},
		{
			"weight": 1.0,
			"key": "biomeswevegone:blue_enchanted_pressure_plate"
		},
		{
			"weight": 1.0,
			"key": "biomeswevegone:blue_enchanted_sapling"
		},
		{
			"weight": 1.0,
			"key": "biomeswevegone:blue_enchanted_sign"
		},
		{
			"weight": 1.0,
			"key": "biomeswevegone:blue_enchanted_slab"
		},
		{
			"weight": 1.0,
			"key": "biomeswevegone:blue_enchanted_stairs"
		},
		{
			"weight": 1.0,
			"key": "biomeswevegone:blue_enchanted_trapdoor"
		},
		{
			"weight": 1.0,
			"key": "biomeswevegone:blue_enchanted_wood"
		},
		{
			"weight": 1.0,
			"key": "biomeswevegone:blue_glow_bottle"
		},
		{
			"weight": 1.0,
			"key": "biomeswevegone:blue_glowcane_powder"
		},
		{
			"weight": 1.0,
			"key": "biomeswevegone:blue_glowcane_shoot"
		},
		{
			"weight": 1.0,
			"key": "biomeswevegone:blue_rose_bush"
		},
		{
			"weight": 1.0,
			"key": "biomeswevegone:blue_sage"
		},
		{
			"weight": 1.0,
			"key": "biomeswevegone:blue_sand"
		},
		{
			"weight": 1.0,
			"key": "biomeswevegone:blue_sandstone"
		},
		{
			"weight": 1.0,
			"key": "biomeswevegone:blue_sandstone_slab"
		},
		{
			"weight": 1.0,
			"key": "biomeswevegone:blue_sandstone_stairs"
		},
		{
			"weight": 1.0,
			"key": "biomeswevegone:blue_sandstone_wall"
		},
		{
			"weight": 1.0,
			"key": "biomeswevegone:blue_spruce_leaves"
		},
		{
			"weight": 1.0,
			"key": "biomeswevegone:blue_spruce_sapling"
		},
		{
			"weight": 1.0,
			"key": "biomeswevegone:blueberries"
		},
		{
			"weight": 1.0,
			"key": "biomeswevegone:blueberry_pie"
		},
		{
			"weight": 1.0,
			"key": "biomeswevegone:borealis_ice"
		},
		{
			"weight": 1.0,
			"key": "biomeswevegone:brown_birch_leaves"
		},
		{
			"weight": 1.0,
			"key": "biomeswevegone:brown_birch_sapling"
		},
		{
			"weight": 1.0,
			"key": "biomeswevegone:brown_mushroom_stem"
		},
		{
			"weight": 1.0,
			"key": "biomeswevegone:brown_oak_leaves"
		},
		{
			"weight": 1.0,
			"key": "biomeswevegone:brown_oak_sapling"
		},
		{
			"weight": 1.0,
			"key": "biomeswevegone:brown_zelkova_leaves"
		},
		{
			"weight": 1.0,
			"key": "biomeswevegone:brown_zelkova_sapling"
		},
		{
			"weight": 1.0,
			"key": "biomeswevegone:bwg_logo"
		},
		{
			"weight": 1.0,
			"key": "biomeswevegone:california_poppy"
		},
		{
			"weight": 1.0,
			"key": "biomeswevegone:carved_barrel_cactus"
		},
		{
			"weight": 1.0,
			"key": "biomeswevegone:carved_pale_pumpkin"
		},
		{
			"weight": 1.0,
			"key": "biomeswevegone:cattail_sprout"
		},
		{
			"weight": 1.0,
			"key": "biomeswevegone:cattail_thatch"
		},
		{
			"weight": 1.0,
			"key": "biomeswevegone:cattail_thatch_carpet"
		},
		{
			"weight": 1.0,
			"key": "biomeswevegone:cattail_thatch_slab"
		},
		{
			"weight": 1.0,
			"key": "biomeswevegone:cattail_thatch_stairs"
		},
		{
			"weight": 1.0,
			"key": "biomeswevegone:chiseled_black_sandstone"
		},
		{
			"weight": 1.0,
			"key": "biomeswevegone:chiseled_blue_sandstone"
		},
		{
			"weight": 1.0,
			"key": "biomeswevegone:chiseled_dacite_brick_slab"
		},
		{
			"weight": 1.0,
			"key": "biomeswevegone:chiseled_dacite_brick_stairs"
		},
		{
			"weight": 1.0,
			"key": "biomeswevegone:chiseled_dacite_brick_wall"
		},
		{
			"weight": 1.0,
			"key": "biomeswevegone:chiseled_dacite_bricks"
		},
		{
			"weight": 1.0,
			"key": "biomeswevegone:chiseled_pink_sandstone"
		},
		{
			"weight": 1.0,
			"key": "biomeswevegone:chiseled_purple_sandstone"
		},
		{
			"weight": 1.0,
			"key": "biomeswevegone:chiseled_red_rock_brick_slab"
		},
		{
			"weight": 1.0,
			"key": "biomeswevegone:chiseled_red_rock_brick_stairs"
		},
		{
			"weight": 1.0,
			"key": "biomeswevegone:chiseled_red_rock_brick_wall"
		},
		{
			"weight": 1.0,
			"key": "biomeswevegone:chiseled_red_rock_bricks"
		},
		{
			"weight": 1.0,
			"key": "biomeswevegone:chiseled_white_dacite_brick_slab"
		},
		{
			"weight": 1.0,
			"key": "biomeswevegone:chiseled_white_dacite_brick_stairs"
		},
		{
			"weight": 1.0,
			"key": "biomeswevegone:chiseled_white_dacite_brick_wall"
		},
		{
			"weight": 1.0,
			"key": "biomeswevegone:chiseled_white_dacite_bricks"
		},
		{
			"weight": 1.0,
			"key": "biomeswevegone:chiseled_white_sandstone"
		},
		{
			"weight": 1.0,
			"key": "biomeswevegone:chiseled_windswept_sandstone"
		},
		{
			"weight": 1.0,
			"key": "biomeswevegone:cika_boat"
		},
		{
			"weight": 1.0,
			"key": "biomeswevegone:cika_bookshelf"
		},
		{
			"weight": 1.0,
			"key": "biomeswevegone:cika_button"
		},
		{
			"weight": 1.0,
			"key": "biomeswevegone:cika_chest_boat"
		},
		{
			"weight": 1.0,
			"key": "biomeswevegone:cika_crafting_table"
		},
		{
			"weight": 1.0,
			"key": "biomeswevegone:cika_door"
		},
		{
			"weight": 1.0,
			"key": "biomeswevegone:cika_fence"
		},
		{
			"weight": 1.0,
			"key": "biomeswevegone:cika_fence_gate"
		},
		{
			"weight": 1.0,
			"key": "biomeswevegone:cika_hanging_sign"
		},
		{
			"weight": 1.0,
			"key": "biomeswevegone:cika_leaves"
		},
		{
			"weight": 1.0,
			"key": "biomeswevegone:cika_log"
		},
		{
			"weight": 1.0,
			"key": "biomeswevegone:cika_planks"
		},
		{
			"weight": 1.0,
			"key": "biomeswevegone:cika_pressure_plate"
		},
		{
			"weight": 1.0,
			"key": "biomeswevegone:cika_sapling"
		},
		{
			"weight": 1.0,
			"key": "biomeswevegone:cika_sign"
		},
		{
			"weight": 1.0,
			"key": "biomeswevegone:cika_slab"
		},
		{
			"weight": 1.0,
			"key": "biomeswevegone:cika_stairs"
		},
		{
			"weight": 1.0,
			"key": "biomeswevegone:cika_trapdoor"
		},
		{
			"weight": 1.0,
			"key": "biomeswevegone:cika_wood"
		},
		{
			"weight": 1.0,
			"key": "biomeswevegone:clover_patch"
		},
		{
			"weight": 1.0,
			"key": "biomeswevegone:cooked_oddion_bulb"
		},
		{
			"weight": 1.0,
			"key": "biomeswevegone:cooked_white_puffball_cap"
		},
		{
			"weight": 1.0,
			"key": "biomeswevegone:cooked_yucca_fruit"
		},
		{
			"weight": 1.0,
			"key": "biomeswevegone:cracked_dacite_brick_slab"
		},
		{
			"weight": 1.0,
			"key": "biomeswevegone:cracked_dacite_brick_stairs"
		},
		{
			"weight": 1.0,
			"key": "biomeswevegone:cracked_dacite_brick_wall"
		},
		{
			"weight": 1.0,
			"key": "biomeswevegone:cracked_dacite_bricks"
		},
		{
			"weight": 1.0,
			"key": "biomeswevegone:cracked_red_rock_brick_slab"
		},
		{
			"weight": 1.0,
			"key": "biomeswevegone:cracked_red_rock_brick_stairs"
		},
		{
			"weight": 1.0,
			"key": "biomeswevegone:cracked_red_rock_brick_wall"
		},
		{
			"weight": 1.0,
			"key": "biomeswevegone:cracked_red_rock_bricks"
		},
		{
			"weight": 1.0,
			"key": "biomeswevegone:cracked_red_sand"
		},
		{
			"weight": 1.0,
			"key": "biomeswevegone:cracked_sand"
		},
		{
			"weight": 1.0,
			"key": "biomeswevegone:cracked_white_dacite_brick_slab"
		},
		{
			"weight": 1.0,
			"key": "biomeswevegone:cracked_white_dacite_brick_stairs"
		},
		{
			"weight": 1.0,
			"key": "biomeswevegone:cracked_white_dacite_brick_wall"
		},
		{
			"weight": 1.0,
			"key": "biomeswevegone:cracked_white_dacite_bricks"
		},
		{
			"weight": 1.0,
			"key": "biomeswevegone:crocus"
		},
		{
			"weight": 1.0,
			"key": "biomeswevegone:cut_black_sandstone"
		},
		{
			"weight": 1.0,
			"key": "biomeswevegone:cut_black_sandstone_slab"
		},
		{
			"weight": 1.0,
			"key": "biomeswevegone:cut_blue_sandstone"
		},
		{
			"weight": 1.0,
			"key": "biomeswevegone:cut_blue_sandstone_slab"
		},
		{
			"weight": 1.0,
			"key": "biomeswevegone:cut_pink_sandstone"
		},
		{
			"weight": 1.0,
			"key": "biomeswevegone:cut_pink_sandstone_slab"
		},
		{
			"weight": 1.0,
			"key": "biomeswevegone:cut_purple_sandstone"
		},
		{
			"weight": 1.0,
			"key": "biomeswevegone:cut_purple_sandstone_slab"
		},
		{
			"weight": 1.0,
			"key": "biomeswevegone:cut_white_sandstone"
		},
		{
			"weight": 1.0,
			"key": "biomeswevegone:cut_white_sandstone_slab"
		},
		{
			"weight": 1.0,
			"key": "biomeswevegone:cut_windswept_sandstone"
		},
		{
			"weight": 1.0,
			"key": "biomeswevegone:cut_windswept_sandstone_slab"
		},
		{
			"weight": 1.0,
			"key": "biomeswevegone:cyan_amaranth"
		},
		{
			"weight": 1.0,
			"key": "biomeswevegone:cyan_pitcher_plant"
		},
		{
			"weight": 1.0,
			"key": "biomeswevegone:cyan_rose"
		},
		{
			"weight": 1.0,
			"key": "biomeswevegone:cyan_tulip"
		},
		{
			"weight": 1.0,
			"key": "biomeswevegone:cypress_boat"
		},
		{
			"weight": 1.0,
			"key": "biomeswevegone:cypress_bookshelf"
		},
		{
			"weight": 1.0,
			"key": "biomeswevegone:cypress_button"
		},
		{
			"weight": 1.0,
			"key": "biomeswevegone:cypress_chest_boat"
		},
		{
			"weight": 1.0,
			"key": "biomeswevegone:cypress_crafting_table"
		},
		{
			"weight": 1.0,
			"key": "biomeswevegone:cypress_door"
		},
		{
			"weight": 1.0,
			"key": "biomeswevegone:cypress_fence"
		},
		{
			"weight": 1.0,
			"key": "biomeswevegone:cypress_fence_gate"
		},
		{
			"weight": 1.0,
			"key": "biomeswevegone:cypress_hanging_sign"
		},
		{
			"weight": 1.0,
			"key": "biomeswevegone:cypress_leaves"
		},
		{
			"weight": 1.0,
			"key": "biomeswevegone:cypress_log"
		},
		{
			"weight": 1.0,
			"key": "biomeswevegone:cypress_planks"
		},
		{
			"weight": 1.0,
			"key": "biomeswevegone:cypress_pressure_plate"
		},
		{
			"weight": 1.0,
			"key": "biomeswevegone:cypress_sapling"
		},
		{
			"weight": 1.0,
			"key": "biomeswevegone:cypress_sign"
		},
		{
			"weight": 1.0,
			"key": "biomeswevegone:cypress_slab"
		},
		{
			"weight": 1.0,
			"key": "biomeswevegone:cypress_stairs"
		},
		{
			"weight": 1.0,
			"key": "biomeswevegone:cypress_trapdoor"
		},
		{
			"weight": 1.0,
			"key": "biomeswevegone:cypress_wood"
		},
		{
			"weight": 1.0,
			"key": "biomeswevegone:dacite"
		},
		{
			"weight": 1.0,
			"key": "biomeswevegone:dacite_brick_slab"
		},
		{
			"weight": 1.0,
			"key": "biomeswevegone:dacite_brick_stairs"
		},
		{
			"weight": 1.0,
			"key": "biomeswevegone:dacite_brick_wall"
		},
		{
			"weight": 1.0,
			"key": "biomeswevegone:dacite_bricks"
		},
		{
			"weight": 1.0,
			"key": "biomeswevegone:dacite_cobblestone"
		},
		{
			"weight": 1.0,
			"key": "biomeswevegone:dacite_cobblestone_slab"
		},
		{
			"weight": 1.0,
			"key": "biomeswevegone:dacite_cobblestone_stairs"
		},
		{
			"weight": 1.0,
			"key": "biomeswevegone:dacite_cobblestone_wall"
		},
		{
			"weight": 1.0,
			"key": "biomeswevegone:dacite_pillar"
		},
		{
			"weight": 1.0,
			"key": "biomeswevegone:dacite_slab"
		},
		{
			"weight": 1.0,
			"key": "biomeswevegone:dacite_stairs"
		},
		{
			"weight": 1.0,
			"key": "biomeswevegone:dacite_tile_slab"
		},
		{
			"weight": 1.0,
			"key": "biomeswevegone:dacite_tile_stairs"
		},
		{
			"weight": 1.0,
			"key": "biomeswevegone:dacite_tile_wall"
		},
		{
			"weight": 1.0,
			"key": "biomeswevegone:dacite_tiles"
		},
		{
			"weight": 1.0,
			"key": "biomeswevegone:dacite_wall"
		},
		{
			"weight": 1.0,
			"key": "biomeswevegone:daffodil"
		},
		{
			"weight": 1.0,
			"key": "biomeswevegone:delphinium"
		},
		{
			"weight": 1.0,
			"key": "biomeswevegone:ebony_boat"
		},
		{
			"weight": 1.0,
			"key": "biomeswevegone:ebony_bookshelf"
		},
		{
			"weight": 1.0,
			"key": "biomeswevegone:ebony_button"
		},
		{
			"weight": 1.0,
			"key": "biomeswevegone:ebony_chest_boat"
		},
		{
			"weight": 1.0,
			"key": "biomeswevegone:ebony_crafting_table"
		},
		{
			"weight": 1.0,
			"key": "biomeswevegone:ebony_door"
		},
		{
			"weight": 1.0,
			"key": "biomeswevegone:ebony_fence"
		},
		{
			"weight": 1.0,
			"key": "biomeswevegone:ebony_fence_gate"
		},
		{
			"weight": 1.0,
			"key": "biomeswevegone:ebony_hanging_sign"
		},
		{
			"weight": 1.0,
			"key": "biomeswevegone:ebony_leaves"
		},
		{
			"weight": 1.0,
			"key": "biomeswevegone:ebony_log"
		},
		{
			"weight": 1.0,
			"key": "biomeswevegone:ebony_planks"
		},
		{
			"weight": 1.0,
			"key": "biomeswevegone:ebony_pressure_plate"
		},
		{
			"weight": 1.0,
			"key": "biomeswevegone:ebony_sapling"
		},
		{
			"weight": 1.0,
			"key": "biomeswevegone:ebony_sign"
		},
		{
			"weight": 1.0,
			"key": "biomeswevegone:ebony_slab"
		},
		{
			"weight": 1.0,
			"key": "biomeswevegone:ebony_stairs"
		},
		{
			"weight": 1.0,
			"key": "biomeswevegone:ebony_trapdoor"
		},
		{
			"weight": 1.0,
			"key": "biomeswevegone:ebony_wood"
		},
		{
			"weight": 1.0,
			"key": "biomeswevegone:fairy_slipper"
		},
		{
			"weight": 1.0,
			"key": "biomeswevegone:fir_boat"
		},
		{
			"weight": 1.0,
			"key": "biomeswevegone:fir_bookshelf"
		},
		{
			"weight": 1.0,
			"key": "biomeswevegone:fir_button"
		},
		{
			"weight": 1.0,
			"key": "biomeswevegone:fir_chest_boat"
		},
		{
			"weight": 1.0,
			"key": "biomeswevegone:fir_crafting_table"
		},
		{
			"weight": 1.0,
			"key": "biomeswevegone:fir_door"
		},
		{
			"weight": 1.0,
			"key": "biomeswevegone:fir_fence"
		},
		{
			"weight": 1.0,
			"key": "biomeswevegone:fir_fence_gate"
		},
		{
			"weight": 1.0,
			"key": "biomeswevegone:fir_hanging_sign"
		},
		{
			"weight": 1.0,
			"key": "biomeswevegone:fir_leaves"
		},
		{
			"weight": 1.0,
			"key": "biomeswevegone:fir_log"
		},
		{
			"weight": 1.0,
			"key": "biomeswevegone:fir_planks"
		},
		{
			"weight": 1.0,
			"key": "biomeswevegone:fir_pressure_plate"
		},
		{
			"weight": 1.0,
			"key": "biomeswevegone:fir_sapling"
		},
		{
			"weight": 1.0,
			"key": "biomeswevegone:fir_sign"
		},
		{
			"weight": 1.0,
			"key": "biomeswevegone:fir_slab"
		},
		{
			"weight": 1.0,
			"key": "biomeswevegone:fir_stairs"
		},
		{
			"weight": 1.0,
			"key": "biomeswevegone:fir_trapdoor"
		},
		{
			"weight": 1.0,
			"key": "biomeswevegone:fir_wood"
		},
		{
			"weight": 1.0,
			"key": "biomeswevegone:firecracker_flower_bush"
		},
		{
			"weight": 1.0,
			"key": "biomeswevegone:firecracker_leaves"
		},
		{
			"weight": 1.0,
			"key": "biomeswevegone:florus_boat"
		},
		{
			"weight": 1.0,
			"key": "biomeswevegone:florus_bookshelf"
		},
		{
			"weight": 1.0,
			"key": "biomeswevegone:florus_button"
		},
		{
			"weight": 1.0,
			"key": "biomeswevegone:florus_chest_boat"
		},
		{
			"weight": 1.0,
			"key": "biomeswevegone:florus_crafting_table"
		},
		{
			"weight": 1.0,
			"key": "biomeswevegone:florus_door"
		},
		{
			"weight": 1.0,
			"key": "biomeswevegone:florus_fence"
		},
		{
			"weight": 1.0,
			"key": "biomeswevegone:florus_fence_gate"
		},
		{
			"weight": 1.0,
			"key": "biomeswevegone:florus_hanging_sign"
		},
		{
			"weight": 1.0,
			"key": "biomeswevegone:florus_planks"
		},
		{
			"weight": 1.0,
			"key": "biomeswevegone:florus_pressure_plate"
		},
		{
			"weight": 1.0,
			"key": "biomeswevegone:florus_sign"
		},
		{
			"weight": 1.0,
			"key": "biomeswevegone:florus_slab"
		},
		{
			"weight": 1.0,
			"key": "biomeswevegone:florus_stairs"
		},
		{
			"weight": 1.0,
			"key": "biomeswevegone:florus_stem"
		},
		{
			"weight": 1.0,
			"key": "biomeswevegone:florus_trapdoor"
		},
		{
			"weight": 1.0,
			"key": "biomeswevegone:florus_wood"
		},
		{
			"weight": 1.0,
			"key": "biomeswevegone:flower_patch"
		},
		{
			"weight": 1.0,
			"key": "biomeswevegone:flowering_baobab_leaves"
		},
		{
			"weight": 1.0,
			"key": "biomeswevegone:flowering_barrel_cactus"
		},
		{
			"weight": 1.0,
			"key": "biomeswevegone:flowering_indigo_jacaranda_bush"
		},
		{
			"weight": 1.0,
			"key": "biomeswevegone:flowering_indigo_jacaranda_leaves"
		},
		{
			"weight": 1.0,
			"key": "biomeswevegone:flowering_ironwood_leaves"
		},
		{
			"weight": 1.0,
			"key": "biomeswevegone:flowering_jacaranda_bush"
		},
		{
			"weight": 1.0,
			"key": "biomeswevegone:flowering_jacaranda_leaves"
		},
		{
			"weight": 1.0,
			"key": "biomeswevegone:flowering_orchard_leaves"
		},
		{
			"weight": 1.0,
			"key": "biomeswevegone:flowering_palo_verde_leaves"
		},
		{
			"weight": 1.0,
			"key": "biomeswevegone:flowering_skyris_leaves"
		},
		{
			"weight": 1.0,
			"key": "biomeswevegone:flowering_spirit_leaves"
		},
		{
			"weight": 1.0,
			"key": "biomeswevegone:flowering_tiny_lily_pads"
		},
		{
			"weight": 1.0,
			"key": "biomeswevegone:flowering_yucca_leaves"
		},
		{
			"weight": 1.0,
			"key": "biomeswevegone:fluorescent_cattail_sprout"
		},
		{
			"weight": 1.0,
			"key": "biomeswevegone:foragers_table"
		},
		{
			"weight": 1.0,
			"key": "biomeswevegone:foxglove"
		},
		{
			"weight": 1.0,
			"key": "biomeswevegone:golden_spined_cactus"
		},
		{
			"weight": 1.0,
			"key": "biomeswevegone:green_apple"
		},
		{
			"weight": 1.0,
			"key": "biomeswevegone:green_apple_pie"
		},
		{
			"weight": 1.0,
			"key": "biomeswevegone:green_apple_skyris_leaves"
		},
		{
			"weight": 1.0,
			"key": "biomeswevegone:green_enchanted_boat"
		},
		{
			"weight": 1.0,
			"key": "biomeswevegone:green_enchanted_bookshelf"
		},
		{
			"weight": 1.0,
			"key": "biomeswevegone:green_enchanted_button"
		},
		{
			"weight": 1.0,
			"key": "biomeswevegone:green_enchanted_chest_boat"
		},
		{
			"weight": 1.0,
			"key": "biomeswevegone:green_enchanted_crafting_table"
		},
		{
			"weight": 1.0,
			"key": "biomeswevegone:green_enchanted_door"
		},
		{
			"weight": 1.0,
			"key": "biomeswevegone:green_enchanted_fence"
		},
		{
			"weight": 1.0,
			"key": "biomeswevegone:green_enchanted_fence_gate"
		},
		{
			"weight": 1.0,
			"key": "biomeswevegone:green_enchanted_hanging_sign"
		},
		{
			"weight": 1.0,
			"key": "biomeswevegone:green_enchanted_leaves"
		},
		{
			"weight": 1.0,
			"key": "biomeswevegone:green_enchanted_log"
		},
		{
			"weight": 1.0,
			"key": "biomeswevegone:green_enchanted_planks"
		},
		{
			"weight": 1.0,
			"key": "biomeswevegone:green_enchanted_pressure_plate"
		},
		{
			"weight": 1.0,
			"key": "biomeswevegone:green_enchanted_sapling"
		},
		{
			"weight": 1.0,
			"key": "biomeswevegone:green_enchanted_sign"
		},
		{
			"weight": 1.0,
			"key": "biomeswevegone:green_enchanted_slab"
		},
		{
			"weight": 1.0,
			"key": "biomeswevegone:green_enchanted_stairs"
		},
		{
			"weight": 1.0,
			"key": "biomeswevegone:green_enchanted_trapdoor"
		},
		{
			"weight": 1.0,
			"key": "biomeswevegone:green_enchanted_wood"
		},
		{
			"weight": 1.0,
			"key": "biomeswevegone:green_glow_bottle"
		},
		{
			"weight": 1.0,
			"key": "biomeswevegone:green_glowcane_powder"
		},
		{
			"weight": 1.0,
			"key": "biomeswevegone:green_glowcane_shoot"
		},
		{
			"weight": 1.0,
			"key": "biomeswevegone:green_mushroom"
		},
		{
			"weight": 1.0,
			"key": "biomeswevegone:green_mushroom_block"
		},
		{
			"weight": 1.0,
			"key": "biomeswevegone:green_tulip"
		},
		{
			"weight": 1.0,
			"key": "biomeswevegone:guzmania"
		},
		{
			"weight": 1.0,
			"key": "biomeswevegone:holly_berry_leaves"
		},
		{
			"weight": 1.0,
			"key": "biomeswevegone:holly_boat"
		},
		{
			"weight": 1.0,
			"key": "biomeswevegone:holly_bookshelf"
		},
		{
			"weight": 1.0,
			"key": "biomeswevegone:holly_button"
		},
		{
			"weight": 1.0,
			"key": "biomeswevegone:holly_chest_boat"
		},
		{
			"weight": 1.0,
			"key": "biomeswevegone:holly_crafting_table"
		},
		{
			"weight": 1.0,
			"key": "biomeswevegone:holly_door"
		},
		{
			"weight": 1.0,
			"key": "biomeswevegone:holly_fence"
		},
		{
			"weight": 1.0,
			"key": "biomeswevegone:holly_fence_gate"
		},
		{
			"weight": 1.0,
			"key": "biomeswevegone:holly_hanging_sign"
		},
		{
			"weight": 1.0,
			"key": "biomeswevegone:holly_leaves"
		},
		{
			"weight": 1.0,
			"key": "biomeswevegone:holly_log"
		},
		{
			"weight": 1.0,
			"key": "biomeswevegone:holly_planks"
		},
		{
			"weight": 1.0,
			"key": "biomeswevegone:holly_pressure_plate"
		},
		{
			"weight": 1.0,
			"key": "biomeswevegone:holly_sapling"
		},
		{
			"weight": 1.0,
			"key": "biomeswevegone:holly_sign"
		},
		{
			"weight": 1.0,
			"key": "biomeswevegone:holly_slab"
		},
		{
			"weight": 1.0,
			"key": "biomeswevegone:holly_stairs"
		},
		{
			"weight": 1.0,
			"key": "biomeswevegone:holly_trapdoor"
		},
		{
			"weight": 1.0,
			"key": "biomeswevegone:holly_wood"
		},
		{
			"weight": 1.0,
			"key": "biomeswevegone:holly_wreath"
		},
		{
			"weight": 1.0,
			"key": "biomeswevegone:horseweed"
		},
		{
			"weight": 1.0,
			"key": "biomeswevegone:hydrangea_bush"
		},
		{
			"weight": 1.0,
			"key": "biomeswevegone:hydrangea_hedge"
		},
		{
			"weight": 1.0,
			"key": "biomeswevegone:imbued_blue_enchanted_wood"
		},
		{
			"weight": 1.0,
			"key": "biomeswevegone:imbued_green_enchanted_wood"
		},
		{
			"weight": 1.0,
			"key": "biomeswevegone:incan_lily"
		},
		{
			"weight": 1.0,
			"key": "biomeswevegone:indigo_jacaranda_bush"
		},
		{
			"weight": 1.0,
			"key": "biomeswevegone:indigo_jacaranda_leaves"
		},
		{
			"weight": 1.0,
			"key": "biomeswevegone:indigo_jacaranda_sapling"
		},
		{
			"weight": 1.0,
			"key": "biomeswevegone:iris"
		},
		{
			"weight": 1.0,
			"key": "biomeswevegone:ironwood_boat"
		},
		{
			"weight": 1.0,
			"key": "biomeswevegone:ironwood_bookshelf"
		},
		{
			"weight": 1.0,
			"key": "biomeswevegone:ironwood_button"
		},
		{
			"weight": 1.0,
			"key": "biomeswevegone:ironwood_chest_boat"
		},
		{
			"weight": 1.0,
			"key": "biomeswevegone:ironwood_crafting_table"
		},
		{
			"weight": 1.0,
			"key": "biomeswevegone:ironwood_door"
		},
		{
			"weight": 1.0,
			"key": "biomeswevegone:ironwood_fence"
		},
		{
			"weight": 1.0,
			"key": "biomeswevegone:ironwood_fence_gate"
		},
		{
			"weight": 1.0,
			"key": "biomeswevegone:ironwood_hanging_sign"
		},
		{
			"weight": 1.0,
			"key": "biomeswevegone:ironwood_leaves"
		},
		{
			"weight": 1.0,
			"key": "biomeswevegone:ironwood_log"
		},
		{
			"weight": 1.0,
			"key": "biomeswevegone:ironwood_planks"
		},
		{
			"weight": 1.0,
			"key": "biomeswevegone:ironwood_pressure_plate"
		},
		{
			"weight": 1.0,
			"key": "biomeswevegone:ironwood_sapling"
		},
		{
			"weight": 1.0,
			"key": "biomeswevegone:ironwood_sign"
		},
		{
			"weight": 1.0,
			"key": "biomeswevegone:ironwood_slab"
		},
		{
			"weight": 1.0,
			"key": "biomeswevegone:ironwood_stairs"
		},
		{
			"weight": 1.0,
			"key": "biomeswevegone:ironwood_trapdoor"
		},
		{
			"weight": 1.0,
			"key": "biomeswevegone:ironwood_wood"
		},
		{
			"weight": 1.0,
			"key": "biomeswevegone:jacaranda_boat"
		},
		{
			"weight": 1.0,
			"key": "biomeswevegone:jacaranda_bookshelf"
		},
		{
			"weight": 1.0,
			"key": "biomeswevegone:jacaranda_bush"
		},
		{
			"weight": 1.0,
			"key": "biomeswevegone:jacaranda_button"
		},
		{
			"weight": 1.0,
			"key": "biomeswevegone:jacaranda_chest_boat"
		},
		{
			"weight": 1.0,
			"key": "biomeswevegone:jacaranda_crafting_table"
		},
		{
			"weight": 1.0,
			"key": "biomeswevegone:jacaranda_door"
		},
		{
			"weight": 1.0,
			"key": "biomeswevegone:jacaranda_fence"
		},
		{
			"weight": 1.0,
			"key": "biomeswevegone:jacaranda_fence_gate"
		},
		{
			"weight": 1.0,
			"key": "biomeswevegone:jacaranda_hanging_sign"
		},
		{
			"weight": 1.0,
			"key": "biomeswevegone:jacaranda_leaves"
		},
		{
			"weight": 1.0,
			"key": "biomeswevegone:jacaranda_log"
		},
		{
			"weight": 1.0,
			"key": "biomeswevegone:jacaranda_planks"
		},
		{
			"weight": 1.0,
			"key": "biomeswevegone:jacaranda_pressure_plate"
		},
		{
			"weight": 1.0,
			"key": "biomeswevegone:jacaranda_sapling"
		},
		{
			"weight": 1.0,
			"key": "biomeswevegone:jacaranda_sign"
		},
		{
			"weight": 1.0,
			"key": "biomeswevegone:jacaranda_slab"
		},
		{
			"weight": 1.0,
			"key": "biomeswevegone:jacaranda_stairs"
		},
		{
			"weight": 1.0,
			"key": "biomeswevegone:jacaranda_trapdoor"
		},
		{
			"weight": 1.0,
			"key": "biomeswevegone:jacaranda_wood"
		},
		{
			"weight": 1.0,
			"key": "biomeswevegone:japanese_orchid"
		},
		{
			"weight": 1.0,
			"key": "biomeswevegone:kovan_flower"
		},
		{
			"weight": 1.0,
			"key": "biomeswevegone:lazarus_bellflower"
		},
		{
			"weight": 1.0,
			"key": "biomeswevegone:leaf_pile"
		},
		{
			"weight": 1.0,
			"key": "biomeswevegone:lollipop_flower"
		},
		{
			"weight": 1.0,
			"key": "biomeswevegone:lush_dirt"
		},
		{
			"weight": 1.0,
			"key": "biomeswevegone:lush_dirt_path"
		},
		{
			"weight": 1.0,
			"key": "biomeswevegone:lush_farmland"
		},
		{
			"weight": 1.0,
			"key": "biomeswevegone:lush_grass_block"
		},
		{
			"weight": 1.0,
			"key": "biomeswevegone:magenta_amaranth"
		},
		{
			"weight": 1.0,
			"key": "biomeswevegone:magenta_pitcher_plant"
		},
		{
			"weight": 1.0,
			"key": "biomeswevegone:magenta_tulip"
		},
		{
			"weight": 1.0,
			"key": "biomeswevegone:mahogany_boat"
		},
		{
			"weight": 1.0,
			"key": "biomeswevegone:mahogany_bookshelf"
		},
		{
			"weight": 1.0,
			"key": "biomeswevegone:mahogany_button"
		},
		{
			"weight": 1.0,
			"key": "biomeswevegone:mahogany_chest_boat"
		},
		{
			"weight": 1.0,
			"key": "biomeswevegone:mahogany_crafting_table"
		},
		{
			"weight": 1.0,
			"key": "biomeswevegone:mahogany_door"
		},
		{
			"weight": 1.0,
			"key": "biomeswevegone:mahogany_fence"
		},
		{
			"weight": 1.0,
			"key": "biomeswevegone:mahogany_fence_gate"
		},
		{
			"weight": 1.0,
			"key": "biomeswevegone:mahogany_hanging_sign"
		},
		{
			"weight": 1.0,
			"key": "biomeswevegone:mahogany_leaves"
		},
		{
			"weight": 1.0,
			"key": "biomeswevegone:mahogany_log"
		},
		{
			"weight": 1.0,
			"key": "biomeswevegone:mahogany_planks"
		},
		{
			"weight": 1.0,
			"key": "biomeswevegone:mahogany_pressure_plate"
		},
		{
			"weight": 1.0,
			"key": "biomeswevegone:mahogany_sapling"
		},
		{
			"weight": 1.0,
			"key": "biomeswevegone:mahogany_sign"
		},
		{
			"weight": 1.0,
			"key": "biomeswevegone:mahogany_slab"
		},
		{
			"weight": 1.0,
			"key": "biomeswevegone:mahogany_stairs"
		},
		{
			"weight": 1.0,
			"key": "biomeswevegone:mahogany_trapdoor"
		},
		{
			"weight": 1.0,
			"key": "biomeswevegone:mahogany_wood"
		},
		{
			"weight": 1.0,
			"key": "biomeswevegone:man_o_war_bucket"
		},
		{
			"weight": 1.0,
			"key": "biomeswevegone:man_o_war_spawn_egg"
		},
		{
			"weight": 1.0,
			"key": "biomeswevegone:maple_boat"
		},
		{
			"weight": 1.0,
			"key": "biomeswevegone:maple_bookshelf"
		},
		{
			"weight": 1.0,
			"key": "biomeswevegone:maple_button"
		},
		{
			"weight": 1.0,
			"key": "biomeswevegone:maple_chest_boat"
		},
		{
			"weight": 1.0,
			"key": "biomeswevegone:maple_crafting_table"
		},
		{
			"weight": 1.0,
			"key": "biomeswevegone:maple_door"
		},
		{
			"weight": 1.0,
			"key": "biomeswevegone:maple_fence"
		},
		{
			"weight": 1.0,
			"key": "biomeswevegone:maple_fence_gate"
		},
		{
			"weight": 1.0,
			"key": "biomeswevegone:maple_hanging_sign"
		},
		{
			"weight": 1.0,
			"key": "biomeswevegone:maple_leaves"
		},
		{
			"weight": 1.0,
			"key": "biomeswevegone:maple_log"
		},
		{
			"weight": 1.0,
			"key": "biomeswevegone:maple_planks"
		},
		{
			"weight": 1.0,
			"key": "biomeswevegone:maple_pressure_plate"
		},
		{
			"weight": 1.0,
			"key": "biomeswevegone:maple_sapling"
		},
		{
			"weight": 1.0,
			"key": "biomeswevegone:maple_sign"
		},
		{
			"weight": 1.0,
			"key": "biomeswevegone:maple_slab"
		},
		{
			"weight": 1.0,
			"key": "biomeswevegone:maple_stairs"
		},
		{
			"weight": 1.0,
			"key": "biomeswevegone:maple_trapdoor"
		},
		{
			"weight": 1.0,
			"key": "biomeswevegone:maple_wood"
		},
		{
			"weight": 1.0,
			"key": "biomeswevegone:mini_cactus"
		},
		{
			"weight": 1.0,
			"key": "biomeswevegone:mossy_dacite_brick_slab"
		},
		{
			"weight": 1.0,
			"key": "biomeswevegone:mossy_dacite_brick_stairs"
		},
		{
			"weight": 1.0,
			"key": "biomeswevegone:mossy_dacite_brick_wall"
		},
		{
			"weight": 1.0,
			"key": "biomeswevegone:mossy_dacite_bricks"
		},
		{
			"weight": 1.0,
			"key": "biomeswevegone:mossy_red_rock_brick_slab"
		},
		{
			"weight": 1.0,
			"key": "biomeswevegone:mossy_red_rock_brick_stairs"
		},
		{
			"weight": 1.0,
			"key": "biomeswevegone:mossy_red_rock_brick_wall"
		},
		{
			"weight": 1.0,
			"key": "biomeswevegone:mossy_red_rock_bricks"
		},
		{
			"weight": 1.0,
			"key": "biomeswevegone:mossy_stone"
		},
		{
			"weight": 1.0,
			"key": "biomeswevegone:mossy_stone_slab"
		},
		{
			"weight": 1.0,
			"key": "biomeswevegone:mossy_stone_stairs"
		},
		{
			"weight": 1.0,
			"key": "biomeswevegone:mossy_stone_wall"
		},
		{
			"weight": 1.0,
			"key": "biomeswevegone:mossy_white_dacite_brick_slab"
		},
		{
			"weight": 1.0,
			"key": "biomeswevegone:mossy_white_dacite_brick_stairs"
		},
		{
			"weight": 1.0,
			"key": "biomeswevegone:mossy_white_dacite_brick_wall"
		},
		{
			"weight": 1.0,
			"key": "biomeswevegone:mossy_white_dacite_bricks"
		},
		{
			"weight": 1.0,
			"key": "biomeswevegone:mushroom_wreath"
		},
		{
			"weight": 1.0,
			"key": "biomeswevegone:music_disc_better_days"
		},
		{
			"weight": 1.0,
			"key": "biomeswevegone:music_disc_pixie_club"
		},
		{
			"weight": 1.0,
			"key": "biomeswevegone:oddion_bulb"
		},
		{
			"weight": 1.0,
			"key": "biomeswevegone:oddion_spawn_egg"
		},
		{
			"weight": 1.0,
			"key": "biomeswevegone:oddion_wreath"
		},
		{
			"weight": 1.0,
			"key": "biomeswevegone:orange_amaranth"
		},
		{
			"weight": 1.0,
			"key": "biomeswevegone:orange_birch_leaves"
		},
		{
			"weight": 1.0,
			"key": "biomeswevegone:orange_birch_sapling"
		},
		{
			"weight": 1.0,
			"key": "biomeswevegone:orange_daisy"
		},
		{
			"weight": 1.0,
			"key": "biomeswevegone:orange_oak_leaves"
		},
		{
			"weight": 1.0,
			"key": "biomeswevegone:orange_oak_sapling"
		},
		{
			"weight": 1.0,
			"key": "biomeswevegone:orange_spruce_leaves"
		},
		{
			"weight": 1.0,
			"key": "biomeswevegone:orange_spruce_sapling"
		},
		{
			"weight": 1.0,
			"key": "biomeswevegone:orchard_leaves"
		},
		{
			"weight": 1.0,
			"key": "biomeswevegone:orchard_sapling"
		},
		{
			"weight": 1.0,
			"key": "biomeswevegone:osiria_rose"
		},
		{
			"weight": 1.0,
			"key": "biomeswevegone:overgrown_dacite"
		},
		{
			"weight": 1.0,
			"key": "biomeswevegone:overgrown_stone"
		},
		{
			"weight": 1.0,
			"key": "biomeswevegone:packed_black_ice"
		},
		{
			"weight": 1.0,
			"key": "biomeswevegone:packed_borealis_ice"
		},
		{
			"weight": 1.0,
			"key": "biomeswevegone:packed_pale_mud"
		},
		{
			"weight": 1.0,
			"key": "biomeswevegone:pale_jack_o_lantern"
		},
		{
			"weight": 1.0,
			"key": "biomeswevegone:pale_mud"
		},
		{
			"weight": 1.0,
			"key": "biomeswevegone:pale_mud_bricks"
		},
		{
			"weight": 1.0,
			"key": "biomeswevegone:pale_mud_bricks_slab"
		},
		{
			"weight": 1.0,
			"key": "biomeswevegone:pale_mud_bricks_stairs"
		},
		{
			"weight": 1.0,
			"key": "biomeswevegone:pale_mud_bricks_wall"
		},
		{
			"weight": 1.0,
			"key": "biomeswevegone:pale_pumpkin"
		},
		{
			"weight": 1.0,
			"key": "biomeswevegone:pale_pumpkin_seeds"
		},
		{
			"weight": 1.0,
			"key": "biomeswevegone:palm_boat"
		},
		{
			"weight": 1.0,
			"key": "biomeswevegone:palm_bookshelf"
		},
		{
			"weight": 1.0,
			"key": "biomeswevegone:palm_button"
		},
		{
			"weight": 1.0,
			"key": "biomeswevegone:palm_chest_boat"
		},
		{
			"weight": 1.0,
			"key": "biomeswevegone:palm_crafting_table"
		},
		{
			"weight": 1.0,
			"key": "biomeswevegone:palm_door"
		},
		{
			"weight": 1.0,
			"key": "biomeswevegone:palm_fence"
		},
		{
			"weight": 1.0,
			"key": "biomeswevegone:palm_fence_gate"
		},
		{
			"weight": 1.0,
			"key": "biomeswevegone:palm_hanging_sign"
		},
		{
			"weight": 1.0,
			"key": "biomeswevegone:palm_leaves"
		},
		{
			"weight": 1.0,
			"key": "biomeswevegone:palm_log"
		},
		{
			"weight": 1.0,
			"key": "biomeswevegone:palm_planks"
		},
		{
			"weight": 1.0,
			"key": "biomeswevegone:palm_pressure_plate"
		},
		{
			"weight": 1.0,
			"key": "biomeswevegone:palm_sapling"
		},
		{
			"weight": 1.0,
			"key": "biomeswevegone:palm_sign"
		},
		{
			"weight": 1.0,
			"key": "biomeswevegone:palm_slab"
		},
		{
			"weight": 1.0,
			"key": "biomeswevegone:palm_stairs"
		},
		{
			"weight": 1.0,
			"key": "biomeswevegone:palm_trapdoor"
		},
		{
			"weight": 1.0,
			"key": "biomeswevegone:palm_wood"
		},
		{
			"weight": 1.0,
			"key": "biomeswevegone:palo_verde_leaves"
		},
		{
			"weight": 1.0,
			"key": "biomeswevegone:palo_verde_log"
		},
		{
			"weight": 1.0,
			"key": "biomeswevegone:palo_verde_sapling"
		},
		{
			"weight": 1.0,
			"key": "biomeswevegone:palo_verde_wood"
		},
		{
			"weight": 1.0,
			"key": "biomeswevegone:peach_leather_flower"
		},
		{
			"weight": 1.0,
			"key": "biomeswevegone:peat"
		},
		{
			"weight": 1.0,
			"key": "biomeswevegone:petal_wreath"
		},
		{
			"weight": 1.0,
			"key": "biomeswevegone:pine_boat"
		},
		{
			"weight": 1.0,
			"key": "biomeswevegone:pine_bookshelf"
		},
		{
			"weight": 1.0,
			"key": "biomeswevegone:pine_button"
		},
		{
			"weight": 1.0,
			"key": "biomeswevegone:pine_chest_boat"
		},
		{
			"weight": 1.0,
			"key": "biomeswevegone:pine_crafting_table"
		},
		{
			"weight": 1.0,
			"key": "biomeswevegone:pine_door"
		},
		{
			"weight": 1.0,
			"key": "biomeswevegone:pine_fence"
		},
		{
			"weight": 1.0,
			"key": "biomeswevegone:pine_fence_gate"
		},
		{
			"weight": 1.0,
			"key": "biomeswevegone:pine_hanging_sign"
		},
		{
			"weight": 1.0,
			"key": "biomeswevegone:pine_leaves"
		},
		{
			"weight": 1.0,
			"key": "biomeswevegone:pine_log"
		},
		{
			"weight": 1.0,
			"key": "biomeswevegone:pine_planks"
		},
		{
			"weight": 1.0,
			"key": "biomeswevegone:pine_pressure_plate"
		},
		{
			"weight": 1.0,
			"key": "biomeswevegone:pine_sapling"
		},
		{
			"weight": 1.0,
			"key": "biomeswevegone:pine_sign"
		},
		{
			"weight": 1.0,
			"key": "biomeswevegone:pine_slab"
		},
		{
			"weight": 1.0,
			"key": "biomeswevegone:pine_stairs"
		},
		{
			"weight": 1.0,
			"key": "biomeswevegone:pine_trapdoor"
		},
		{
			"weight": 1.0,
			"key": "biomeswevegone:pine_wood"
		},
		{
			"weight": 1.0,
			"key": "biomeswevegone:pink_allium"
		},
		{
			"weight": 1.0,
			"key": "biomeswevegone:pink_allium_flower_bush"
		},
		{
			"weight": 1.0,
			"key": "biomeswevegone:pink_allium_petal_block"
		},
		{
			"weight": 1.0,
			"key": "biomeswevegone:pink_anemone"
		},
		{
			"weight": 1.0,
			"key": "biomeswevegone:pink_daffodil"
		},
		{
			"weight": 1.0,
			"key": "biomeswevegone:pink_sand"
		},
		{
			"weight": 1.0,
			"key": "biomeswevegone:pink_sandstone"
		},
		{
			"weight": 1.0,
			"key": "biomeswevegone:pink_sandstone_slab"
		},
		{
			"weight": 1.0,
			"key": "biomeswevegone:pink_sandstone_stairs"
		},
		{
			"weight": 1.0,
			"key": "biomeswevegone:pink_sandstone_wall"
		},
		{
			"weight": 1.0,
			"key": "biomeswevegone:podzol_dacite"
		},
		{
			"weight": 1.0,
			"key": "biomeswevegone:poison_ivy"
		},
		{
			"weight": 1.0,
			"key": "biomeswevegone:polished_red_rock"
		},
		{
			"weight": 1.0,
			"key": "biomeswevegone:polished_red_rock_slab"
		},
		{
			"weight": 1.0,
			"key": "biomeswevegone:polished_red_rock_stairs"
		},
		{
			"weight": 1.0,
			"key": "biomeswevegone:polished_red_rock_wall"
		},
		{
			"weight": 1.0,
			"key": "biomeswevegone:prairie_grass"
		},
		{
			"weight": 1.0,
			"key": "biomeswevegone:prickly_pear_cactus"
		},
		{
			"weight": 1.0,
			"key": "biomeswevegone:protea_flower"
		},
		{
			"weight": 1.0,
			"key": "biomeswevegone:pumpkin_burrow"
		},
		{
			"weight": 1.0,
			"key": "biomeswevegone:pumpkin_warden_spawn_egg"
		},
		{
			"weight": 1.0,
			"key": "biomeswevegone:purple_amaranth"
		},
		{
			"weight": 1.0,
			"key": "biomeswevegone:purple_sage"
		},
		{
			"weight": 1.0,
			"key": "biomeswevegone:purple_sand"
		},
		{
			"weight": 1.0,
			"key": "biomeswevegone:purple_sandstone"
		},
		{
			"weight": 1.0,
			"key": "biomeswevegone:purple_sandstone_slab"
		},
		{
			"weight": 1.0,
			"key": "biomeswevegone:purple_sandstone_stairs"
		},
		{
			"weight": 1.0,
			"key": "biomeswevegone:purple_sandstone_wall"
		},
		{
			"weight": 1.0,
			"key": "biomeswevegone:purple_tulip"
		},
		{
			"weight": 1.0,
			"key": "biomeswevegone:quicksand"
		},
		{
			"weight": 1.0,
			"key": "biomeswevegone:rainbow_eucalyptus_boat"
		},
		{
			"weight": 1.0,
			"key": "biomeswevegone:rainbow_eucalyptus_bookshelf"
		},
		{
			"weight": 1.0,
			"key": "biomeswevegone:rainbow_eucalyptus_button"
		},
		{
			"weight": 1.0,
			"key": "biomeswevegone:rainbow_eucalyptus_chest_boat"
		},
		{
			"weight": 1.0,
			"key": "biomeswevegone:rainbow_eucalyptus_crafting_table"
		},
		{
			"weight": 1.0,
			"key": "biomeswevegone:rainbow_eucalyptus_door"
		},
		{
			"weight": 1.0,
			"key": "biomeswevegone:rainbow_eucalyptus_fence"
		},
		{
			"weight": 1.0,
			"key": "biomeswevegone:rainbow_eucalyptus_fence_gate"
		},
		{
			"weight": 1.0,
			"key": "biomeswevegone:rainbow_eucalyptus_hanging_sign"
		},
		{
			"weight": 1.0,
			"key": "biomeswevegone:rainbow_eucalyptus_leaves"
		},
		{
			"weight": 1.0,
			"key": "biomeswevegone:rainbow_eucalyptus_log"
		},
		{
			"weight": 1.0,
			"key": "biomeswevegone:rainbow_eucalyptus_planks"
		},
		{
			"weight": 1.0,
			"key": "biomeswevegone:rainbow_eucalyptus_pressure_plate"
		},
		{
			"weight": 1.0,
			"key": "biomeswevegone:rainbow_eucalyptus_sapling"
		},
		{
			"weight": 1.0,
			"key": "biomeswevegone:rainbow_eucalyptus_sign"
		},
		{
			"weight": 1.0,
			"key": "biomeswevegone:rainbow_eucalyptus_slab"
		},
		{
			"weight": 1.0,
			"key": "biomeswevegone:rainbow_eucalyptus_stairs"
		},
		{
			"weight": 1.0,
			"key": "biomeswevegone:rainbow_eucalyptus_trapdoor"
		},
		{
			"weight": 1.0,
			"key": "biomeswevegone:rainbow_eucalyptus_wood"
		},
		{
			"weight": 1.0,
			"key": "biomeswevegone:red_birch_leaves"
		},
		{
			"weight": 1.0,
			"key": "biomeswevegone:red_birch_sapling"
		},
		{
			"weight": 1.0,
			"key": "biomeswevegone:red_glow_bottle"
		},
		{
			"weight": 1.0,
			"key": "biomeswevegone:red_glowcane_powder"
		},
		{
			"weight": 1.0,
			"key": "biomeswevegone:red_glowcane_shoot"
		},
		{
			"weight": 1.0,
			"key": "biomeswevegone:red_maple_leaves"
		},
		{
			"weight": 1.0,
			"key": "biomeswevegone:red_maple_sapling"
		},
		{
			"weight": 1.0,
			"key": "biomeswevegone:red_oak_leaves"
		},
		{
			"weight": 1.0,
			"key": "biomeswevegone:red_oak_sapling"
		},
		{
			"weight": 1.0,
			"key": "biomeswevegone:red_quicksand"
		},
		{
			"weight": 1.0,
			"key": "biomeswevegone:red_rock"
		},
		{
			"weight": 1.0,
			"key": "biomeswevegone:red_rock_brick_slab"
		},
		{
			"weight": 1.0,
			"key": "biomeswevegone:red_rock_brick_stairs"
		},
		{
			"weight": 1.0,
			"key": "biomeswevegone:red_rock_brick_wall"
		},
		{
			"weight": 1.0,
			"key": "biomeswevegone:red_rock_bricks"
		},
		{
			"weight": 1.0,
			"key": "biomeswevegone:red_rock_slab"
		},
		{
			"weight": 1.0,
			"key": "biomeswevegone:red_rock_stairs"
		},
		{
			"weight": 1.0,
			"key": "biomeswevegone:red_rock_tile_slab"
		},
		{
			"weight": 1.0,
			"key": "biomeswevegone:red_rock_tile_stairs"
		},
		{
			"weight": 1.0,
			"key": "biomeswevegone:red_rock_tile_wall"
		},
		{
			"weight": 1.0,
			"key": "biomeswevegone:red_rock_tiles"
		},
		{
			"weight": 1.0,
			"key": "biomeswevegone:red_rock_wall"
		},
		{
			"weight": 1.0,
			"key": "biomeswevegone:red_spruce_leaves"
		},
		{
			"weight": 1.0,
			"key": "biomeswevegone:red_spruce_sapling"
		},
		{
			"weight": 1.0,
			"key": "biomeswevegone:redwood_boat"
		},
		{
			"weight": 1.0,
			"key": "biomeswevegone:redwood_bookshelf"
		},
		{
			"weight": 1.0,
			"key": "biomeswevegone:redwood_button"
		},
		{
			"weight": 1.0,
			"key": "biomeswevegone:redwood_chest_boat"
		},
		{
			"weight": 1.0,
			"key": "biomeswevegone:redwood_crafting_table"
		},
		{
			"weight": 1.0,
			"key": "biomeswevegone:redwood_door"
		},
		{
			"weight": 1.0,
			"key": "biomeswevegone:redwood_fence"
		},
		{
			"weight": 1.0,
			"key": "biomeswevegone:redwood_fence_gate"
		},
		{
			"weight": 1.0,
			"key": "biomeswevegone:redwood_hanging_sign"
		},
		{
			"weight": 1.0,
			"key": "biomeswevegone:redwood_leaves"
		},
		{
			"weight": 1.0,
			"key": "biomeswevegone:redwood_log"
		},
		{
			"weight": 1.0,
			"key": "biomeswevegone:redwood_planks"
		},
		{
			"weight": 1.0,
			"key": "biomeswevegone:redwood_pressure_plate"
		},
		{
			"weight": 1.0,
			"key": "biomeswevegone:redwood_sapling"
		},
		{
			"weight": 1.0,
			"key": "biomeswevegone:redwood_sign"
		},
		{
			"weight": 1.0,
			"key": "biomeswevegone:redwood_slab"
		},
		{
			"weight": 1.0,
			"key": "biomeswevegone:redwood_stairs"
		},
		{
			"weight": 1.0,
			"key": "biomeswevegone:redwood_trapdoor"
		},
		{
			"weight": 1.0,
			"key": "biomeswevegone:redwood_wood"
		},
		{
			"weight": 1.0,
			"key": "biomeswevegone:richea"
		},
		{
			"weight": 1.0,
			"key": "biomeswevegone:ripe_baobab_leaves"
		},
		{
			"weight": 1.0,
			"key": "biomeswevegone:ripe_orchard_leaves"
		},
		{
			"weight": 1.0,
			"key": "biomeswevegone:ripe_yucca_leaves"
		},
		{
			"weight": 1.0,
			"key": "biomeswevegone:rocky_stone"
		},
		{
			"weight": 1.0,
			"key": "biomeswevegone:rocky_stone_slab"
		},
		{
			"weight": 1.0,
			"key": "biomeswevegone:rocky_stone_stairs"
		},
		{
			"weight": 1.0,
			"key": "biomeswevegone:rocky_stone_wall"
		},
		{
			"weight": 1.0,
			"key": "biomeswevegone:rose"
		},
		{
			"weight": 1.0,
			"key": "biomeswevegone:rose_petal_block"
		},
		{
			"weight": 1.0,
			"key": "biomeswevegone:rosy_wreath"
		},
		{
			"weight": 1.0,
			"key": "biomeswevegone:sakura_boat"
		},
		{
			"weight": 1.0,
			"key": "biomeswevegone:sakura_bookshelf"
		},
		{
			"weight": 1.0,
			"key": "biomeswevegone:sakura_button"
		},
		{
			"weight": 1.0,
			"key": "biomeswevegone:sakura_chest_boat"
		},
		{
			"weight": 1.0,
			"key": "biomeswevegone:sakura_crafting_table"
		},
		{
			"weight": 1.0,
			"key": "biomeswevegone:sakura_door"
		},
		{
			"weight": 1.0,
			"key": "biomeswevegone:sakura_fence"
		},
		{
			"weight": 1.0,
			"key": "biomeswevegone:sakura_fence_gate"
		},
		{
			"weight": 1.0,
			"key": "biomeswevegone:sakura_hanging_sign"
		},
		{
			"weight": 1.0,
			"key": "biomeswevegone:sakura_log"
		},
		{
			"weight": 1.0,
			"key": "biomeswevegone:sakura_planks"
		},
		{
			"weight": 1.0,
			"key": "biomeswevegone:sakura_pressure_plate"
		},
		{
			"weight": 1.0,
			"key": "biomeswevegone:sakura_sign"
		},
		{
			"weight": 1.0,
			"key": "biomeswevegone:sakura_slab"
		},
		{
			"weight": 1.0,
			"key": "biomeswevegone:sakura_stairs"
		},
		{
			"weight": 1.0,
			"key": "biomeswevegone:sakura_trapdoor"
		},
		{
			"weight": 1.0,
			"key": "biomeswevegone:sakura_wood"
		},
		{
			"weight": 1.0,
			"key": "biomeswevegone:sandy_dirt"
		},
		{
			"weight": 1.0,
			"key": "biomeswevegone:sandy_dirt_path"
		},
		{
			"weight": 1.0,
			"key": "biomeswevegone:sandy_farmland"
		},
		{
			"weight": 1.0,
			"key": "biomeswevegone:shelf_fungi"
		},
		{
			"weight": 1.0,
			"key": "biomeswevegone:shrub"
		},
		{
			"weight": 1.0,
			"key": "biomeswevegone:silver_maple_leaves"
		},
		{
			"weight": 1.0,
			"key": "biomeswevegone:silver_maple_sapling"
		},
		{
			"weight": 1.0,
			"key": "biomeswevegone:silver_vase_flower"
		},
		{
			"weight": 1.0,
			"key": "biomeswevegone:skyris_boat"
		},
		{
			"weight": 1.0,
			"key": "biomeswevegone:skyris_bookshelf"
		},
		{
			"weight": 1.0,
			"key": "biomeswevegone:skyris_button"
		},
		{
			"weight": 1.0,
			"key": "biomeswevegone:skyris_chest_boat"
		},
		{
			"weight": 1.0,
			"key": "biomeswevegone:skyris_crafting_table"
		},
		{
			"weight": 1.0,
			"key": "biomeswevegone:skyris_door"
		},
		{
			"weight": 1.0,
			"key": "biomeswevegone:skyris_fence"
		},
		{
			"weight": 1.0,
			"key": "biomeswevegone:skyris_fence_gate"
		},
		{
			"weight": 1.0,
			"key": "biomeswevegone:skyris_hanging_sign"
		},
		{
			"weight": 1.0,
			"key": "biomeswevegone:skyris_leaves"
		},
		{
			"weight": 1.0,
			"key": "biomeswevegone:skyris_log"
		},
		{
			"weight": 1.0,
			"key": "biomeswevegone:skyris_planks"
		},
		{
			"weight": 1.0,
			"key": "biomeswevegone:skyris_pressure_plate"
		},
		{
			"weight": 1.0,
			"key": "biomeswevegone:skyris_sapling"
		},
		{
			"weight": 1.0,
			"key": "biomeswevegone:skyris_sign"
		},
		{
			"weight": 1.0,
			"key": "biomeswevegone:skyris_slab"
		},
		{
			"weight": 1.0,
			"key": "biomeswevegone:skyris_stairs"
		},
		{
			"weight": 1.0,
			"key": "biomeswevegone:skyris_trapdoor"
		},
		{
			"weight": 1.0,
			"key": "biomeswevegone:skyris_vine"
		},
		{
			"weight": 1.0,
			"key": "biomeswevegone:skyris_wood"
		},
		{
			"weight": 1.0,
			"key": "biomeswevegone:smooth_black_sandstone"
		},
		{
			"weight": 1.0,
			"key": "biomeswevegone:smooth_black_sandstone_slab"
		},
		{
			"weight": 1.0,
			"key": "biomeswevegone:smooth_black_sandstone_stairs"
		},
		{
			"weight": 1.0,
			"key": "biomeswevegone:smooth_blue_sandstone"
		},
		{
			"weight": 1.0,
			"key": "biomeswevegone:smooth_blue_sandstone_slab"
		},
		{
			"weight": 1.0,
			"key": "biomeswevegone:smooth_blue_sandstone_stairs"
		},
		{
			"weight": 1.0,
			"key": "biomeswevegone:smooth_pink_sandstone"
		},
		{
			"weight": 1.0,
			"key": "biomeswevegone:smooth_pink_sandstone_slab"
		},
		{
			"weight": 1.0,
			"key": "biomeswevegone:smooth_pink_sandstone_stairs"
		},
		{
			"weight": 1.0,
			"key": "biomeswevegone:smooth_purple_sandstone"
		},
		{
			"weight": 1.0,
			"key": "biomeswevegone:smooth_purple_sandstone_slab"
		},
		{
			"weight": 1.0,
			"key": "biomeswevegone:smooth_purple_sandstone_stairs"
		},
		{
			"weight": 1.0,
			"key": "biomeswevegone:smooth_white_sandstone"
		},
		{
			"weight": 1.0,
			"key": "biomeswevegone:smooth_white_sandstone_slab"
		},
		{
			"weight": 1.0,
			"key": "biomeswevegone:smooth_white_sandstone_stairs"
		},
		{
			"weight": 1.0,
			"key": "biomeswevegone:smooth_windswept_sandstone"
		},
		{
			"weight": 1.0,
			"key": "biomeswevegone:smooth_windswept_sandstone_slab"
		},
		{
			"weight": 1.0,
			"key": "biomeswevegone:smooth_windswept_sandstone_stairs"
		},
		{
			"weight": 1.0,
			"key": "biomeswevegone:snowdrops"
		},
		{
			"weight": 1.0,
			"key": "biomeswevegone:soul_fruit"
		},
		{
			"weight": 1.0,
			"key": "biomeswevegone:spirit_boat"
		},
		{
			"weight": 1.0,
			"key": "biomeswevegone:spirit_bookshelf"
		},
		{
			"weight": 1.0,
			"key": "biomeswevegone:spirit_button"
		},
		{
			"weight": 1.0,
			"key": "biomeswevegone:spirit_chest_boat"
		},
		{
			"weight": 1.0,
			"key": "biomeswevegone:spirit_crafting_table"
		},
		{
			"weight": 1.0,
			"key": "biomeswevegone:spirit_door"
		},
		{
			"weight": 1.0,
			"key": "biomeswevegone:spirit_fence"
		},
		{
			"weight": 1.0,
			"key": "biomeswevegone:spirit_fence_gate"
		},
		{
			"weight": 1.0,
			"key": "biomeswevegone:spirit_hanging_sign"
		},
		{
			"weight": 1.0,
			"key": "biomeswevegone:spirit_leaves"
		},
		{
			"weight": 1.0,
			"key": "biomeswevegone:spirit_log"
		},
		{
			"weight": 1.0,
			"key": "biomeswevegone:spirit_planks"
		},
		{
			"weight": 1.0,
			"key": "biomeswevegone:spirit_pressure_plate"
		},
		{
			"weight": 1.0,
			"key": "biomeswevegone:spirit_roots"
		},
		{
			"weight": 1.0,
			"key": "biomeswevegone:spirit_sapling"
		},
		{
			"weight": 1.0,
			"key": "biomeswevegone:spirit_sign"
		},
		{
			"weight": 1.0,
			"key": "biomeswevegone:spirit_slab"
		},
		{
			"weight": 1.0,
			"key": "biomeswevegone:spirit_stairs"
		},
		{
			"weight": 1.0,
			"key": "biomeswevegone:spirit_trapdoor"
		},
		{
			"weight": 1.0,
			"key": "biomeswevegone:spirit_wood"
		},
		{
			"weight": 1.0,
			"key": "biomeswevegone:stripped_aspen_log"
		},
		{
			"weight": 1.0,
			"key": "biomeswevegone:stripped_aspen_wood"
		},
		{
			"weight": 1.0,
			"key": "biomeswevegone:stripped_baobab_log"
		},
		{
			"weight": 1.0,
			"key": "biomeswevegone:stripped_baobab_wood"
		},
		{
			"weight": 1.0,
			"key": "biomeswevegone:stripped_blue_enchanted_log"
		},
		{
			"weight": 1.0,
			"key": "biomeswevegone:stripped_blue_enchanted_wood"
		},
		{
			"weight": 1.0,
			"key": "biomeswevegone:stripped_cika_log"
		},
		{
			"weight": 1.0,
			"key": "biomeswevegone:stripped_cika_wood"
		},
		{
			"weight": 1.0,
			"key": "biomeswevegone:stripped_cypress_log"
		},
		{
			"weight": 1.0,
			"key": "biomeswevegone:stripped_cypress_wood"
		},
		{
			"weight": 1.0,
			"key": "biomeswevegone:stripped_ebony_log"
		},
		{
			"weight": 1.0,
			"key": "biomeswevegone:stripped_ebony_wood"
		},
		{
			"weight": 1.0,
			"key": "biomeswevegone:stripped_fir_log"
		},
		{
			"weight": 1.0,
			"key": "biomeswevegone:stripped_fir_wood"
		},
		{
			"weight": 1.0,
			"key": "biomeswevegone:stripped_florus_stem"
		},
		{
			"weight": 1.0,
			"key": "biomeswevegone:stripped_florus_wood"
		},
		{
			"weight": 1.0,
			"key": "biomeswevegone:stripped_green_enchanted_log"
		},
		{
			"weight": 1.0,
			"key": "biomeswevegone:stripped_green_enchanted_wood"
		},
		{
			"weight": 1.0,
			"key": "biomeswevegone:stripped_holly_log"
		},
		{
			"weight": 1.0,
			"key": "biomeswevegone:stripped_holly_wood"
		},
		{
			"weight": 1.0,
			"key": "biomeswevegone:stripped_ironwood_log"
		},
		{
			"weight": 1.0,
			"key": "biomeswevegone:stripped_ironwood_wood"
		},
		{
			"weight": 1.0,
			"key": "biomeswevegone:stripped_jacaranda_log"
		},
		{
			"weight": 1.0,
			"key": "biomeswevegone:stripped_jacaranda_wood"
		},
		{
			"weight": 1.0,
			"key": "biomeswevegone:stripped_mahogany_log"
		},
		{
			"weight": 1.0,
			"key": "biomeswevegone:stripped_mahogany_wood"
		},
		{
			"weight": 1.0,
			"key": "biomeswevegone:stripped_maple_log"
		},
		{
			"weight": 1.0,
			"key": "biomeswevegone:stripped_maple_wood"
		},
		{
			"weight": 1.0,
			"key": "biomeswevegone:stripped_palm_log"
		},
		{
			"weight": 1.0,
			"key": "biomeswevegone:stripped_palm_wood"
		},
		{
			"weight": 1.0,
			"key": "biomeswevegone:stripped_palo_verde_log"
		},
		{
			"weight": 1.0,
			"key": "biomeswevegone:stripped_palo_verde_wood"
		},
		{
			"weight": 1.0,
			"key": "biomeswevegone:stripped_pine_log"
		},
		{
			"weight": 1.0,
			"key": "biomeswevegone:stripped_pine_wood"
		},
		{
			"weight": 1.0,
			"key": "biomeswevegone:stripped_rainbow_eucalyptus_log"
		},
		{
			"weight": 1.0,
			"key": "biomeswevegone:stripped_rainbow_eucalyptus_wood"
		},
		{
			"weight": 1.0,
			"key": "biomeswevegone:stripped_redwood_log"
		},
		{
			"weight": 1.0,
			"key": "biomeswevegone:stripped_redwood_wood"
		},
		{
			"weight": 1.0,
			"key": "biomeswevegone:stripped_sakura_log"
		},
		{
			"weight": 1.0,
			"key": "biomeswevegone:stripped_sakura_wood"
		},
		{
			"weight": 1.0,
			"key": "biomeswevegone:stripped_skyris_log"
		},
		{
			"weight": 1.0,
			"key": "biomeswevegone:stripped_skyris_wood"
		},
		{
			"weight": 1.0,
			"key": "biomeswevegone:stripped_spirit_log"
		},
		{
			"weight": 1.0,
			"key": "biomeswevegone:stripped_spirit_wood"
		},
		{
			"weight": 1.0,
			"key": "biomeswevegone:stripped_white_mangrove_log"
		},
		{
			"weight": 1.0,
			"key": "biomeswevegone:stripped_white_mangrove_wood"
		},
		{
			"weight": 1.0,
			"key": "biomeswevegone:stripped_willow_log"
		},
		{
			"weight": 1.0,
			"key": "biomeswevegone:stripped_willow_wood"
		},
		{
			"weight": 1.0,
			"key": "biomeswevegone:stripped_witch_hazel_log"
		},
		{
			"weight": 1.0,
			"key": "biomeswevegone:stripped_witch_hazel_wood"
		},
		{
			"weight": 1.0,
			"key": "biomeswevegone:stripped_zelkova_log"
		},
		{
			"weight": 1.0,
			"key": "biomeswevegone:stripped_zelkova_wood"
		},
		{
			"weight": 1.0,
			"key": "biomeswevegone:tall_allium"
		},
		{
			"weight": 1.0,
			"key": "biomeswevegone:tall_beach_grass"
		},
		{
			"weight": 1.0,
			"key": "biomeswevegone:tall_pink_allium"
		},
		{
			"weight": 1.0,
			"key": "biomeswevegone:tall_prairie_grass"
		},
		{
			"weight": 1.0,
			"key": "biomeswevegone:tall_white_allium"
		},
		{
			"weight": 1.0,
			"key": "biomeswevegone:tiny_lily_pads"
		},
		{
			"weight": 1.0,
			"key": "biomeswevegone:violet_leather_flower"
		},
		{
			"weight": 1.0,
			"key": "biomeswevegone:water_silk"
		},
		{
			"weight": 1.0,
			"key": "biomeswevegone:weeping_milkcap"
		},
		{
			"weight": 1.0,
			"key": "biomeswevegone:weeping_milkcap_mushroom_block"
		},
		{
			"weight": 1.0,
			"key": "biomeswevegone:white_allium"
		},
		{
			"weight": 1.0,
			"key": "biomeswevegone:white_allium_flower_bush"
		},
		{
			"weight": 1.0,
			"key": "biomeswevegone:white_allium_petal_block"
		},
		{
			"weight": 1.0,
			"key": "biomeswevegone:white_anemone"
		},
		{
			"weight": 1.0,
			"key": "biomeswevegone:white_dacite"
		},
		{
			"weight": 1.0,
			"key": "biomeswevegone:white_dacite_brick_slab"
		},
		{
			"weight": 1.0,
			"key": "biomeswevegone:white_dacite_brick_stairs"
		},
		{
			"weight": 1.0,
			"key": "biomeswevegone:white_dacite_brick_wall"
		},
		{
			"weight": 1.0,
			"key": "biomeswevegone:white_dacite_bricks"
		},
		{
			"weight": 1.0,
			"key": "biomeswevegone:white_dacite_cobblestone"
		},
		{
			"weight": 1.0,
			"key": "biomeswevegone:white_dacite_cobblestone_slab"
		},
		{
			"weight": 1.0,
			"key": "biomeswevegone:white_dacite_cobblestone_stairs"
		},
		{
			"weight": 1.0,
			"key": "biomeswevegone:white_dacite_cobblestone_wall"
		},
		{
			"weight": 1.0,
			"key": "biomeswevegone:white_dacite_pillar"
		},
		{
			"weight": 1.0,
			"key": "biomeswevegone:white_dacite_slab"
		},
		{
			"weight": 1.0,
			"key": "biomeswevegone:white_dacite_stairs"
		},
		{
			"weight": 1.0,
			"key": "biomeswevegone:white_dacite_tile_slab"
		},
		{
			"weight": 1.0,
			"key": "biomeswevegone:white_dacite_tile_stairs"
		},
		{
			"weight": 1.0,
			"key": "biomeswevegone:white_dacite_tile_wall"
		},
		{
			"weight": 1.0,
			"key": "biomeswevegone:white_dacite_tiles"
		},
		{
			"weight": 1.0,
			"key": "biomeswevegone:white_dacite_wall"
		},
		{
			"weight": 1.0,
			"key": "biomeswevegone:white_mangrove_boat"
		},
		{
			"weight": 1.0,
			"key": "biomeswevegone:white_mangrove_bookshelf"
		},
		{
			"weight": 1.0,
			"key": "biomeswevegone:white_mangrove_button"
		},
		{
			"weight": 1.0,
			"key": "biomeswevegone:white_mangrove_chest_boat"
		},
		{
			"weight": 1.0,
			"key": "biomeswevegone:white_mangrove_crafting_table"
		},
		{
			"weight": 1.0,
			"key": "biomeswevegone:white_mangrove_door"
		},
		{
			"weight": 1.0,
			"key": "biomeswevegone:white_mangrove_fence"
		},
		{
			"weight": 1.0,
			"key": "biomeswevegone:white_mangrove_fence_gate"
		},
		{
			"weight": 1.0,
			"key": "biomeswevegone:white_mangrove_hanging_sign"
		},
		{
			"weight": 1.0,
			"key": "biomeswevegone:white_mangrove_leaves"
		},
		{
			"weight": 1.0,
			"key": "biomeswevegone:white_mangrove_log"
		},
		{
			"weight": 1.0,
			"key": "biomeswevegone:white_mangrove_planks"
		},
		{
			"weight": 1.0,
			"key": "biomeswevegone:white_mangrove_pressure_plate"
		},
		{
			"weight": 1.0,
			"key": "biomeswevegone:white_mangrove_sapling"
		},
		{
			"weight": 1.0,
			"key": "biomeswevegone:white_mangrove_sign"
		},
		{
			"weight": 1.0,
			"key": "biomeswevegone:white_mangrove_slab"
		},
		{
			"weight": 1.0,
			"key": "biomeswevegone:white_mangrove_stairs"
		},
		{
			"weight": 1.0,
			"key": "biomeswevegone:white_mangrove_trapdoor"
		},
		{
			"weight": 1.0,
			"key": "biomeswevegone:white_mangrove_wood"
		},
		{
			"weight": 1.0,
			"key": "biomeswevegone:white_mushroom_stem"
		},
		{
			"weight": 1.0,
			"key": "biomeswevegone:white_overgrown_dacite"
		},
		{
			"weight": 1.0,
			"key": "biomeswevegone:white_podzol_dacite"
		},
		{
			"weight": 1.0,
			"key": "biomeswevegone:white_puffball_cap"
		},
		{
			"weight": 1.0,
			"key": "biomeswevegone:white_puffball_spores"
		},
		{
			"weight": 1.0,
			"key": "biomeswevegone:white_puffball_stew"
		},
		{
			"weight": 1.0,
			"key": "biomeswevegone:white_sage"
		},
		{
			"weight": 1.0,
			"key": "biomeswevegone:white_sakura_leaves"
		},
		{
			"weight": 1.0,
			"key": "biomeswevegone:white_sakura_petals"
		},
		{
			"weight": 1.0,
			"key": "biomeswevegone:white_sakura_sapling"
		},
		{
			"weight": 1.0,
			"key": "biomeswevegone:white_sand"
		},
		{
			"weight": 1.0,
			"key": "biomeswevegone:white_sandstone"
		},
		{
			"weight": 1.0,
			"key": "biomeswevegone:white_sandstone_slab"
		},
		{
			"weight": 1.0,
			"key": "biomeswevegone:white_sandstone_stairs"
		},
		{
			"weight": 1.0,
			"key": "biomeswevegone:white_sandstone_wall"
		},
		{
			"weight": 1.0,
			"key": "biomeswevegone:willow_boat"
		},
		{
			"weight": 1.0,
			"key": "biomeswevegone:willow_bookshelf"
		},
		{
			"weight": 1.0,
			"key": "biomeswevegone:willow_button"
		},
		{
			"weight": 1.0,
			"key": "biomeswevegone:willow_chest_boat"
		},
		{
			"weight": 1.0,
			"key": "biomeswevegone:willow_crafting_table"
		},
		{
			"weight": 1.0,
			"key": "biomeswevegone:willow_door"
		},
		{
			"weight": 1.0,
			"key": "biomeswevegone:willow_fence"
		},
		{
			"weight": 1.0,
			"key": "biomeswevegone:willow_fence_gate"
		},
		{
			"weight": 1.0,
			"key": "biomeswevegone:willow_hanging_sign"
		},
		{
			"weight": 1.0,
			"key": "biomeswevegone:willow_leaves"
		},
		{
			"weight": 1.0,
			"key": "biomeswevegone:willow_log"
		},
		{
			"weight": 1.0,
			"key": "biomeswevegone:willow_planks"
		},
		{
			"weight": 1.0,
			"key": "biomeswevegone:willow_pressure_plate"
		},
		{
			"weight": 1.0,
			"key": "biomeswevegone:willow_sapling"
		},
		{
			"weight": 1.0,
			"key": "biomeswevegone:willow_sign"
		},
		{
			"weight": 1.0,
			"key": "biomeswevegone:willow_slab"
		},
		{
			"weight": 1.0,
			"key": "biomeswevegone:willow_stairs"
		},
		{
			"weight": 1.0,
			"key": "biomeswevegone:willow_trapdoor"
		},
		{
			"weight": 1.0,
			"key": "biomeswevegone:willow_wood"
		},
		{
			"weight": 1.0,
			"key": "biomeswevegone:windswept_sand"
		},
		{
			"weight": 1.0,
			"key": "biomeswevegone:windswept_sandstone"
		},
		{
			"weight": 1.0,
			"key": "biomeswevegone:windswept_sandstone_pillar"
		},
		{
			"weight": 1.0,
			"key": "biomeswevegone:windswept_sandstone_slab"
		},
		{
			"weight": 1.0,
			"key": "biomeswevegone:windswept_sandstone_stairs"
		},
		{
			"weight": 1.0,
			"key": "biomeswevegone:windswept_sandstone_wall"
		},
		{
			"weight": 1.0,
			"key": "biomeswevegone:winter_cyclamen"
		},
		{
			"weight": 1.0,
			"key": "biomeswevegone:winter_rose"
		},
		{
			"weight": 1.0,
			"key": "biomeswevegone:winter_rosy_wreath"
		},
		{
			"weight": 1.0,
			"key": "biomeswevegone:winter_scilla"
		},
		{
			"weight": 1.0,
			"key": "biomeswevegone:winter_succulent"
		},
		{
			"weight": 1.0,
			"key": "biomeswevegone:witch_hazel_blossom"
		},
		{
			"weight": 1.0,
			"key": "biomeswevegone:witch_hazel_boat"
		},
		{
			"weight": 1.0,
			"key": "biomeswevegone:witch_hazel_bookshelf"
		},
		{
			"weight": 1.0,
			"key": "biomeswevegone:witch_hazel_branch"
		},
		{
			"weight": 1.0,
			"key": "biomeswevegone:witch_hazel_button"
		},
		{
			"weight": 1.0,
			"key": "biomeswevegone:witch_hazel_chest_boat"
		},
		{
			"weight": 1.0,
			"key": "biomeswevegone:witch_hazel_crafting_table"
		},
		{
			"weight": 1.0,
			"key": "biomeswevegone:witch_hazel_door"
		},
		{
			"weight": 1.0,
			"key": "biomeswevegone:witch_hazel_fence"
		},
		{
			"weight": 1.0,
			"key": "biomeswevegone:witch_hazel_fence_gate"
		},
		{
			"weight": 1.0,
			"key": "biomeswevegone:witch_hazel_hanging_sign"
		},
		{
			"weight": 1.0,
			"key": "biomeswevegone:witch_hazel_leaves"
		},
		{
			"weight": 1.0,
			"key": "biomeswevegone:witch_hazel_log"
		},
		{
			"weight": 1.0,
			"key": "biomeswevegone:witch_hazel_planks"
		},
		{
			"weight": 1.0,
			"key": "biomeswevegone:witch_hazel_pressure_plate"
		},
		{
			"weight": 1.0,
			"key": "biomeswevegone:witch_hazel_sapling"
		},
		{
			"weight": 1.0,
			"key": "biomeswevegone:witch_hazel_sign"
		},
		{
			"weight": 1.0,
			"key": "biomeswevegone:witch_hazel_slab"
		},
		{
			"weight": 1.0,
			"key": "biomeswevegone:witch_hazel_stairs"
		},
		{
			"weight": 1.0,
			"key": "biomeswevegone:witch_hazel_trapdoor"
		},
		{
			"weight": 1.0,
			"key": "biomeswevegone:witch_hazel_wood"
		},
		{
			"weight": 1.0,
			"key": "biomeswevegone:wood_blewit"
		},
		{
			"weight": 1.0,
			"key": "biomeswevegone:wood_blewit_mushroom_block"
		},
		{
			"weight": 1.0,
			"key": "biomeswevegone:wreath"
		},
		{
			"weight": 1.0,
			"key": "biomeswevegone:yellow_birch_leaves"
		},
		{
			"weight": 1.0,
			"key": "biomeswevegone:yellow_birch_sapling"
		},
		{
			"weight": 1.0,
			"key": "biomeswevegone:yellow_daffodil"
		},
		{
			"weight": 1.0,
			"key": "biomeswevegone:yellow_glow_bottle"
		},
		{
			"weight": 1.0,
			"key": "biomeswevegone:yellow_glowcane_powder"
		},
		{
			"weight": 1.0,
			"key": "biomeswevegone:yellow_glowcane_shoot"
		},
		{
			"weight": 1.0,
			"key": "biomeswevegone:yellow_sakura_leaves"
		},
		{
			"weight": 1.0,
			"key": "biomeswevegone:yellow_sakura_petals"
		},
		{
			"weight": 1.0,
			"key": "biomeswevegone:yellow_sakura_sapling"
		},
		{
			"weight": 1.0,
			"key": "biomeswevegone:yellow_spruce_leaves"
		},
		{
			"weight": 1.0,
			"key": "biomeswevegone:yellow_spruce_sapling"
		},
		{
			"weight": 1.0,
			"key": "biomeswevegone:yellow_tulip"
		},
		{
			"weight": 1.0,
			"key": "biomeswevegone:yucca_fruit"
		},
		{
			"weight": 1.0,
			"key": "biomeswevegone:yucca_leaves"
		},
		{
			"weight": 1.0,
			"key": "biomeswevegone:yucca_sapling"
		},
		{
			"weight": 1.0,
			"key": "biomeswevegone:zelkova_boat"
		},
		{
			"weight": 1.0,
			"key": "biomeswevegone:zelkova_bookshelf"
		},
		{
			"weight": 1.0,
			"key": "biomeswevegone:zelkova_button"
		},
		{
			"weight": 1.0,
			"key": "biomeswevegone:zelkova_chest_boat"
		},
		{
			"weight": 1.0,
			"key": "biomeswevegone:zelkova_crafting_table"
		},
		{
			"weight": 1.0,
			"key": "biomeswevegone:zelkova_door"
		},
		{
			"weight": 1.0,
			"key": "biomeswevegone:zelkova_fence"
		},
		{
			"weight": 1.0,
			"key": "biomeswevegone:zelkova_fence_gate"
		},
		{
			"weight": 1.0,
			"key": "biomeswevegone:zelkova_hanging_sign"
		},
		{
			"weight": 1.0,
			"key": "biomeswevegone:zelkova_leaves"
		},
		{
			"weight": 1.0,
			"key": "biomeswevegone:zelkova_log"
		},
		{
			"weight": 1.0,
			"key": "biomeswevegone:zelkova_planks"
		},
		{
			"weight": 1.0,
			"key": "biomeswevegone:zelkova_pressure_plate"
		},
		{
			"weight": 1.0,
			"key": "biomeswevegone:zelkova_sapling"
		},
		{
			"weight": 1.0,
			"key": "biomeswevegone:zelkova_sign"
		},
		{
			"weight": 1.0,
			"key": "biomeswevegone:zelkova_slab"
		},
		{
			"weight": 1.0,
			"key": "biomeswevegone:zelkova_stairs"
		},
		{
			"weight": 1.0,
			"key": "biomeswevegone:zelkova_trapdoor"
		},
		{
			"weight": 1.0,
			"key": "biomeswevegone:zelkova_wood"
		}
	]
}
