{
	"elements": [
		{
			"weight": 1.0,
			"key": "biomeswevegone:aspen_logs"
		},
		{
			"weight": 1.0,
			"key": "biomeswevegone:baobab_logs"
		},
		{
			"weight": 1.0,
			"key": "biomeswevegone:black_ice"
		},
		{
			"weight": 1.0,
			"key": "biomeswevegone:black_sandstone_blocks"
		},
		{
			"weight": 1.0,
			"key": "biomeswevegone:black_sandstone_slabs"
		},
		{
			"weight": 1.0,
			"key": "biomeswevegone:black_sandstone_stairs"
		},
		{
			"weight": 1.0,
			"key": "biomeswevegone:blue_enchanted_logs"
		},
		{
			"weight": 1.0,
			"key": "biomeswevegone:blue_sandstone_blocks"
		},
		{
			"weight": 1.0,
			"key": "biomeswevegone:blue_sandstone_slabs"
		},
		{
			"weight": 1.0,
			"key": "biomeswevegone:blue_sandstone_stairs"
		},
		{
			"weight": 1.0,
			"key": "biomeswevegone:borealis_ice"
		},
		{
			"weight": 1.0,
			"key": "biomeswevegone:bwg_mushroom_placeable"
		},
		{
			"weight": 1.0,
			"key": "biomeswevegone:cika_logs"
		},
		{
			"weight": 1.0,
			"key": "biomeswevegone:cypress_logs"
		},
		{
			"weight": 1.0,
			"key": "biomeswevegone:dacite_bricks"
		},
		{
			"weight": 1.0,
			"key": "biomeswevegone:ebony_logs"
		},
		{
			"weight": 1.0,
			"key": "biomeswevegone:fir_logs"
		},
		{
			"weight": 1.0,
			"key": "biomeswevegone:florus_logs"
		},
		{
			"weight": 1.0,
			"key": "biomeswevegone:flowers/alliums"
		},
		{
			"weight": 1.0,
			"key": "biomeswevegone:flowers/alliums/flower_bushes"
		},
		{
			"weight": 1.0,
			"key": "biomeswevegone:flowers/alliums/short"
		},
		{
			"weight": 1.0,
			"key": "biomeswevegone:flowers/alliums/tall"
		},
		{
			"weight": 1.0,
			"key": "biomeswevegone:flowers/amaranth"
		},
		{
			"weight": 1.0,
			"key": "biomeswevegone:flowers/daffodils"
		},
		{
			"weight": 1.0,
			"key": "biomeswevegone:flowers/roses"
		},
		{
			"weight": 1.0,
			"key": "biomeswevegone:flowers/sages"
		},
		{
			"weight": 1.0,
			"key": "biomeswevegone:flowers/tulips"
		},
		{
			"weight": 1.0,
			"key": "biomeswevegone:glow_bottle"
		},
		{
			"weight": 1.0,
			"key": "biomeswevegone:glowcane"
		},
		{
			"weight": 1.0,
			"key": "biomeswevegone:green_enchanted_logs"
		},
		{
			"weight": 1.0,
			"key": "biomeswevegone:holly_logs"
		},
		{
			"weight": 1.0,
			"key": "biomeswevegone:hydrangea_bush_placeable"
		},
		{
			"weight": 1.0,
			"key": "biomeswevegone:ironwood_logs"
		},
		{
			"weight": 1.0,
			"key": "biomeswevegone:jacaranda_logs"
		},
		{
			"weight": 1.0,
			"key": "biomeswevegone:mahogany_logs"
		},
		{
			"weight": 1.0,
			"key": "biomeswevegone:maple_logs"
		},
		{
			"weight": 1.0,
			"key": "biomeswevegone:palm_logs"
		},
		{
			"weight": 1.0,
			"key": "biomeswevegone:palo_verde_logs"
		},
		{
			"weight": 1.0,
			"key": "biomeswevegone:pine_logs"
		},
		{
			"weight": 1.0,
			"key": "biomeswevegone:pink_sandstone_blocks"
		},
		{
			"weight": 1.0,
			"key": "biomeswevegone:pink_sandstone_slabs"
		},
		{
			"weight": 1.0,
			"key": "biomeswevegone:pink_sandstone_stairs"
		},
		{
			"weight": 1.0,
			"key": "biomeswevegone:purple_sandstone_blocks"
		},
		{
			"weight": 1.0,
			"key": "biomeswevegone:purple_sandstone_slabs"
		},
		{
			"weight": 1.0,
			"key": "biomeswevegone:purple_sandstone_stairs"
		},
		{
			"weight": 1.0,
			"key": "biomeswevegone:rainbow_eucalyptus_logs"
		},
		{
			"weight": 1.0,
			"key": "biomeswevegone:red_rock_bricks"
		},
		{
			"weight": 1.0,
			"key": "biomeswevegone:redwood_logs"
		},
		{
			"weight": 1.0,
			"key": "biomeswevegone:sakura_logs"
		},
		{
			"weight": 1.0,
			"key": "biomeswevegone:sand/black"
		},
		{
			"weight": 1.0,
			"key": "biomeswevegone:sand/blue"
		},
		{
			"weight": 1.0,
			"key": "biomeswevegone:sand/pink"
		},
		{
			"weight": 1.0,
			"key": "biomeswevegone:sand/purple"
		},
		{
			"weight": 1.0,
			"key": "biomeswevegone:sand/white"
		},
		{
			"weight": 1.0,
			"key": "biomeswevegone:sand/windswept"
		},
		{
			"weight": 1.0,
			"key": "biomeswevegone:saplings/birch"
		},
		{
			"weight": 1.0,
			"key": "biomeswevegone:saplings/oak"
		},
		{
			"weight": 1.0,
			"key": "biomeswevegone:saplings/spruce"
		},
		{
			"weight": 1.0,
			"key": "biomeswevegone:skyris_logs"
		},
		{
			"weight": 1.0,
			"key": "biomeswevegone:snowy_plant_placeable"
		},
		{
			"weight": 1.0,
			"key": "biomeswevegone:spirit_logs"
		},
		{
			"weight": 1.0,
			"key": "biomeswevegone:white_dacite_bricks"
		},
		{
			"weight": 1.0,
			"key": "biomeswevegone:white_mangrove_logs"
		},
		{
			"weight": 1.0,
			"key": "biomeswevegone:white_sandstone_blocks"
		},
		{
			"weight": 1.0,
			"key": "biomeswevegone:white_sandstone_slabs"
		},
		{
			"weight": 1.0,
			"key": "biomeswevegone:white_sandstone_stairs"
		},
		{
			"weight": 1.0,
			"key": "biomeswevegone:willow_logs"
		},
		{
			"weight": 1.0,
			"key": "biomeswevegone:windswept_sandstone_blocks"
		},
		{
			"weight": 1.0,
			"key": "biomeswevegone:windswept_sandstone_slabs"
		},
		{
			"weight": 1.0,
			"key": "biomeswevegone:windswept_sandstone_stairs"
		},
		{
			"weight": 1.0,
			"key": "biomeswevegone:witch_hazel_logs"
		},
		{
			"weight": 1.0,
			"key": "biomeswevegone:zelkova_logs"
		}
	]
}
