{
  "barrier": {
    "type": "minecraft:noise",
    "noise": "minecraft:aquifer_barrier",
    "xz_scale": 1.0,
    "y_scale": 0.5
  },
  "continents": "minecraft:overworld_large_biomes/continents",
  "depth": "minecraft:overworld_large_biomes/depth",
  "erosion": "minecraft:overworld_large_biomes/erosion",
  "final_density": {
    "type": "minecraft:min",
    "argument1": {
      "type": "minecraft:squeeze",
      "argument": {
        "type": "minecraft:mul",
        "argument1": 0.64,
        "argument2": {
          "type": "minecraft:interpolated",
          "argument": {
            "type": "minecraft:blend_density",
            "argument": {
              "type": "minecraft:add",
              "argument1": 0.1171875,
              "argument2": {
                "type": "minecraft:mul",
                "argument1": {
                  "type": "minecraft:y_clamped_gradient",
                  "from_value": 0.0,
                  "from_y": %d,
                  "to_value": 1.0,
                  "to_y": %d
                },
                "argument2": {
                  "type": "minecraft:add",
                  "argument1": -0.1171875,
                  "argument2": {
                    "type": "minecraft:add",
                    "argument1": -0.078125,
                    "argument2": {
                      "type": "minecraft:mul",
                      "argument1": {
                        "type": "minecraft:y_clamped_gradient",
                        "from_value": 1.0,
                        "from_y": %d,
                        "to_value": 0.0,
                        "to_y": %d
                      },
                      "argument2": {
                        "type": "minecraft:add",
                        "argument1": 0.078125,
                        "argument2": {
                          "type": "minecraft:range_choice",
                          "input": "minecraft:overworld_large_biomes/sloped_cheese",
                          "max_exclusive": 1.5625,
                          "min_inclusive": -1000000.0,
                          "when_in_range": {
                            "type": "minecraft:min",
                            "argument1": "minecraft:overworld_large_biomes/sloped_cheese",
                            "argument2": {
                              "type": "minecraft:mul",
                              "argument1": 5.0,
                              "argument2": "minecraft:overworld/caves/entrances"
                            }
                          },
                          "when_out_of_range": {
                            "type": "minecraft:max",
                            "argument1": {
                              "type": "minecraft:min",
                              "argument1": {
                                "type": "minecraft:min",
                                "argument1": {
                                  "type": "minecraft:add",
                                  "argument1": {
                                    "type": "minecraft:mul",
                                    "argument1": 4.0,
                                    "argument2": {
                                      "type": "minecraft:square",
                                      "argument": {
                                        "type": "minecraft:noise",
                                        "noise": "minecraft:cave_layer",
                                        "xz_scale": 1.0,
                                        "y_scale": 8.0
                                      }
                                    }
                                  },
                                  "argument2": {
                                    "type": "minecraft:add",
                                    "argument1": {
                                      "type": "minecraft:clamp",
                                      "input": {
                                        "type": "minecraft:add",
                                        "argument1": 0.27,
                                        "argument2": {
                                          "type": "minecraft:noise",
                                          "noise": "minecraft:cave_cheese",
                                          "xz_scale": 1.0,
                                          "y_scale": 0.6666666666666666
                                        }
                                      },
                                      "max": 1.0,
                                      "min": -1.0
                                    },
                                    "argument2": {
                                      "type": "minecraft:clamp",
                                      "input": {
                                        "type": "minecraft:add",
                                        "argument1": 1.5,
                                        "argument2": {
                                          "type": "minecraft:mul",
                                          "argument1": -0.64,
                                          "argument2": "minecraft:overworld_large_biomes/sloped_cheese"
                                        }
                                      },
                                      "max": 0.5,
                                      "min": 0.0
                                    }
                                  }
                                },
                                "argument2": "minecraft:overworld/caves/entrances"
                              },
                              "argument2": {
                                "type": "minecraft:add",
                                "argument1": {
                                  "type": "minecraft:clamp",
                                  "input": {
                                    "type": "minecraft:max",
                                    "argument1": {
                                      "type": "minecraft:add",
                                      "argument1": {
                                        "type": "minecraft:weird_scaled_sampler",
                                        "input": {
                                          "type": "minecraft:noise",
                                          "noise": "minecraft:spaghetti_2d_modulator",
                                          "xz_scale": 2.0,
                                          "y_scale": 1.0
                                        },
                                        "noise": "minecraft:spaghetti_2d",
                                        "rarity_value_mapper": "type_2"
                                      },
                                      "argument2": {
                                        "type": "minecraft:mul",
                                        "argument1": 0.083,
                                        "argument2": "minecraft:overworld/caves/spaghetti_2d_thickness_modulator"
                                      }
                                    },
                                    "argument2": {
                                      "type": "minecraft:cube",
                                      "argument": {
                                        "type": "minecraft:add",
                                        "argument1": {
                                          "type": "minecraft:abs",
                                          "argument": {
                                            "type": "minecraft:add",
                                            "argument1": {
                                              "type": "minecraft:add",
                                              "argument1": 0.0,
                                              "argument2": {
                                                "type": "minecraft:mul",
                                                "argument1": 8.0,
                                                "argument2": {
                                                  "type": "minecraft:noise",
                                                  "noise": "minecraft:spaghetti_2d_elevation",
                                                  "xz_scale": 1.0,
                                                  "y_scale": 0.0
                                                }
                                              }
                                            },
                                            "argument2": {
                                              "type": "minecraft:y_clamped_gradient",
                                              "from_value": 8.0,
                                              "from_y": %d,
                                              "to_value": -40.0,
                                              "to_y": %d
                                            }
                                          }
                                        },
                                        "argument2": "minecraft:overworld/caves/spaghetti_2d_thickness_modulator"
                                      }
                                    }
                                  },
                                  "max": 1.0,
                                  "min": -1.0
                                },
                                "argument2": "minecraft:overworld/caves/spaghetti_roughness_function"
                              }
                            },
                            "argument2": {
                              "type": "minecraft:range_choice",
                              "input": "minecraft:overworld/caves/pillars",
                              "max_exclusive": 0.03,
                              "min_inclusive": -1000000.0,
                              "when_in_range": -1000000.0,
                              "when_out_of_range": "minecraft:overworld/caves/pillars"
                            }
                          }
                        }
                      }
                    }
                  }
                }
              }
            }
          }
        }
      }
    },
    "argument2": {
      "type": "minecraft:range_choice",
      "input": {
        "type": "minecraft:interpolated",
        "argument": {
          "type": "minecraft:range_choice",
          "input": "minecraft:y",
          "max_exclusive": %f,
          "min_inclusive": %f,
          "when_in_range": {
            "type": "minecraft:noise",
            "noise": "minecraft:noodle",
            "xz_scale": 1.0,
            "y_scale": 1.0
          },
          "when_out_of_range": -1.0
        }
      },
      "max_exclusive": 0.0,
      "min_inclusive": -1000000.0,
      "when_in_range": 64.0,
      "when_out_of_range": {
        "type": "minecraft:add",
        "argument1": {
          "type": "minecraft:interpolated",
          "argument": {
            "type": "minecraft:range_choice",
            "input": "minecraft:y",
            "max_exclusive": %f,
            "min_inclusive": %f,
            "when_in_range": {
              "type": "minecraft:add",
              "argument1": -0.07500000000000001,
              "argument2": {
                "type": "minecraft:mul",
                "argument1": -0.025,
                "argument2": {
                  "type": "minecraft:noise",
                  "noise": "minecraft:noodle_thickness",
                  "xz_scale": 1.0,
                  "y_scale": 1.0
                }
              }
            },
            "when_out_of_range": 0.0
          }
        },
        "argument2": {
          "type": "minecraft:mul",
          "argument1": 1.5,
          "argument2": {
            "type": "minecraft:max",
            "argument1": {
              "type": "minecraft:abs",
              "argument": {
                "type": "minecraft:interpolated",
                "argument": {
                  "type": "minecraft:range_choice",
                  "input": "minecraft:y",
                  "max_exclusive": %f,
                  "min_inclusive": %f,
                  "when_in_range": {
                    "type": "minecraft:noise",
                    "noise": "minecraft:noodle_ridge_a",
                    "xz_scale": 2.6666666666666665,
                    "y_scale": 2.6666666666666665
                  },
                  "when_out_of_range": 0.0
                }
              }
            },
            "argument2": {
              "type": "minecraft:abs",
              "argument": {
                "type": "minecraft:interpolated",
                "argument": {
                  "type": "minecraft:range_choice",
                  "input": "minecraft:y",
                  "max_exclusive": %f,
                  "min_inclusive": %f,
                  "when_in_range": {
                    "type": "minecraft:noise",
                    "noise": "minecraft:noodle_ridge_b",
                    "xz_scale": 2.6666666666666665,
                    "y_scale": 2.6666666666666665
                  },
                  "when_out_of_range": 0.0
                }
              }
            }
          }
        }
      }
    }
  },
  "fluid_level_floodedness": {
    "type": "minecraft:noise",
    "noise": "minecraft:aquifer_fluid_level_floodedness",
    "xz_scale": 1.0,
    "y_scale": 0.67
  },
  "fluid_level_spread": {
    "type": "minecraft:noise",
    "noise": "minecraft:aquifer_fluid_level_spread",
    "xz_scale": 1.0,
    "y_scale": 0.7142857142857143
  },
  "initial_density_without_jaggedness": {
    "type": "minecraft:add",
    "argument1": 0.1171875,
    "argument2": {
      "type": "minecraft:mul",
      "argument1": {
        "type": "minecraft:y_clamped_gradient",
        "from_value": 0.0,
        "from_y": %d,
        "to_value": 1.0,
        "to_y": %d
      },
      "argument2": {
        "type": "minecraft:add",
        "argument1": -0.1171875,
        "argument2": {
          "type": "minecraft:add",
          "argument1": -0.078125,
          "argument2": {
            "type": "minecraft:mul",
            "argument1": {
              "type": "minecraft:y_clamped_gradient",
              "from_value": 1.0,
              "from_y": %d,
              "to_value": 0.0,
              "to_y": %d
            },
            "argument2": {
              "type": "minecraft:add",
              "argument1": 0.078125,
              "argument2": {
                "type": "minecraft:clamp",
                "input": {
                  "type": "minecraft:add",
                  "argument1": -0.703125,
                  "argument2": {
                    "type": "minecraft:mul",
                    "argument1": 4.0,
                    "argument2": {
                      "type": "minecraft:quarter_negative",
                      "argument": {
                        "type": "minecraft:mul",
                        "argument1": "minecraft:overworld_large_biomes/depth",
                        "argument2": {
                          "type": "minecraft:cache_2d",
                          "argument": "minecraft:overworld_large_biomes/factor"
                        }
                      }
                    }
                  }
                },
                "max": 64.0,
                "min": -64.0
              }
            }
          }
        }
      }
    }
  },
  "lava": {
    "type": "minecraft:noise",
    "noise": "minecraft:aquifer_lava",
    "xz_scale": 1.0,
    "y_scale": 1.0
  },
  "ridges": "minecraft:overworld/ridges",
  "temperature": "infinity:temperature",
  "vegetation": "infinity:vegetation",
  "vein_gap": "infinity:vein_gap",
  "vein_ridged": "infinity:vein_ridged",
  "vein_toggle": "infinity:vein_toggle"
}
