{
	"elements": [
		{
			"weight": 1.0,
			"key": {
				"Type": "block",
				"Name": "create_enchantment_industry:blocks/blaze_enchanter"
			}
		},
		{
			"weight": 1.0,
			"key": {
				"Type": "block",
				"Name": "create_enchantment_industry:blocks/blaze_forger"
			}
		},
		{
			"weight": 1.0,
			"key": {
				"Type": "block",
				"Name": "create_enchantment_industry:blocks/experience_hatch"
			}
		},
		{
			"weight": 1.0,
			"key": {
				"Type": "block",
				"Name": "create_enchantment_industry:blocks/experience_lantern"
			}
		},
		{
			"weight": 1.0,
			"key": {
				"Type": "block",
				"Name": "create_enchantment_industry:blocks/grindstone_drain"
			}
		},
		{
			"weight": 1.0,
			"key": {
				"Type": "block",
				"Name": "create_enchantment_industry:blocks/mechanical_grindstone"
			}
		},
		{
			"weight": 1.0,
			"key": {
				"Type": "block",
				"Name": "create_enchantment_industry:blocks/printer"
			}
		},
		{
			"weight": 1.0,
			"key": {
				"Type": "block",
				"Name": "create_enchantment_industry:blocks/super_experience_block"
			}
		}
	]
}
