{
	"elements": [
		{
			"weight": 1.0,
			"key": {
				"step": "strongholds",
				"terrain_adaptation": "none",
				"spawn_overrides": {
					"monster": {
						"bounding_box": "piece",
						"spawns": [
							{
								"type": "minecraft:blaze",
								"weight": 1,
								"minCount": 1,
								"maxCount": 2
							}
						]
					}
				},
				"id": "friendsandfoes:citadel"
			}
		},
		{
			"weight": 1.0,
			"key": {
				"step": "surface_structures",
				"terrain_adaptation": "beard_thin",
				"spawn_overrides": {
					"monster": {
						"bounding_box": "piece",
						"spawns": [
							{
								"type": "friendsandfoes:illusioner",
								"weight": 1,
								"minCount": 1,
								"maxCount": 1
							},
							{
								"type": "minecraft:pillager",
								"weight": 2,
								"minCount": 1,
								"maxCount": 2
							}
						]
					}
				},
				"id": "friendsandfoes:illusioner_training_grounds"
			}
		},
		{
			"weight": 1.0,
			"key": {
				"step": "surface_structures",
				"terrain_adaptation": "beard_thin",
				"spawn_overrides": {
					"monster": {
						"bounding_box": "piece",
						"spawns": [
							{
								"type": "friendsandfoes:illusioner",
								"weight": 1,
								"minCount": 1,
								"maxCount": 1
							}
						]
					}
				},
				"id": "friendsandfoes:illusioner_shack"
			}
		},
		{
			"weight": 1.0,
			"key": {
				"step": "surface_structures",
				"terrain_adaptation": "beard_thin",
				"spawn_overrides": {
					"monster": {
						"bounding_box": "piece",
						"spawns": [
							{
								"type": "friendsandfoes:iceologer",
								"weight": 1,
								"minCount": 1,
								"maxCount": 1
							}
						]
					}
				},
				"id": "friendsandfoes:iceologer_cabin"
			}
		}
	]
}
