{
	"biomes": [
		"minecraft:badlands"
	],
	"rule": {
		"type": "minecraft:sequence",
		"sequence": [
			{
				"type": "minecraft:sequence",
				"sequence": [
					{
						"if_true": {
							"type": "minecraft:stone_depth",
							"secondary_depth_range": 0,
							"offset": 0,
							"surface_type": "floor",
							"add_surface_depth": false
						},
						"then_run": {
							"type": "minecraft:sequence",
							"sequence": [
								{
									"if_true": {
										"type": "minecraft:y_above",
										"add_stone_depth": false,
										"anchor": {
											"absolute": 256
										},
										"surface_depth_multiplier": 0
									},
									"then_run": {
										"type": "minecraft:block",
										"result_state": {
											"Name": "minecraft:orange_terracotta"
										}
									},
									"type": "minecraft:condition"
								},
								{
									"if_true": {
										"type": "minecraft:y_above",
										"add_stone_depth": true,
										"anchor": {
											"absolute": 74
										},
										"surface_depth_multiplier": 1
									},
									"then_run": {
										"type": "minecraft:sequence",
										"sequence": [
											{
												"if_true": {
													"type": "minecraft:noise_threshold",
													"min_threshold": -0.909,
													"noise": "minecraft:surface",
													"max_threshold": -0.5454
												},
												"then_run": {
													"type": "minecraft:block",
													"result_state": {
														"Name": "minecraft:terracotta"
													}
												},
												"type": "minecraft:condition"
											},
											{
												"if_true": {
													"type": "minecraft:noise_threshold",
													"min_threshold": -0.1818,
													"noise": "minecraft:surface",
													"max_threshold": 0.1818
												},
												"then_run": {
													"type": "minecraft:block",
													"result_state": {
														"Name": "minecraft:terracotta"
													}
												},
												"type": "minecraft:condition"
											},
											{
												"if_true": {
													"type": "minecraft:noise_threshold",
													"min_threshold": 0.5454,
													"noise": "minecraft:surface",
													"max_threshold": 0.909
												},
												"then_run": {
													"type": "minecraft:block",
													"result_state": {
														"Name": "minecraft:terracotta"
													}
												},
												"type": "minecraft:condition"
											},
											{
												"type": "minecraft:bandlands"
											}
										]
									},
									"type": "minecraft:condition"
								},
								{
									"if_true": {
										"type": "minecraft:water",
										"offset": -1,
										"add_stone_depth": false,
										"surface_depth_multiplier": 0
									},
									"then_run": {
										"type": "minecraft:sequence",
										"sequence": [
											{
												"if_true": {
													"type": "minecraft:stone_depth",
													"secondary_depth_range": 0,
													"offset": 0,
													"surface_type": "ceiling",
													"add_surface_depth": false
												},
												"then_run": {
													"type": "minecraft:block",
													"result_state": {
														"Name": "minecraft:red_sandstone"
													}
												},
												"type": "minecraft:condition"
											},
											{
												"type": "minecraft:block",
												"result_state": {
													"Name": "minecraft:red_sand"
												}
											}
										]
									},
									"type": "minecraft:condition"
								},
								{
									"if_true": {
										"type": "minecraft:not",
										"invert": {
											"type": "minecraft:hole"
										}
									},
									"then_run": {
										"type": "minecraft:block",
										"result_state": {
											"Name": "minecraft:orange_terracotta"
										}
									},
									"type": "minecraft:condition"
								},
								{
									"if_true": {
										"type": "minecraft:water",
										"offset": -6,
										"add_stone_depth": true,
										"surface_depth_multiplier": -1
									},
									"then_run": {
										"type": "minecraft:block",
										"result_state": {
											"Name": "minecraft:white_terracotta"
										}
									},
									"type": "minecraft:condition"
								},
								{
									"type": "minecraft:sequence",
									"sequence": [
										{
											"if_true": {
												"type": "minecraft:stone_depth",
												"secondary_depth_range": 0,
												"offset": 0,
												"surface_type": "ceiling",
												"add_surface_depth": false
											},
											"then_run": {
												"type": "minecraft:block",
												"result_state": {
													"Name": "minecraft:stone"
												}
											},
											"type": "minecraft:condition"
										},
										{
											"type": "minecraft:block",
											"result_state": {
												"Name": "minecraft:gravel"
											}
										}
									]
								}
							]
						},
						"type": "minecraft:condition"
					},
					{
						"if_true": {
							"type": "minecraft:y_above",
							"add_stone_depth": true,
							"anchor": {
								"absolute": %SL+1%
							},
							"surface_depth_multiplier": -1
						},
						"then_run": {
							"type": "minecraft:sequence",
							"sequence": [
								{
									"if_true": {
										"type": "minecraft:y_above",
										"add_stone_depth": false,
										"anchor": {
											"absolute": %SL+1%
										},
										"surface_depth_multiplier": 0
									},
									"then_run": {
										"if_true": {
											"type": "minecraft:not",
											"invert": {
												"type": "minecraft:y_above",
												"add_stone_depth": true,
												"anchor": {
													"absolute": 74
												},
												"surface_depth_multiplier": 1
											}
										},
										"then_run": {
											"type": "minecraft:block",
											"result_state": {
												"Name": "minecraft:orange_terracotta"
											}
										},
										"type": "minecraft:condition"
									},
									"type": "minecraft:condition"
								},
								{
									"type": "minecraft:bandlands"
								}
							]
						},
						"type": "minecraft:condition"
					},
					{
						"if_true": {
							"type": "minecraft:stone_depth",
							"secondary_depth_range": 0,
							"offset": 0,
							"surface_type": "floor",
							"add_surface_depth": true
						},
						"then_run": {
							"if_true": {
								"type": "minecraft:water",
								"offset": -6,
								"add_stone_depth": true,
								"surface_depth_multiplier": -1
							},
							"then_run": {
								"type": "minecraft:block",
								"result_state": {
									"Name": "minecraft:white_terracotta"
								}
							},
							"type": "minecraft:condition"
						},
						"type": "minecraft:condition"
					}
				]
			},
			{
				"if_true": {
					"type": "minecraft:stone_depth",
					"secondary_depth_range": 0,
					"offset": 0,
					"surface_type": "floor",
					"add_surface_depth": false
				},
				"then_run": {
					"if_true": {
						"type": "minecraft:water",
						"offset": -1,
						"add_stone_depth": false,
						"surface_depth_multiplier": 0
					},
					"then_run": {
						"if_true": {
							"type": "minecraft:water",
							"offset": 0,
							"add_stone_depth": false,
							"surface_depth_multiplier": 0
						},
						"then_run": {
							"type": "minecraft:block",
							"result_state": {
								"Name": "minecraft:grass_block",
								"Properties": {
									"snowy": "false"
								}
							}
						},
						"type": "minecraft:condition"
					},
					"type": "minecraft:condition"
				},
				"type": "minecraft:condition"
			},
			{
				"if_true": {
					"type": "minecraft:stone_depth",
					"secondary_depth_range": 0,
					"offset": 0,
					"surface_type": "floor",
					"add_surface_depth": false
				},
				"then_run": {
					"if_true": {
						"type": "minecraft:water",
						"offset": -1,
						"add_stone_depth": false,
						"surface_depth_multiplier": 0
					},
					"then_run": {
						"type": "minecraft:block",
						"result_state": {
							"Name": "minecraft:dirt"
						}
					},
					"type": "minecraft:condition"
				},
				"type": "minecraft:condition"
			},
			{
				"if_true": {
					"type": "minecraft:water",
					"offset": -6,
					"add_stone_depth": true,
					"surface_depth_multiplier": -1
				},
				"then_run": {
					"if_true": {
						"type": "minecraft:stone_depth",
						"secondary_depth_range": 0,
						"offset": 0,
						"surface_type": "floor",
						"add_surface_depth": true
					},
					"then_run": {
						"type": "minecraft:block",
						"result_state": {
							"Name": "minecraft:dirt"
						}
					},
					"type": "minecraft:condition"
				},
				"type": "minecraft:condition"
			},
			{
				"if_true": {
					"type": "minecraft:stone_depth",
					"secondary_depth_range": 0,
					"offset": 0,
					"surface_type": "floor",
					"add_surface_depth": false
				},
				"then_run": {
					"if_true": {
						"type": "minecraft:stone_depth",
						"secondary_depth_range": 0,
						"offset": 0,
						"surface_type": "ceiling",
						"add_surface_depth": false
					},
					"then_run": {
						"type": "minecraft:block",
						"result_state": {
							"Name": "minecraft:stone"
						}
					},
					"type": "minecraft:condition"
				},
				"type": "minecraft:condition"
			},
			{
				"if_true": {
					"type": "minecraft:stone_depth",
					"secondary_depth_range": 0,
					"offset": 0,
					"surface_type": "floor",
					"add_surface_depth": false
				},
				"then_run": {
					"type": "minecraft:block",
					"result_state": {
						"Name": "minecraft:gravel"
					}
				},
				"type": "minecraft:condition"
			},
			{
				"type": "minecraft:sequence",
				"sequence": [
					{
						"if_true": {
							"type": "minecraft:stone_depth",
							"secondary_depth_range": 0,
							"offset": 0,
							"surface_type": "floor",
							"add_surface_depth": false
						},
						"then_run": {
							"type": "minecraft:sequence",
							"sequence": [
								{
									"if_true": {
										"type": "minecraft:y_above",
										"add_stone_depth": false,
										"anchor": {
											"absolute": 256
										},
										"surface_depth_multiplier": 0
									},
									"then_run": {
										"type": "minecraft:block",
										"result_state": {
											"Name": "minecraft:orange_terracotta"
										}
									},
									"type": "minecraft:condition"
								},
								{
									"if_true": {
										"type": "minecraft:y_above",
										"add_stone_depth": true,
										"anchor": {
											"absolute": 74
										},
										"surface_depth_multiplier": 1
									},
									"then_run": {
										"type": "minecraft:sequence",
										"sequence": [
											{
												"if_true": {
													"type": "minecraft:noise_threshold",
													"min_threshold": -0.909,
													"noise": "minecraft:surface",
													"max_threshold": -0.5454
												},
												"then_run": {
													"type": "minecraft:block",
													"result_state": {
														"Name": "minecraft:terracotta"
													}
												},
												"type": "minecraft:condition"
											},
											{
												"if_true": {
													"type": "minecraft:noise_threshold",
													"min_threshold": -0.1818,
													"noise": "minecraft:surface",
													"max_threshold": 0.1818
												},
												"then_run": {
													"type": "minecraft:block",
													"result_state": {
														"Name": "minecraft:terracotta"
													}
												},
												"type": "minecraft:condition"
											},
											{
												"if_true": {
													"type": "minecraft:noise_threshold",
													"min_threshold": 0.5454,
													"noise": "minecraft:surface",
													"max_threshold": 0.909
												},
												"then_run": {
													"type": "minecraft:block",
													"result_state": {
														"Name": "minecraft:terracotta"
													}
												},
												"type": "minecraft:condition"
											},
											{
												"type": "minecraft:bandlands"
											}
										]
									},
									"type": "minecraft:condition"
								},
								{
									"if_true": {
										"type": "minecraft:water",
										"offset": -1,
										"add_stone_depth": false,
										"surface_depth_multiplier": 0
									},
									"then_run": {
										"type": "minecraft:sequence",
										"sequence": [
											{
												"if_true": {
													"type": "minecraft:stone_depth",
													"secondary_depth_range": 0,
													"offset": 0,
													"surface_type": "ceiling",
													"add_surface_depth": false
												},
												"then_run": {
													"type": "minecraft:block",
													"result_state": {
														"Name": "minecraft:red_sandstone"
													}
												},
												"type": "minecraft:condition"
											},
											{
												"type": "minecraft:block",
												"result_state": {
													"Name": "minecraft:red_sand"
												}
											}
										]
									},
									"type": "minecraft:condition"
								},
								{
									"if_true": {
										"type": "minecraft:not",
										"invert": {
											"type": "minecraft:hole"
										}
									},
									"then_run": {
										"type": "minecraft:block",
										"result_state": {
											"Name": "minecraft:orange_terracotta"
										}
									},
									"type": "minecraft:condition"
								},
								{
									"if_true": {
										"type": "minecraft:water",
										"offset": -6,
										"add_stone_depth": true,
										"surface_depth_multiplier": -1
									},
									"then_run": {
										"type": "minecraft:block",
										"result_state": {
											"Name": "minecraft:white_terracotta"
										}
									},
									"type": "minecraft:condition"
								},
								{
									"type": "minecraft:sequence",
									"sequence": [
										{
											"if_true": {
												"type": "minecraft:stone_depth",
												"secondary_depth_range": 0,
												"offset": 0,
												"surface_type": "ceiling",
												"add_surface_depth": false
											},
											"then_run": {
												"type": "minecraft:block",
												"result_state": {
													"Name": "minecraft:stone"
												}
											},
											"type": "minecraft:condition"
										},
										{
											"type": "minecraft:block",
											"result_state": {
												"Name": "minecraft:gravel"
											}
										}
									]
								}
							]
						},
						"type": "minecraft:condition"
					},
					{
						"if_true": {
							"type": "minecraft:y_above",
							"add_stone_depth": true,
							"anchor": {
								"absolute": %SL+1%
							},
							"surface_depth_multiplier": -1
						},
						"then_run": {
							"type": "minecraft:sequence",
							"sequence": [
								{
									"if_true": {
										"type": "minecraft:y_above",
										"add_stone_depth": false,
										"anchor": {
											"absolute": %SL+1%
										},
										"surface_depth_multiplier": 0
									},
									"then_run": {
										"if_true": {
											"type": "minecraft:not",
											"invert": {
												"type": "minecraft:y_above",
												"add_stone_depth": true,
												"anchor": {
													"absolute": 74
												},
												"surface_depth_multiplier": 1
											}
										},
										"then_run": {
											"type": "minecraft:block",
											"result_state": {
												"Name": "minecraft:orange_terracotta"
											}
										},
										"type": "minecraft:condition"
									},
									"type": "minecraft:condition"
								},
								{
									"type": "minecraft:bandlands"
								}
							]
						},
						"type": "minecraft:condition"
					},
					{
						"if_true": {
							"type": "minecraft:stone_depth",
							"secondary_depth_range": 0,
							"offset": 0,
							"surface_type": "floor",
							"add_surface_depth": true
						},
						"then_run": {
							"if_true": {
								"type": "minecraft:water",
								"offset": -6,
								"add_stone_depth": true,
								"surface_depth_multiplier": -1
							},
							"then_run": {
								"type": "minecraft:block",
								"result_state": {
									"Name": "minecraft:white_terracotta"
								}
							},
							"type": "minecraft:condition"
						},
						"type": "minecraft:condition"
					}
				]
			},
			{
				"if_true": {
					"type": "minecraft:stone_depth",
					"secondary_depth_range": 0,
					"offset": 0,
					"surface_type": "floor",
					"add_surface_depth": false
				},
				"then_run": {
					"if_true": {
						"type": "minecraft:water",
						"offset": -1,
						"add_stone_depth": false,
						"surface_depth_multiplier": 0
					},
					"then_run": {
						"if_true": {
							"type": "minecraft:water",
							"offset": 0,
							"add_stone_depth": false,
							"surface_depth_multiplier": 0
						},
						"then_run": {
							"type": "minecraft:block",
							"result_state": {
								"Name": "minecraft:grass_block",
								"Properties": {
									"snowy": "false"
								}
							}
						},
						"type": "minecraft:condition"
					},
					"type": "minecraft:condition"
				},
				"type": "minecraft:condition"
			},
			{
				"if_true": {
					"type": "minecraft:stone_depth",
					"secondary_depth_range": 0,
					"offset": 0,
					"surface_type": "floor",
					"add_surface_depth": false
				},
				"then_run": {
					"if_true": {
						"type": "minecraft:water",
						"offset": -1,
						"add_stone_depth": false,
						"surface_depth_multiplier": 0
					},
					"then_run": {
						"type": "minecraft:block",
						"result_state": {
							"Name": "minecraft:dirt"
						}
					},
					"type": "minecraft:condition"
				},
				"type": "minecraft:condition"
			},
			{
				"if_true": {
					"type": "minecraft:water",
					"offset": -6,
					"add_stone_depth": true,
					"surface_depth_multiplier": -1
				},
				"then_run": {
					"if_true": {
						"type": "minecraft:stone_depth",
						"secondary_depth_range": 0,
						"offset": 0,
						"surface_type": "floor",
						"add_surface_depth": true
					},
					"then_run": {
						"type": "minecraft:block",
						"result_state": {
							"Name": "minecraft:dirt"
						}
					},
					"type": "minecraft:condition"
				},
				"type": "minecraft:condition"
			},
			{
				"if_true": {
					"type": "minecraft:stone_depth",
					"secondary_depth_range": 0,
					"offset": 0,
					"surface_type": "floor",
					"add_surface_depth": false
				},
				"then_run": {
					"if_true": {
						"type": "minecraft:stone_depth",
						"secondary_depth_range": 0,
						"offset": 0,
						"surface_type": "ceiling",
						"add_surface_depth": false
					},
					"then_run": {
						"type": "minecraft:block",
						"result_state": {
							"Name": "minecraft:stone"
						}
					},
					"type": "minecraft:condition"
				},
				"type": "minecraft:condition"
			},
			{
				"if_true": {
					"type": "minecraft:stone_depth",
					"secondary_depth_range": 0,
					"offset": 0,
					"surface_type": "floor",
					"add_surface_depth": false
				},
				"then_run": {
					"type": "minecraft:block",
					"result_state": {
						"Name": "minecraft:gravel"
					}
				},
				"type": "minecraft:condition"
			}
		]
	}
}
