{
	"biomes": [
		"minecraft:crimson_forest"
	],
	"rule": {
		"type": "minecraft:condition",
		"if_true": {
			"offset": 0,
			"add_surface_depth": false,
			"secondary_depth_range": 0,
			"type": "minecraft:stone_depth",
			"surface_type": "floor"
		},
		"then_run": {
			"type": "minecraft:condition",
			"if_true": {
				"invert": {
					"min_threshold": 0.54,
					"max_threshold": 2147483647,
					"noise": "minecraft:netherrack",
					"type": "minecraft:noise_threshold"
				},
				"type": "minecraft:not"
			},
			"then_run": {
				"type": "minecraft:condition",
				"if_true": {
					"surface_depth_multiplier": 0,
					"anchor": {
						"absolute": %SL%
					},
					"type": "minecraft:y_above",
					"add_stone_depth": false
				},
				"then_run": {
					"sequence": [
						{
							"type": "minecraft:condition",
							"if_true": {
								"min_threshold": 1.17,
								"max_threshold": 2147483647,
								"noise": "minecraft:nether_wart",
								"type": "minecraft:noise_threshold"
							},
							"then_run": {
								"result_state": {
									"Name": "minecraft:nether_wart_block"
								},
								"type": "minecraft:block"
							}
						},
						{
							"result_state": {
								"Name": "minecraft:crimson_nylium"
							},
							"type": "minecraft:block"
						}
					],
					"type": "minecraft:sequence"
				}
			}
		}
	}
}
