{
	"biomes": [
		"minecraft:windswept_savanna"
	],
	"rule": {
		"type": "minecraft:sequence",
		"sequence": [
			{
				"if_true": {
					"type": "minecraft:stone_depth",
					"secondary_depth_range": 0,
					"offset": 0,
					"surface_type": "floor",
					"add_surface_depth": false
				},
				"then_run": {
					"if_true": {
						"type": "minecraft:water",
						"offset": -1,
						"add_stone_depth": false,
						"surface_depth_multiplier": 0
					},
					"then_run": {
						"type": "minecraft:sequence",
						"sequence": [
							{
								"if_true": {
									"type": "minecraft:noise_threshold",
									"min_threshold": 0.21212122,
									"noise": "minecraft:surface",
									"max_threshold": 3.0E7
								},
								"then_run": {
									"type": "minecraft:block",
									"result_state": {
										"Name": "minecraft:stone"
									}
								},
								"type": "minecraft:condition"
							},
							{
								"if_true": {
									"type": "minecraft:noise_threshold",
									"min_threshold": -0.060606062,
									"noise": "minecraft:surface",
									"max_threshold": 3.0E7
								},
								"then_run": {
									"type": "minecraft:block",
									"result_state": {
										"Name": "minecraft:coarse_dirt"
									}
								},
								"type": "minecraft:condition"
							}
						]
					},
					"type": "minecraft:condition"
				},
				"type": "minecraft:condition"
			},
			{
				"if_true": {
					"type": "minecraft:water",
					"offset": -6,
					"add_stone_depth": true,
					"surface_depth_multiplier": -1
				},
				"then_run": {
					"if_true": {
						"type": "minecraft:stone_depth",
						"secondary_depth_range": 0,
						"offset": 0,
						"surface_type": "floor",
						"add_surface_depth": true
					},
					"then_run": {
						"if_true": {
							"type": "minecraft:noise_threshold",
							"min_threshold": 0.21212122,
							"noise": "minecraft:surface",
							"max_threshold": 3.0E7
						},
						"then_run": {
							"type": "minecraft:block",
							"result_state": {
								"Name": "minecraft:stone"
							}
						},
						"type": "minecraft:condition"
					},
					"type": "minecraft:condition"
				},
				"type": "minecraft:condition"
			},
			{
				"if_true": {
					"type": "minecraft:stone_depth",
					"secondary_depth_range": 0,
					"offset": 0,
					"surface_type": "floor",
					"add_surface_depth": false
				},
				"then_run": {
					"if_true": {
						"type": "minecraft:water",
						"offset": -1,
						"add_stone_depth": false,
						"surface_depth_multiplier": 0
					},
					"then_run": {
						"if_true": {
							"type": "minecraft:water",
							"offset": 0,
							"add_stone_depth": false,
							"surface_depth_multiplier": 0
						},
						"then_run": {
							"type": "minecraft:block",
							"result_state": {
								"Name": "minecraft:grass_block",
								"Properties": {
									"snowy": "false"
								}
							}
						},
						"type": "minecraft:condition"
					},
					"type": "minecraft:condition"
				},
				"type": "minecraft:condition"
			},
			{
				"if_true": {
					"type": "minecraft:stone_depth",
					"secondary_depth_range": 0,
					"offset": 0,
					"surface_type": "floor",
					"add_surface_depth": false
				},
				"then_run": {
					"if_true": {
						"type": "minecraft:water",
						"offset": -1,
						"add_stone_depth": false,
						"surface_depth_multiplier": 0
					},
					"then_run": {
						"type": "minecraft:block",
						"result_state": {
							"Name": "minecraft:dirt"
						}
					},
					"type": "minecraft:condition"
				},
				"type": "minecraft:condition"
			},
			{
				"if_true": {
					"type": "minecraft:water",
					"offset": -6,
					"add_stone_depth": true,
					"surface_depth_multiplier": -1
				},
				"then_run": {
					"if_true": {
						"type": "minecraft:stone_depth",
						"secondary_depth_range": 0,
						"offset": 0,
						"surface_type": "floor",
						"add_surface_depth": true
					},
					"then_run": {
						"type": "minecraft:block",
						"result_state": {
							"Name": "minecraft:dirt"
						}
					},
					"type": "minecraft:condition"
				},
				"type": "minecraft:condition"
			},
			{
				"if_true": {
					"type": "minecraft:stone_depth",
					"secondary_depth_range": 0,
					"offset": 0,
					"surface_type": "floor",
					"add_surface_depth": false
				},
				"then_run": {
					"if_true": {
						"type": "minecraft:stone_depth",
						"secondary_depth_range": 0,
						"offset": 0,
						"surface_type": "ceiling",
						"add_surface_depth": false
					},
					"then_run": {
						"type": "minecraft:block",
						"result_state": {
							"Name": "minecraft:stone"
						}
					},
					"type": "minecraft:condition"
				},
				"type": "minecraft:condition"
			},
			{
				"if_true": {
					"type": "minecraft:stone_depth",
					"secondary_depth_range": 0,
					"offset": 0,
					"surface_type": "floor",
					"add_surface_depth": false
				},
				"then_run": {
					"type": "minecraft:block",
					"result_state": {
						"Name": "minecraft:gravel"
					}
				},
				"type": "minecraft:condition"
			},
			{
				"if_true": {
					"type": "minecraft:stone_depth",
					"secondary_depth_range": 0,
					"offset": 0,
					"surface_type": "floor",
					"add_surface_depth": false
				},
				"then_run": {
					"if_true": {
						"type": "minecraft:water",
						"offset": -1,
						"add_stone_depth": false,
						"surface_depth_multiplier": 0
					},
					"then_run": {
						"type": "minecraft:sequence",
						"sequence": [
							{
								"if_true": {
									"type": "minecraft:noise_threshold",
									"min_threshold": 0.21212122,
									"noise": "minecraft:surface",
									"max_threshold": 3.0E7
								},
								"then_run": {
									"type": "minecraft:block",
									"result_state": {
										"Name": "minecraft:stone"
									}
								},
								"type": "minecraft:condition"
							},
							{
								"if_true": {
									"type": "minecraft:noise_threshold",
									"min_threshold": -0.060606062,
									"noise": "minecraft:surface",
									"max_threshold": 3.0E7
								},
								"then_run": {
									"type": "minecraft:block",
									"result_state": {
										"Name": "minecraft:coarse_dirt"
									}
								},
								"type": "minecraft:condition"
							}
						]
					},
					"type": "minecraft:condition"
				},
				"type": "minecraft:condition"
			},
			{
				"if_true": {
					"type": "minecraft:water",
					"offset": -6,
					"add_stone_depth": true,
					"surface_depth_multiplier": -1
				},
				"then_run": {
					"if_true": {
						"type": "minecraft:stone_depth",
						"secondary_depth_range": 0,
						"offset": 0,
						"surface_type": "floor",
						"add_surface_depth": true
					},
					"then_run": {
						"if_true": {
							"type": "minecraft:noise_threshold",
							"min_threshold": 0.21212122,
							"noise": "minecraft:surface",
							"max_threshold": 3.0E7
						},
						"then_run": {
							"type": "minecraft:block",
							"result_state": {
								"Name": "minecraft:stone"
							}
						},
						"type": "minecraft:condition"
					},
					"type": "minecraft:condition"
				},
				"type": "minecraft:condition"
			},
			{
				"if_true": {
					"type": "minecraft:stone_depth",
					"secondary_depth_range": 0,
					"offset": 0,
					"surface_type": "floor",
					"add_surface_depth": false
				},
				"then_run": {
					"if_true": {
						"type": "minecraft:water",
						"offset": -1,
						"add_stone_depth": false,
						"surface_depth_multiplier": 0
					},
					"then_run": {
						"if_true": {
							"type": "minecraft:water",
							"offset": 0,
							"add_stone_depth": false,
							"surface_depth_multiplier": 0
						},
						"then_run": {
							"type": "minecraft:block",
							"result_state": {
								"Name": "minecraft:grass_block",
								"Properties": {
									"snowy": "false"
								}
							}
						},
						"type": "minecraft:condition"
					},
					"type": "minecraft:condition"
				},
				"type": "minecraft:condition"
			},
			{
				"if_true": {
					"type": "minecraft:stone_depth",
					"secondary_depth_range": 0,
					"offset": 0,
					"surface_type": "floor",
					"add_surface_depth": false
				},
				"then_run": {
					"if_true": {
						"type": "minecraft:water",
						"offset": -1,
						"add_stone_depth": false,
						"surface_depth_multiplier": 0
					},
					"then_run": {
						"type": "minecraft:block",
						"result_state": {
							"Name": "minecraft:dirt"
						}
					},
					"type": "minecraft:condition"
				},
				"type": "minecraft:condition"
			},
			{
				"if_true": {
					"type": "minecraft:water",
					"offset": -6,
					"add_stone_depth": true,
					"surface_depth_multiplier": -1
				},
				"then_run": {
					"if_true": {
						"type": "minecraft:stone_depth",
						"secondary_depth_range": 0,
						"offset": 0,
						"surface_type": "floor",
						"add_surface_depth": true
					},
					"then_run": {
						"type": "minecraft:block",
						"result_state": {
							"Name": "minecraft:dirt"
						}
					},
					"type": "minecraft:condition"
				},
				"type": "minecraft:condition"
			},
			{
				"if_true": {
					"type": "minecraft:stone_depth",
					"secondary_depth_range": 0,
					"offset": 0,
					"surface_type": "floor",
					"add_surface_depth": false
				},
				"then_run": {
					"if_true": {
						"type": "minecraft:stone_depth",
						"secondary_depth_range": 0,
						"offset": 0,
						"surface_type": "ceiling",
						"add_surface_depth": false
					},
					"then_run": {
						"type": "minecraft:block",
						"result_state": {
							"Name": "minecraft:stone"
						}
					},
					"type": "minecraft:condition"
				},
				"type": "minecraft:condition"
			},
			{
				"if_true": {
					"type": "minecraft:stone_depth",
					"secondary_depth_range": 0,
					"offset": 0,
					"surface_type": "floor",
					"add_surface_depth": false
				},
				"then_run": {
					"type": "minecraft:block",
					"result_state": {
						"Name": "minecraft:gravel"
					}
				},
				"type": "minecraft:condition"
			}
		]
	}
}
