{
	"elements": [
		{
			"weight": 1.0,
			"key": {
				"Type": "block",
				"Name": "ironchest:blocks/copper_chest"
			}
		},
		{
			"weight": 1.0,
			"key": {
				"Type": "block",
				"Name": "ironchest:blocks/crystal_chest"
			}
		},
		{
			"weight": 1.0,
			"key": {
				"Type": "block",
				"Name": "ironchest:blocks/diamond_chest"
			}
		},
		{
			"weight": 1.0,
			"key": {
				"Type": "block",
				"Name": "ironchest:blocks/dirt_chest"
			}
		},
		{
			"weight": 1.0,
			"key": {
				"Type": "block",
				"Name": "ironchest:blocks/gold_chest"
			}
		},
		{
			"weight": 1.0,
			"key": {
				"Type": "block",
				"Name": "ironchest:blocks/iron_chest"
			}
		},
		{
			"weight": 1.0,
			"key": {
				"Type": "block",
				"Name": "ironchest:blocks/obsidian_chest"
			}
		},
		{
			"weight": 1.0,
			"key": {
				"Type": "block",
				"Name": "ironchest:blocks/trapped_copper_chest"
			}
		},
		{
			"weight": 1.0,
			"key": {
				"Type": "block",
				"Name": "ironchest:blocks/trapped_crystal_chest"
			}
		},
		{
			"weight": 1.0,
			"key": {
				"Type": "block",
				"Name": "ironchest:blocks/trapped_diamond_chest"
			}
		},
		{
			"weight": 1.0,
			"key": {
				"Type": "block",
				"Name": "ironchest:blocks/trapped_dirt_chest"
			}
		},
		{
			"weight": 1.0,
			"key": {
				"Type": "block",
				"Name": "ironchest:blocks/trapped_gold_chest"
			}
		},
		{
			"weight": 1.0,
			"key": {
				"Type": "block",
				"Name": "ironchest:blocks/trapped_iron_chest"
			}
		},
		{
			"weight": 1.0,
			"key": {
				"Type": "block",
				"Name": "ironchest:blocks/trapped_obsidian_chest"
			}
		}
	]
}
