{
	"elements": [
		{
			"weight": 1.0,
			"key": "create_dragons_plus:black_dye_bucket"
		},
		{
			"weight": 1.0,
			"key": "create_dragons_plus:blaze_upgrade_smithing_template"
		},
		{
			"weight": 1.0,
			"key": "create_dragons_plus:blue_dye_bucket"
		},
		{
			"weight": 1.0,
			"key": "create_dragons_plus:brown_dye_bucket"
		},
		{
			"weight": 1.0,
			"key": "create_dragons_plus:cyan_dye_bucket"
		},
		{
			"weight": 1.0,
			"key": "create_dragons_plus:dragon_breath_bucket"
		},
		{
			"weight": 1.0,
			"key": "create_dragons_plus:fluid_hatch"
		},
		{
			"weight": 1.0,
			"key": "create_dragons_plus:gray_dye_bucket"
		},
		{
			"weight": 1.0,
			"key": "create_dragons_plus:green_dye_bucket"
		},
		{
			"weight": 1.0,
			"key": "create_dragons_plus:light_blue_dye_bucket"
		},
		{
			"weight": 1.0,
			"key": "create_dragons_plus:light_gray_dye_bucket"
		},
		{
			"weight": 1.0,
			"key": "create_dragons_plus:lime_dye_bucket"
		},
		{
			"weight": 1.0,
			"key": "create_dragons_plus:magenta_dye_bucket"
		},
		{
			"weight": 1.0,
			"key": "create_dragons_plus:orange_dye_bucket"
		},
		{
			"weight": 1.0,
			"key": "create_dragons_plus:pink_dye_bucket"
		},
		{
			"weight": 1.0,
			"key": "create_dragons_plus:purple_dye_bucket"
		},
		{
			"weight": 1.0,
			"key": "create_dragons_plus:rare_blaze_pacakge"
		},
		{
			"weight": 1.0,
			"key": "create_dragons_plus:rare_marble_gate_pacakge"
		},
		{
			"weight": 1.0,
			"key": "create_dragons_plus:red_dye_bucket"
		},
		{
			"weight": 1.0,
			"key": "create_dragons_plus:white_dye_bucket"
		},
		{
			"weight": 1.0,
			"key": "create_dragons_plus:yellow_dye_bucket"
		}
	]
}
