{
	"elements": [
		{
			"weight": 1.0,
			"key": "apothic_enchanting:beeshelf"
		},
		{
			"weight": 1.0,
			"key": "apothic_enchanting:blazing_hellshelf"
		},
		{
			"weight": 1.0,
			"key": "apothic_enchanting:boots_tome"
		},
		{
			"weight": 1.0,
			"key": "apothic_enchanting:bow_tome"
		},
		{
			"weight": 1.0,
			"key": "apothic_enchanting:chestplate_tome"
		},
		{
			"weight": 1.0,
			"key": "apothic_enchanting:crystal_seashelf"
		},
		{
			"weight": 1.0,
			"key": "apothic_enchanting:deepshelf"
		},
		{
			"weight": 1.0,
			"key": "apothic_enchanting:dormant_deepshelf"
		},
		{
			"weight": 1.0,
			"key": "apothic_enchanting:draconic_endshelf"
		},
		{
			"weight": 1.0,
			"key": "apothic_enchanting:echoing_deepshelf"
		},
		{
			"weight": 1.0,
			"key": "apothic_enchanting:echoing_sculkshelf"
		},
		{
			"weight": 1.0,
			"key": "apothic_enchanting:ender_lead"
		},
		{
			"weight": 1.0,
			"key": "apothic_enchanting:ender_library"
		},
		{
			"weight": 1.0,
			"key": "apothic_enchanting:endshelf"
		},
		{
			"weight": 1.0,
			"key": "apothic_enchanting:extraction_tome"
		},
		{
			"weight": 1.0,
			"key": "apothic_enchanting:filtering_shelf"
		},
		{
			"weight": 1.0,
			"key": "apothic_enchanting:fishing_tome"
		},
		{
			"weight": 1.0,
			"key": "apothic_enchanting:flimsy_ender_lead"
		},
		{
			"weight": 1.0,
			"key": "apothic_enchanting:geode_shelf"
		},
		{
			"weight": 1.0,
			"key": "apothic_enchanting:glowing_hellshelf"
		},
		{
			"weight": 1.0,
			"key": "apothic_enchanting:heart_seashelf"
		},
		{
			"weight": 1.0,
			"key": "apothic_enchanting:hellshelf"
		},
		{
			"weight": 1.0,
			"key": "apothic_enchanting:helmet_tome"
		},
		{
			"weight": 1.0,
			"key": "apothic_enchanting:improved_scrap_tome"
		},
		{
			"weight": 1.0,
			"key": "apothic_enchanting:inert_trident"
		},
		{
			"weight": 1.0,
			"key": "apothic_enchanting:infused_breath"
		},
		{
			"weight": 1.0,
			"key": "apothic_enchanting:infused_hellshelf"
		},
		{
			"weight": 1.0,
			"key": "apothic_enchanting:infused_seashelf"
		},
		{
			"weight": 1.0,
			"key": "apothic_enchanting:leggings_tome"
		},
		{
			"weight": 1.0,
			"key": "apothic_enchanting:library"
		},
		{
			"weight": 1.0,
			"key": "apothic_enchanting:melonshelf"
		},
		{
			"weight": 1.0,
			"key": "apothic_enchanting:occult_ender_lead"
		},
		{
			"weight": 1.0,
			"key": "apothic_enchanting:other_tome"
		},
		{
			"weight": 1.0,
			"key": "apothic_enchanting:pearl_endshelf"
		},
		{
			"weight": 1.0,
			"key": "apothic_enchanting:pickaxe_tome"
		},
		{
			"weight": 1.0,
			"key": "apothic_enchanting:prismatic_web"
		},
		{
			"weight": 1.0,
			"key": "apothic_enchanting:scrap_tome"
		},
		{
			"weight": 1.0,
			"key": "apothic_enchanting:seashelf"
		},
		{
			"weight": 1.0,
			"key": "apothic_enchanting:sightshelf"
		},
		{
			"weight": 1.0,
			"key": "apothic_enchanting:sightshelf_t2"
		},
		{
			"weight": 1.0,
			"key": "apothic_enchanting:soul_touched_deepshelf"
		},
		{
			"weight": 1.0,
			"key": "apothic_enchanting:soul_touched_sculkshelf"
		},
		{
			"weight": 1.0,
			"key": "apothic_enchanting:stoneshelf"
		},
		{
			"weight": 1.0,
			"key": "apothic_enchanting:treasure_shelf"
		},
		{
			"weight": 1.0,
			"key": "apothic_enchanting:warden_tendril"
		},
		{
			"weight": 1.0,
			"key": "apothic_enchanting:weapon_tome"
		}
	]
}
