{
	"elements": [
		{
			"weight": 1.0,
			"key": "infinity:altar"
		},
		{
			"weight": 1.0,
			"key": "infinity:ant"
		},
		{
			"weight": 1.0,
			"key": "infinity:ant_spawn_egg"
		},
		{
			"weight": 1.0,
			"key": "infinity:biome_bottle"
		},
		{
			"weight": 1.0,
			"key": "infinity:bishop_spawn_egg"
		},
		{
			"weight": 1.0,
			"key": "infinity:black_matter"
		},
		{
			"weight": 1.0,
			"key": "infinity:book_box"
		},
		{
			"weight": 1.0,
			"key": "infinity:chaos_creeper_spawn_egg"
		},
		{
			"weight": 1.0,
			"key": "infinity:chaos_pawn_spawn_egg"
		},
		{
			"weight": 1.0,
			"key": "infinity:chaos_skeleton_spawn_egg"
		},
		{
			"weight": 1.0,
			"key": "infinity:chaos_slime_spawn_egg"
		},
		{
			"weight": 1.0,
			"key": "infinity:chromatic_carpet"
		},
		{
			"weight": 1.0,
			"key": "infinity:chromatic_matter"
		},
		{
			"weight": 1.0,
			"key": "infinity:chromatic_potion"
		},
		{
			"weight": 1.0,
			"key": "infinity:chromatic_wool"
		},
		{
			"weight": 1.0,
			"key": "infinity:cosmic_altar"
		},
		{
			"weight": 1.0,
			"key": "infinity:cursor"
		},
		{
			"weight": 1.0,
			"key": "infinity:disc"
		},
		{
			"weight": 1.0,
			"key": "infinity:f4"
		},
		{
			"weight": 1.0,
			"key": "infinity:fine_item"
		},
		{
			"weight": 1.0,
			"key": "infinity:footprint"
		},
		{
			"weight": 1.0,
			"key": "infinity:iridescence_bucket"
		},
		{
			"weight": 1.0,
			"key": "infinity:iridescent_carpet"
		},
		{
			"weight": 1.0,
			"key": "infinity:iridescent_potion"
		},
		{
			"weight": 1.0,
			"key": "infinity:iridescent_star"
		},
		{
			"weight": 1.0,
			"key": "infinity:iridescent_wool"
		},
		{
			"weight": 1.0,
			"key": "infinity:key"
		},
		{
			"weight": 1.0,
			"key": "infinity:neither_portal"
		},
		{
			"weight": 1.0,
			"key": "infinity:netherite_slab"
		},
		{
			"weight": 1.0,
			"key": "infinity:netherite_stairs"
		},
		{
			"weight": 1.0,
			"key": "infinity:notes_block"
		},
		{
			"weight": 1.0,
			"key": "infinity:star_of_lang"
		},
		{
			"weight": 1.0,
			"key": "infinity:timebomb"
		},
		{
			"weight": 1.0,
			"key": "infinity:white_matter"
		}
	]
}
