{
  "armouryItems": {
    "entries": {
      "minecraft:shield": 0.1,
      "minecraft:stone_axe": 0.05,
      "minecraft:name_tag": 0.05,
      "minecraft:stone_sword": 0.05,
      "minecraft:golden_axe": 0.1,
      "minecraft:golden_sword": 0.1,
      "minecraft:bow": 0.1,
      "minecraft:arrow": 0.05
    },
    "defaultItem": "minecraft:air"
  },
  "storageItems": {
    "entries": {
      "minecraft:potato": 0.2,
      "minecraft:honey_bottle": 0.1,
      "minecraft:pumpkin_seeds": 0.025,
      "minecraft:bread": 0.2,
      "minecraft:rabbit_foot": 0.01,
      "minecraft:cookie": 0.1,
      "minecraft:beetroot_seeds": 0.025,
      "minecraft:slime_ball": 0.05,
      "minecraft:wheat_seeds": 0.025,
      "minecraft:melon_seeds": 0.025,
      "minecraft:cake": 0.1
    },
    "defaultItem": "minecraft:air"
  }
}