{
	"elements": [
		{
			"weight": 1.0,
			"key": {
				"step": "surface_structures",
				"terrain_adaptation": "none",
				"spawn_overrides": {
					"creature": {
						"bounding_box": "piece",
						"spawns": [
							{
								"type": "minecraft:cat",
								"weight": 1,
								"minCount": 1,
								"maxCount": 1
							}
						]
					},
					"monster": {
						"bounding_box": "piece",
						"spawns": [
							{
								"type": "minecraft:witch",
								"weight": 1,
								"minCount": 1,
								"maxCount": 1
							}
						]
					}
				},
				"id": "betterwitchhuts:witch_circle"
			}
		},
		{
			"weight": 1.0,
			"key": {
				"step": "surface_structures",
				"terrain_adaptation": "none",
				"spawn_overrides": {
					"creature": {
						"bounding_box": "piece",
						"spawns": [
							{
								"type": "minecraft:cat",
								"weight": 1,
								"minCount": 1,
								"maxCount": 1
							}
						]
					},
					"monster": {
						"bounding_box": "piece",
						"spawns": [
							{
								"type": "minecraft:witch",
								"weight": 1,
								"minCount": 1,
								"maxCount": 1
							}
						]
					}
				},
				"id": "betterwitchhuts:witch_hut"
			}
		}
	]
}
