{
	"elements": [
		{
			"weight": 1.0,
			"key": {
				"float": true,
				"laggy": true,
				"Name": "create_enchantment_industry:blaze_enchanter",
				"top": true,
				"full": false
			}
		},
		{
			"weight": 1.0,
			"key": {
				"float": true,
				"laggy": true,
				"Name": "create_enchantment_industry:blaze_forger",
				"top": true,
				"full": false
			}
		},
		{
			"weight": 1.0,
			"key": {
				"float": true,
				"laggy": true,
				"Name": "create_enchantment_industry:experience_hatch",
				"top": true,
				"full": false
			}
		},
		{
			"weight": 1.0,
			"key": {
				"float": true,
				"laggy": true,
				"Name": "create_enchantment_industry:experience_lantern",
				"top": true,
				"full": false
			}
		},
		{
			"weight": 1.0,
			"key": {
				"float": true,
				"laggy": true,
				"Name": "create_enchantment_industry:grindstone_drain",
				"top": true,
				"full": false
			}
		},
		{
			"weight": 1.0,
			"key": {
				"float": true,
				"laggy": true,
				"Name": "create_enchantment_industry:mechanical_grindstone",
				"top": true,
				"full": false
			}
		},
		{
			"weight": 1.0,
			"key": {
				"float": true,
				"laggy": true,
				"Name": "create_enchantment_industry:printer",
				"top": true,
				"full": false
			}
		},
		{
			"weight": 1.0,
			"key": {
				"float": true,
				"laggy": false,
				"Name": "create_enchantment_industry:super_experience_block",
				"top": true,
				"full": true
			}
		}
	]
}
