{
	"elements": [
		{
			"weight": 1.0,
			"key": {
				"step": "surface_structures",
				"terrain_adaptation": "beard_thin",
				"spawn_overrides": {
				},
				"id": "apotheosis:tower_spruce"
			}
		},
		{
			"weight": 1.0,
			"key": {
				"step": "surface_structures",
				"terrain_adaptation": "beard_thin",
				"spawn_overrides": {
				},
				"id": "apotheosis:tower_sand"
			}
		},
		{
			"weight": 1.0,
			"key": {
				"step": "surface_structures",
				"terrain_adaptation": "beard_thin",
				"spawn_overrides": {
				},
				"id": "apotheosis:tower_main"
			}
		},
		{
			"weight": 1.0,
			"key": {
				"step": "surface_structures",
				"terrain_adaptation": "beard_thin",
				"spawn_overrides": {
				},
				"id": "apotheosis:tower_leaf"
			}
		}
	]
}
