{
	"elements": [
		{
			"weight": 1.0,
			"key": {
				"Instant": false,
				"Color": 2445989,
				"Name": "minecraft:absorption",
				"Category": "beneficial"
			}
		},
		{
			"weight": 1.0,
			"key": {
				"Instant": false,
				"Color": 745784,
				"Name": "minecraft:bad_omen",
				"Category": "neutral"
			}
		},
		{
			"weight": 1.0,
			"key": {
				"Instant": false,
				"Color": 2039587,
				"Name": "minecraft:blindness",
				"Category": "harmful"
			}
		},
		{
			"weight": 1.0,
			"key": {
				"Instant": false,
				"Color": 1950417,
				"Name": "minecraft:conduit_power",
				"Category": "beneficial"
			}
		},
		{
			"weight": 1.0,
			"key": {
				"Instant": false,
				"Color": 2696993,
				"Name": "minecraft:darkness",
				"Category": "harmful"
			}
		},
		{
			"weight": 1.0,
			"key": {
				"Instant": false,
				"Color": 8954814,
				"Name": "minecraft:dolphins_grace",
				"Category": "beneficial"
			}
		},
		{
			"weight": 1.0,
			"key": {
				"Instant": false,
				"Color": 16750848,
				"Name": "minecraft:fire_resistance",
				"Category": "beneficial"
			}
		},
		{
			"weight": 1.0,
			"key": {
				"Instant": false,
				"Color": 9740385,
				"Name": "minecraft:glowing",
				"Category": "neutral"
			}
		},
		{
			"weight": 1.0,
			"key": {
				"Instant": false,
				"Color": 14270531,
				"Name": "minecraft:haste",
				"Category": "beneficial"
			}
		},
		{
			"weight": 1.0,
			"key": {
				"Instant": false,
				"Color": 16284963,
				"Name": "minecraft:health_boost",
				"Category": "beneficial"
			}
		},
		{
			"weight": 1.0,
			"key": {
				"Instant": false,
				"Color": 4521796,
				"Name": "minecraft:hero_of_the_village",
				"Category": "beneficial"
			}
		},
		{
			"weight": 1.0,
			"key": {
				"Instant": false,
				"Color": 5797459,
				"Name": "minecraft:hunger",
				"Category": "harmful"
			}
		},
		{
			"weight": 1.0,
			"key": {
				"Instant": false,
				"Color": 9214860,
				"Name": "minecraft:infested",
				"Category": "harmful"
			}
		},
		{
			"weight": 1.0,
			"key": {
				"Instant": true,
				"Color": 11101546,
				"Name": "minecraft:instant_damage",
				"Category": "harmful"
			}
		},
		{
			"weight": 1.0,
			"key": {
				"Instant": true,
				"Color": 16262179,
				"Name": "minecraft:instant_health",
				"Category": "beneficial"
			}
		},
		{
			"weight": 1.0,
			"key": {
				"Instant": false,
				"Color": 16185078,
				"Name": "minecraft:invisibility",
				"Category": "beneficial"
			}
		},
		{
			"weight": 1.0,
			"key": {
				"Instant": false,
				"Color": 16646020,
				"Name": "minecraft:jump_boost",
				"Category": "beneficial"
			}
		},
		{
			"weight": 1.0,
			"key": {
				"Instant": false,
				"Color": 13565951,
				"Name": "minecraft:levitation",
				"Category": "harmful"
			}
		},
		{
			"weight": 1.0,
			"key": {
				"Instant": false,
				"Color": 5882118,
				"Name": "minecraft:luck",
				"Category": "beneficial"
			}
		},
		{
			"weight": 1.0,
			"key": {
				"Instant": false,
				"Color": 4866583,
				"Name": "minecraft:mining_fatigue",
				"Category": "harmful"
			}
		},
		{
			"weight": 1.0,
			"key": {
				"Instant": false,
				"Color": 5578058,
				"Name": "minecraft:nausea",
				"Category": "harmful"
			}
		},
		{
			"weight": 1.0,
			"key": {
				"Instant": false,
				"Color": 12779366,
				"Name": "minecraft:night_vision",
				"Category": "beneficial"
			}
		},
		{
			"weight": 1.0,
			"key": {
				"Instant": false,
				"Color": 10092451,
				"Name": "minecraft:oozing",
				"Category": "harmful"
			}
		},
		{
			"weight": 1.0,
			"key": {
				"Instant": false,
				"Color": 8889187,
				"Name": "minecraft:poison",
				"Category": "harmful"
			}
		},
		{
			"weight": 1.0,
			"key": {
				"Instant": false,
				"Color": 14565464,
				"Name": "minecraft:raid_omen",
				"Category": "neutral"
			}
		},
		{
			"weight": 1.0,
			"key": {
				"Instant": false,
				"Color": 13458603,
				"Name": "minecraft:regeneration",
				"Category": "beneficial"
			}
		},
		{
			"weight": 1.0,
			"key": {
				"Instant": false,
				"Color": 9520880,
				"Name": "minecraft:resistance",
				"Category": "beneficial"
			}
		},
		{
			"weight": 1.0,
			"key": {
				"Instant": true,
				"Color": 16262179,
				"Name": "minecraft:saturation",
				"Category": "beneficial"
			}
		},
		{
			"weight": 1.0,
			"key": {
				"Instant": false,
				"Color": 15978425,
				"Name": "minecraft:slow_falling",
				"Category": "beneficial"
			}
		},
		{
			"weight": 1.0,
			"key": {
				"Instant": false,
				"Color": 9154528,
				"Name": "minecraft:slowness",
				"Category": "harmful"
			}
		},
		{
			"weight": 1.0,
			"key": {
				"Instant": false,
				"Color": 3402751,
				"Name": "minecraft:speed",
				"Category": "beneficial"
			}
		},
		{
			"weight": 1.0,
			"key": {
				"Instant": false,
				"Color": 16762624,
				"Name": "minecraft:strength",
				"Category": "beneficial"
			}
		},
		{
			"weight": 1.0,
			"key": {
				"Instant": false,
				"Color": 1484454,
				"Name": "minecraft:trial_omen",
				"Category": "neutral"
			}
		},
		{
			"weight": 1.0,
			"key": {
				"Instant": false,
				"Color": 12624973,
				"Name": "minecraft:unluck",
				"Category": "harmful"
			}
		},
		{
			"weight": 1.0,
			"key": {
				"Instant": false,
				"Color": 10017472,
				"Name": "minecraft:water_breathing",
				"Category": "beneficial"
			}
		},
		{
			"weight": 1.0,
			"key": {
				"Instant": false,
				"Color": 4738376,
				"Name": "minecraft:weakness",
				"Category": "harmful"
			}
		},
		{
			"weight": 1.0,
			"key": {
				"Instant": false,
				"Color": 7891290,
				"Name": "minecraft:weaving",
				"Category": "harmful"
			}
		},
		{
			"weight": 1.0,
			"key": {
				"Instant": false,
				"Color": 12438015,
				"Name": "minecraft:wind_charged",
				"Category": "harmful"
			}
		},
		{
			"weight": 1.0,
			"key": {
				"Instant": false,
				"Color": 7561558,
				"Name": "minecraft:wither",
				"Category": "harmful"
			}
		}
	]
}
