{
	"elements": [
		{
			"weight": 1.0,
			"key": {
				"step": "underground_structures",
				"terrain_adaptation": "none",
				"spawn_overrides": {
				},
				"id": "minecraft:mineshaft_mesa"
			}
		},
		{
			"weight": 1.0,
			"key": {
				"step": "underground_decoration",
				"terrain_adaptation": "beard_box",
				"spawn_overrides": {
					"ambient": {
						"bounding_box": "full",
						"spawns": [
						]
					},
					"misc": {
						"bounding_box": "full",
						"spawns": [
						]
					},
					"water_ambient": {
						"bounding_box": "full",
						"spawns": [
						]
					},
					"axolotls": {
						"bounding_box": "full",
						"spawns": [
						]
					},
					"creature": {
						"bounding_box": "full",
						"spawns": [
						]
					},
					"underground_water_creature": {
						"bounding_box": "full",
						"spawns": [
						]
					},
					"monster": {
						"bounding_box": "full",
						"spawns": [
						]
					},
					"water_creature": {
						"bounding_box": "full",
						"spawns": [
						]
					}
				},
				"id": "minecraft:ancient_city"
			}
		},
		{
			"weight": 1.0,
			"key": {
				"step": "surface_structures",
				"terrain_adaptation": "beard_thin",
				"spawn_overrides": {
					"monster": {
						"bounding_box": "full",
						"spawns": [
							{
								"type": "minecraft:pillager",
								"weight": 1,
								"minCount": 1,
								"maxCount": 1
							}
						]
					}
				},
				"id": "minecraft:pillager_outpost"
			}
		},
		{
			"weight": 1.0,
			"key": {
				"step": "surface_structures",
				"terrain_adaptation": "none",
				"spawn_overrides": {
				},
				"id": "minecraft:jungle_pyramid"
			}
		},
		{
			"weight": 1.0,
			"key": {
				"step": "surface_structures",
				"terrain_adaptation": "none",
				"spawn_overrides": {
				},
				"id": "minecraft:ocean_ruin_warm"
			}
		},
		{
			"weight": 1.0,
			"key": {
				"step": "surface_structures",
				"terrain_adaptation": "beard_thin",
				"spawn_overrides": {
				},
				"id": "minecraft:village_plains"
			}
		},
		{
			"weight": 1.0,
			"key": {
				"step": "surface_structures",
				"terrain_adaptation": "none",
				"spawn_overrides": {
				},
				"id": "minecraft:shipwreck_beached"
			}
		},
		{
			"weight": 1.0,
			"key": {
				"step": "underground_structures",
				"terrain_adaptation": "none",
				"spawn_overrides": {
				},
				"id": "minecraft:mineshaft"
			}
		},
		{
			"weight": 1.0,
			"key": {
				"step": "surface_structures",
				"terrain_adaptation": "none",
				"spawn_overrides": {
				},
				"id": "minecraft:igloo"
			}
		},
		{
			"weight": 1.0,
			"key": {
				"step": "surface_structures",
				"terrain_adaptation": "beard_thin",
				"spawn_overrides": {
				},
				"id": "minecraft:village_savanna"
			}
		},
		{
			"weight": 1.0,
			"key": {
				"step": "surface_structures",
				"terrain_adaptation": "none",
				"spawn_overrides": {
				},
				"id": "minecraft:ruined_portal_ocean"
			}
		},
		{
			"weight": 1.0,
			"key": {
				"step": "surface_structures",
				"terrain_adaptation": "none",
				"spawn_overrides": {
				},
				"id": "minecraft:mansion"
			}
		},
		{
			"weight": 1.0,
			"key": {
				"step": "surface_structures",
				"terrain_adaptation": "none",
				"spawn_overrides": {
					"axolotls": {
						"bounding_box": "full",
						"spawns": [
						]
					},
					"underground_water_creature": {
						"bounding_box": "full",
						"spawns": [
						]
					},
					"monster": {
						"bounding_box": "full",
						"spawns": [
							{
								"type": "minecraft:guardian",
								"weight": 1,
								"minCount": 2,
								"maxCount": 4
							}
						]
					}
				},
				"id": "minecraft:monument"
			}
		},
		{
			"weight": 1.0,
			"key": {
				"step": "underground_structures",
				"terrain_adaptation": "none",
				"spawn_overrides": {
				},
				"id": "minecraft:buried_treasure"
			}
		},
		{
			"weight": 1.0,
			"key": {
				"step": "surface_structures",
				"terrain_adaptation": "none",
				"spawn_overrides": {
				},
				"id": "minecraft:ruined_portal_nether"
			}
		},
		{
			"weight": 1.0,
			"key": {
				"step": "surface_structures",
				"terrain_adaptation": "bury",
				"spawn_overrides": {
				},
				"id": "minecraft:stronghold"
			}
		},
		{
			"weight": 1.0,
			"key": {
				"step": "surface_structures",
				"terrain_adaptation": "none",
				"spawn_overrides": {
				},
				"id": "minecraft:ruined_portal_desert"
			}
		},
		{
			"weight": 1.0,
			"key": {
				"step": "surface_structures",
				"terrain_adaptation": "none",
				"spawn_overrides": {
				},
				"id": "minecraft:ruined_portal_mountain"
			}
		},
		{
			"weight": 1.0,
			"key": {
				"step": "surface_structures",
				"terrain_adaptation": "none",
				"spawn_overrides": {
					"creature": {
						"bounding_box": "piece",
						"spawns": [
							{
								"type": "minecraft:cat",
								"weight": 1,
								"minCount": 1,
								"maxCount": 1
							}
						]
					},
					"monster": {
						"bounding_box": "piece",
						"spawns": [
							{
								"type": "minecraft:witch",
								"weight": 1,
								"minCount": 1,
								"maxCount": 1
							}
						]
					}
				},
				"id": "minecraft:swamp_hut"
			}
		},
		{
			"weight": 1.0,
			"key": {
				"step": "surface_structures",
				"terrain_adaptation": "none",
				"spawn_overrides": {
				},
				"id": "minecraft:end_city"
			}
		},
		{
			"weight": 1.0,
			"key": {
				"step": "underground_decoration",
				"terrain_adaptation": "none",
				"spawn_overrides": {
					"monster": {
						"bounding_box": "piece",
						"spawns": [
							{
								"type": "minecraft:blaze",
								"weight": 10,
								"minCount": 2,
								"maxCount": 3
							},
							{
								"type": "minecraft:zombified_piglin",
								"weight": 5,
								"minCount": 4,
								"maxCount": 4
							},
							{
								"type": "minecraft:wither_skeleton",
								"weight": 8,
								"minCount": 5,
								"maxCount": 5
							},
							{
								"type": "minecraft:skeleton",
								"weight": 2,
								"minCount": 5,
								"maxCount": 5
							},
							{
								"type": "minecraft:magma_cube",
								"weight": 3,
								"minCount": 4,
								"maxCount": 4
							}
						]
					}
				},
				"id": "minecraft:fortress"
			}
		},
		{
			"weight": 1.0,
			"key": {
				"step": "surface_structures",
				"terrain_adaptation": "beard_thin",
				"spawn_overrides": {
				},
				"id": "minecraft:village_desert"
			}
		},
		{
			"weight": 1.0,
			"key": {
				"step": "underground_decoration",
				"terrain_adaptation": "beard_thin",
				"spawn_overrides": {
				},
				"id": "minecraft:nether_fossil"
			}
		},
		{
			"weight": 1.0,
			"key": {
				"step": "surface_structures",
				"terrain_adaptation": "none",
				"spawn_overrides": {
				},
				"id": "minecraft:bastion_remnant"
			}
		},
		{
			"weight": 1.0,
			"key": {
				"step": "surface_structures",
				"terrain_adaptation": "none",
				"spawn_overrides": {
				},
				"id": "minecraft:ocean_ruin_cold"
			}
		},
		{
			"weight": 1.0,
			"key": {
				"step": "surface_structures",
				"terrain_adaptation": "beard_thin",
				"spawn_overrides": {
				},
				"id": "minecraft:village_snowy"
			}
		},
		{
			"weight": 1.0,
			"key": {
				"step": "surface_structures",
				"terrain_adaptation": "none",
				"spawn_overrides": {
				},
				"id": "minecraft:ruined_portal_swamp"
			}
		},
		{
			"weight": 1.0,
			"key": {
				"step": "surface_structures",
				"terrain_adaptation": "none",
				"spawn_overrides": {
				},
				"id": "minecraft:ruined_portal"
			}
		},
		{
			"weight": 1.0,
			"key": {
				"step": "surface_structures",
				"terrain_adaptation": "none",
				"spawn_overrides": {
				},
				"id": "minecraft:ruined_portal_jungle"
			}
		},
		{
			"weight": 1.0,
			"key": {
				"step": "underground_structures",
				"terrain_adaptation": "encapsulate",
				"spawn_overrides": {
					"ambient": {
						"bounding_box": "piece",
						"spawns": [
						]
					},
					"misc": {
						"bounding_box": "piece",
						"spawns": [
						]
					},
					"water_ambient": {
						"bounding_box": "piece",
						"spawns": [
						]
					},
					"axolotls": {
						"bounding_box": "piece",
						"spawns": [
						]
					},
					"creature": {
						"bounding_box": "piece",
						"spawns": [
						]
					},
					"underground_water_creature": {
						"bounding_box": "piece",
						"spawns": [
						]
					},
					"monster": {
						"bounding_box": "piece",
						"spawns": [
						]
					},
					"water_creature": {
						"bounding_box": "piece",
						"spawns": [
						]
					}
				},
				"id": "minecraft:trial_chambers"
			}
		},
		{
			"weight": 1.0,
			"key": {
				"step": "surface_structures",
				"terrain_adaptation": "none",
				"spawn_overrides": {
				},
				"id": "minecraft:shipwreck"
			}
		},
		{
			"weight": 1.0,
			"key": {
				"step": "surface_structures",
				"terrain_adaptation": "beard_thin",
				"spawn_overrides": {
				},
				"id": "minecraft:village_taiga"
			}
		},
		{
			"weight": 1.0,
			"key": {
				"step": "surface_structures",
				"terrain_adaptation": "none",
				"spawn_overrides": {
				},
				"id": "minecraft:desert_pyramid"
			}
		},
		{
			"weight": 1.0,
			"key": {
				"step": "underground_structures",
				"terrain_adaptation": "bury",
				"spawn_overrides": {
				},
				"id": "minecraft:trail_ruins"
			}
		}
	]
}
