{
	"elements": [
		{
			"weight": 1.0,
			"key": [
				{
					"Name": "connectedglass:borderless_glass_white"
				},
				{
					"Name": "connectedglass:borderless_glass_light_gray"
				},
				{
					"Name": "connectedglass:borderless_glass_gray"
				},
				{
					"Name": "connectedglass:borderless_glass_black"
				},
				{
					"Name": "connectedglass:borderless_glass_brown"
				},
				{
					"Name": "connectedglass:borderless_glass_red"
				},
				{
					"Name": "connectedglass:borderless_glass_orange"
				},
				{
					"Name": "connectedglass:borderless_glass_yellow"
				},
				{
					"Name": "connectedglass:borderless_glass_lime"
				},
				{
					"Name": "connectedglass:borderless_glass_green"
				},
				{
					"Name": "connectedglass:borderless_glass_light_blue"
				},
				{
					"Name": "connectedglass:borderless_glass_blue"
				},
				{
					"Name": "connectedglass:borderless_glass_cyan"
				},
				{
					"Name": "connectedglass:borderless_glass_purple"
				},
				{
					"Name": "connectedglass:borderless_glass_magenta"
				},
				{
					"Name": "connectedglass:borderless_glass_pink"
				}
			]
		},
		{
			"weight": 1.0,
			"key": [
				{
					"Name": "connectedglass:borderless_glass_white_pane"
				},
				{
					"Name": "connectedglass:borderless_glass_light_gray_pane"
				},
				{
					"Name": "connectedglass:borderless_glass_gray_pane"
				},
				{
					"Name": "connectedglass:borderless_glass_black_pane"
				},
				{
					"Name": "connectedglass:borderless_glass_brown_pane"
				},
				{
					"Name": "connectedglass:borderless_glass_red_pane"
				},
				{
					"Name": "connectedglass:borderless_glass_orange_pane"
				},
				{
					"Name": "connectedglass:borderless_glass_yellow_pane"
				},
				{
					"Name": "connectedglass:borderless_glass_lime_pane"
				},
				{
					"Name": "connectedglass:borderless_glass_green_pane"
				},
				{
					"Name": "connectedglass:borderless_glass_light_blue_pane"
				},
				{
					"Name": "connectedglass:borderless_glass_blue_pane"
				},
				{
					"Name": "connectedglass:borderless_glass_cyan_pane"
				},
				{
					"Name": "connectedglass:borderless_glass_purple_pane"
				},
				{
					"Name": "connectedglass:borderless_glass_magenta_pane"
				},
				{
					"Name": "connectedglass:borderless_glass_pink_pane"
				}
			]
		},
		{
			"weight": 1.0,
			"key": [
				{
					"Name": "connectedglass:clear_glass_white"
				},
				{
					"Name": "connectedglass:clear_glass_light_gray"
				},
				{
					"Name": "connectedglass:clear_glass_gray"
				},
				{
					"Name": "connectedglass:clear_glass_black"
				},
				{
					"Name": "connectedglass:clear_glass_brown"
				},
				{
					"Name": "connectedglass:clear_glass_red"
				},
				{
					"Name": "connectedglass:clear_glass_orange"
				},
				{
					"Name": "connectedglass:clear_glass_yellow"
				},
				{
					"Name": "connectedglass:clear_glass_lime"
				},
				{
					"Name": "connectedglass:clear_glass_green"
				},
				{
					"Name": "connectedglass:clear_glass_light_blue"
				},
				{
					"Name": "connectedglass:clear_glass_blue"
				},
				{
					"Name": "connectedglass:clear_glass_cyan"
				},
				{
					"Name": "connectedglass:clear_glass_purple"
				},
				{
					"Name": "connectedglass:clear_glass_magenta"
				},
				{
					"Name": "connectedglass:clear_glass_pink"
				}
			]
		},
		{
			"weight": 1.0,
			"key": [
				{
					"Name": "connectedglass:clear_glass_white_pane"
				},
				{
					"Name": "connectedglass:clear_glass_light_gray_pane"
				},
				{
					"Name": "connectedglass:clear_glass_gray_pane"
				},
				{
					"Name": "connectedglass:clear_glass_black_pane"
				},
				{
					"Name": "connectedglass:clear_glass_brown_pane"
				},
				{
					"Name": "connectedglass:clear_glass_red_pane"
				},
				{
					"Name": "connectedglass:clear_glass_orange_pane"
				},
				{
					"Name": "connectedglass:clear_glass_yellow_pane"
				},
				{
					"Name": "connectedglass:clear_glass_lime_pane"
				},
				{
					"Name": "connectedglass:clear_glass_green_pane"
				},
				{
					"Name": "connectedglass:clear_glass_light_blue_pane"
				},
				{
					"Name": "connectedglass:clear_glass_blue_pane"
				},
				{
					"Name": "connectedglass:clear_glass_cyan_pane"
				},
				{
					"Name": "connectedglass:clear_glass_purple_pane"
				},
				{
					"Name": "connectedglass:clear_glass_magenta_pane"
				},
				{
					"Name": "connectedglass:clear_glass_pink_pane"
				}
			]
		},
		{
			"weight": 1.0,
			"key": [
				{
					"Name": "connectedglass:scratched_glass_white"
				},
				{
					"Name": "connectedglass:scratched_glass_light_gray"
				},
				{
					"Name": "connectedglass:scratched_glass_gray"
				},
				{
					"Name": "connectedglass:scratched_glass_black"
				},
				{
					"Name": "connectedglass:scratched_glass_brown"
				},
				{
					"Name": "connectedglass:scratched_glass_red"
				},
				{
					"Name": "connectedglass:scratched_glass_orange"
				},
				{
					"Name": "connectedglass:scratched_glass_yellow"
				},
				{
					"Name": "connectedglass:scratched_glass_lime"
				},
				{
					"Name": "connectedglass:scratched_glass_green"
				},
				{
					"Name": "connectedglass:scratched_glass_light_blue"
				},
				{
					"Name": "connectedglass:scratched_glass_blue"
				},
				{
					"Name": "connectedglass:scratched_glass_cyan"
				},
				{
					"Name": "connectedglass:scratched_glass_purple"
				},
				{
					"Name": "connectedglass:scratched_glass_magenta"
				},
				{
					"Name": "connectedglass:scratched_glass_pink"
				}
			]
		},
		{
			"weight": 1.0,
			"key": [
				{
					"Name": "connectedglass:scratched_glass_white_pane"
				},
				{
					"Name": "connectedglass:scratched_glass_light_gray_pane"
				},
				{
					"Name": "connectedglass:scratched_glass_gray_pane"
				},
				{
					"Name": "connectedglass:scratched_glass_black_pane"
				},
				{
					"Name": "connectedglass:scratched_glass_brown_pane"
				},
				{
					"Name": "connectedglass:scratched_glass_red_pane"
				},
				{
					"Name": "connectedglass:scratched_glass_orange_pane"
				},
				{
					"Name": "connectedglass:scratched_glass_yellow_pane"
				},
				{
					"Name": "connectedglass:scratched_glass_lime_pane"
				},
				{
					"Name": "connectedglass:scratched_glass_green_pane"
				},
				{
					"Name": "connectedglass:scratched_glass_light_blue_pane"
				},
				{
					"Name": "connectedglass:scratched_glass_blue_pane"
				},
				{
					"Name": "connectedglass:scratched_glass_cyan_pane"
				},
				{
					"Name": "connectedglass:scratched_glass_purple_pane"
				},
				{
					"Name": "connectedglass:scratched_glass_magenta_pane"
				},
				{
					"Name": "connectedglass:scratched_glass_pink_pane"
				}
			]
		},
		{
			"weight": 1.0,
			"key": [
				{
					"Name": "connectedglass:tinted_borderless_glass_white"
				},
				{
					"Name": "connectedglass:tinted_borderless_glass_light_gray"
				},
				{
					"Name": "connectedglass:tinted_borderless_glass_gray"
				},
				{
					"Name": "connectedglass:tinted_borderless_glass_black"
				},
				{
					"Name": "connectedglass:tinted_borderless_glass_brown"
				},
				{
					"Name": "connectedglass:tinted_borderless_glass_red"
				},
				{
					"Name": "connectedglass:tinted_borderless_glass_orange"
				},
				{
					"Name": "connectedglass:tinted_borderless_glass_yellow"
				},
				{
					"Name": "connectedglass:tinted_borderless_glass_lime"
				},
				{
					"Name": "connectedglass:tinted_borderless_glass_green"
				},
				{
					"Name": "connectedglass:tinted_borderless_glass_light_blue"
				},
				{
					"Name": "connectedglass:tinted_borderless_glass_blue"
				},
				{
					"Name": "connectedglass:tinted_borderless_glass_cyan"
				},
				{
					"Name": "connectedglass:tinted_borderless_glass_purple"
				},
				{
					"Name": "connectedglass:tinted_borderless_glass_magenta"
				},
				{
					"Name": "connectedglass:tinted_borderless_glass_pink"
				}
			]
		}
	]
}
