{
	"elements": [
		{
			"weight": 1.0,
			"key": {
				"Type": "chest",
				"Name": "betterfortresses:chests/beacon"
			}
		},
		{
			"weight": 1.0,
			"key": {
				"Type": "chest",
				"Name": "betterfortresses:chests/extra"
			}
		},
		{
			"weight": 1.0,
			"key": {
				"Type": "chest",
				"Name": "betterfortresses:chests/hall"
			}
		},
		{
			"weight": 1.0,
			"key": {
				"Type": "chest",
				"Name": "betterfortresses:chests/keep"
			}
		},
		{
			"weight": 1.0,
			"key": {
				"Type": "chest",
				"Name": "betterfortresses:chests/obsidian"
			}
		},
		{
			"weight": 1.0,
			"key": {
				"Type": "chest",
				"Name": "betterfortresses:chests/puzzle"
			}
		},
		{
			"weight": 1.0,
			"key": {
				"Type": "chest",
				"Name": "betterfortresses:chests/quarters"
			}
		},
		{
			"weight": 1.0,
			"key": {
				"Type": "chest",
				"Name": "betterfortresses:chests/storage"
			}
		},
		{
			"weight": 1.0,
			"key": {
				"Type": "chest",
				"Name": "betterfortresses:chests/worship"
			}
		}
	]
}
