{
	"elements": [
		{
			"weight": 1.0,
			"key": "endermanoverhaul:ancient_pearl_hit"
		},
		{
			"weight": 1.0,
			"key": "endermanoverhaul:bubble_pearl_hit"
		},
		{
			"weight": 1.0,
			"key": "endermanoverhaul:bubble_pearl_thrown"
		},
		{
			"weight": 1.0,
			"key": "endermanoverhaul:cave_enderman_ambient"
		},
		{
			"weight": 1.0,
			"key": "endermanoverhaul:cave_enderman_hurt"
		},
		{
			"weight": 1.0,
			"key": "endermanoverhaul:corrupted_pearl_hit"
		},
		{
			"weight": 1.0,
			"key": "endermanoverhaul:dark_oak_enderman_ambient"
		},
		{
			"weight": 1.0,
			"key": "endermanoverhaul:dark_oak_enderman_darkness"
		},
		{
			"weight": 1.0,
			"key": "endermanoverhaul:dark_oak_enderman_stare"
		},
		{
			"weight": 1.0,
			"key": "endermanoverhaul:icy_pearl_hit"
		},
		{
			"weight": 1.0,
			"key": "endermanoverhaul:plant_enderman_ambient"
		},
		{
			"weight": 1.0,
			"key": "endermanoverhaul:plant_enderman_hurt"
		},
		{
			"weight": 1.0,
			"key": "endermanoverhaul:soul_pearl_hit"
		},
		{
			"weight": 1.0,
			"key": "endermanoverhaul:summoner_pearl_hit"
		},
		{
			"weight": 1.0,
			"key": "endermanoverhaul:tall_enderman_ambient"
		},
		{
			"weight": 1.0,
			"key": "endermanoverhaul:tall_enderman_death"
		},
		{
			"weight": 1.0,
			"key": "endermanoverhaul:tall_enderman_stare"
		}
	]
}
