{
	"elements": [
		{
			"weight": 1.0,
			"key": "createaddition:alternator"
		},
		{
			"weight": 1.0,
			"key": "createaddition:barbed_wire"
		},
		{
			"weight": 1.0,
			"key": "createaddition:bioethanol_bucket"
		},
		{
			"weight": 1.0,
			"key": "createaddition:biomass"
		},
		{
			"weight": 1.0,
			"key": "createaddition:biomass_pellet"
		},
		{
			"weight": 1.0,
			"key": "createaddition:biomass_pellet_block"
		},
		{
			"weight": 1.0,
			"key": "createaddition:brass_rod"
		},
		{
			"weight": 1.0,
			"key": "createaddition:cake_base"
		},
		{
			"weight": 1.0,
			"key": "createaddition:cake_base_baked"
		},
		{
			"weight": 1.0,
			"key": "createaddition:capacitor"
		},
		{
			"weight": 1.0,
			"key": "createaddition:chocolate_cake"
		},
		{
			"weight": 1.0,
			"key": "createaddition:connector"
		},
		{
			"weight": 1.0,
			"key": "createaddition:copper_rod"
		},
		{
			"weight": 1.0,
			"key": "createaddition:copper_spool"
		},
		{
			"weight": 1.0,
			"key": "createaddition:copper_wire"
		},
		{
			"weight": 1.0,
			"key": "createaddition:creative_energy"
		},
		{
			"weight": 1.0,
			"key": "createaddition:diamond_grit"
		},
		{
			"weight": 1.0,
			"key": "createaddition:diamond_grit_sandpaper"
		},
		{
			"weight": 1.0,
			"key": "createaddition:digital_adapter"
		},
		{
			"weight": 1.0,
			"key": "createaddition:electric_motor"
		},
		{
			"weight": 1.0,
			"key": "createaddition:electrum_amulet"
		},
		{
			"weight": 1.0,
			"key": "createaddition:electrum_block"
		},
		{
			"weight": 1.0,
			"key": "createaddition:electrum_ingot"
		},
		{
			"weight": 1.0,
			"key": "createaddition:electrum_nugget"
		},
		{
			"weight": 1.0,
			"key": "createaddition:electrum_rod"
		},
		{
			"weight": 1.0,
			"key": "createaddition:electrum_sheet"
		},
		{
			"weight": 1.0,
			"key": "createaddition:electrum_spool"
		},
		{
			"weight": 1.0,
			"key": "createaddition:electrum_wire"
		},
		{
			"weight": 1.0,
			"key": "createaddition:festive_spool"
		},
		{
			"weight": 1.0,
			"key": "createaddition:gold_rod"
		},
		{
			"weight": 1.0,
			"key": "createaddition:gold_spool"
		},
		{
			"weight": 1.0,
			"key": "createaddition:gold_wire"
		},
		{
			"weight": 1.0,
			"key": "createaddition:honey_cake"
		},
		{
			"weight": 1.0,
			"key": "createaddition:iron_rod"
		},
		{
			"weight": 1.0,
			"key": "createaddition:iron_wire"
		},
		{
			"weight": 1.0,
			"key": "createaddition:large_connector"
		},
		{
			"weight": 1.0,
			"key": "createaddition:modular_accumulator"
		},
		{
			"weight": 1.0,
			"key": "createaddition:portable_energy_interface"
		},
		{
			"weight": 1.0,
			"key": "createaddition:redstone_relay"
		},
		{
			"weight": 1.0,
			"key": "createaddition:rolling_mill"
		},
		{
			"weight": 1.0,
			"key": "createaddition:seed_oil_bucket"
		},
		{
			"weight": 1.0,
			"key": "createaddition:small_light_connector"
		},
		{
			"weight": 1.0,
			"key": "createaddition:spool"
		},
		{
			"weight": 1.0,
			"key": "createaddition:straw"
		},
		{
			"weight": 1.0,
			"key": "createaddition:tesla_coil"
		},
		{
			"weight": 1.0,
			"key": "createaddition:zinc_sheet"
		}
	]
}
