{
	"elements": [
		{
			"weight": 1.0,
			"key": "mowziesmobs:blowgun"
		},
		{
			"weight": 1.0,
			"key": "mowziesmobs:bluff_rod"
		},
		{
			"weight": 1.0,
			"key": "mowziesmobs:bluff_spawn_egg"
		},
		{
			"weight": 1.0,
			"key": "mowziesmobs:captured_grottol"
		},
		{
			"weight": 1.0,
			"key": "mowziesmobs:clawed_log"
		},
		{
			"weight": 1.0,
			"key": "mowziesmobs:dart"
		},
		{
			"weight": 1.0,
			"key": "mowziesmobs:earthrend_gauntlet"
		},
		{
			"weight": 1.0,
			"key": "mowziesmobs:foliaath_seed"
		},
		{
			"weight": 1.0,
			"key": "mowziesmobs:foliaath_spawn_egg"
		},
		{
			"weight": 1.0,
			"key": "mowziesmobs:frostmaw_spawn_egg"
		},
		{
			"weight": 1.0,
			"key": "mowziesmobs:geomancer_beads"
		},
		{
			"weight": 1.0,
			"key": "mowziesmobs:geomancer_belt"
		},
		{
			"weight": 1.0,
			"key": "mowziesmobs:geomancer_robe"
		},
		{
			"weight": 1.0,
			"key": "mowziesmobs:geomancer_sandals"
		},
		{
			"weight": 1.0,
			"key": "mowziesmobs:glowing_jelly"
		},
		{
			"weight": 1.0,
			"key": "mowziesmobs:gong"
		},
		{
			"weight": 1.0,
			"key": "mowziesmobs:grant_suns_blessing"
		},
		{
			"weight": 1.0,
			"key": "mowziesmobs:grottol_spawn_egg"
		},
		{
			"weight": 1.0,
			"key": "mowziesmobs:ice_crystal"
		},
		{
			"weight": 1.0,
			"key": "mowziesmobs:lantern_spawn_egg"
		},
		{
			"weight": 1.0,
			"key": "mowziesmobs:logo"
		},
		{
			"weight": 1.0,
			"key": "mowziesmobs:mob_remover"
		},
		{
			"weight": 1.0,
			"key": "mowziesmobs:music_disc_petiole"
		},
		{
			"weight": 1.0,
			"key": "mowziesmobs:naga_fang"
		},
		{
			"weight": 1.0,
			"key": "mowziesmobs:naga_fang_dagger"
		},
		{
			"weight": 1.0,
			"key": "mowziesmobs:naga_spawn_egg"
		},
		{
			"weight": 1.0,
			"key": "mowziesmobs:painted_acacia"
		},
		{
			"weight": 1.0,
			"key": "mowziesmobs:painted_acacia_slab"
		},
		{
			"weight": 1.0,
			"key": "mowziesmobs:raked_sand"
		},
		{
			"weight": 1.0,
			"key": "mowziesmobs:red_raked_sand"
		},
		{
			"weight": 1.0,
			"key": "mowziesmobs:sand_rake"
		},
		{
			"weight": 1.0,
			"key": "mowziesmobs:sculptor_spawn_egg"
		},
		{
			"weight": 1.0,
			"key": "mowziesmobs:sculptor_staff"
		},
		{
			"weight": 1.0,
			"key": "mowziesmobs:sol_visage"
		},
		{
			"weight": 1.0,
			"key": "mowziesmobs:spear"
		},
		{
			"weight": 1.0,
			"key": "mowziesmobs:thatch_block"
		},
		{
			"weight": 1.0,
			"key": "mowziesmobs:umvuthana_crane_spawn_egg"
		},
		{
			"weight": 1.0,
			"key": "mowziesmobs:umvuthana_mask_bliss"
		},
		{
			"weight": 1.0,
			"key": "mowziesmobs:umvuthana_mask_faith"
		},
		{
			"weight": 1.0,
			"key": "mowziesmobs:umvuthana_mask_fear"
		},
		{
			"weight": 1.0,
			"key": "mowziesmobs:umvuthana_mask_fury"
		},
		{
			"weight": 1.0,
			"key": "mowziesmobs:umvuthana_mask_misery"
		},
		{
			"weight": 1.0,
			"key": "mowziesmobs:umvuthana_mask_rage"
		},
		{
			"weight": 1.0,
			"key": "mowziesmobs:umvuthana_raptor_spawn_egg"
		},
		{
			"weight": 1.0,
			"key": "mowziesmobs:umvuthana_spawn_egg"
		},
		{
			"weight": 1.0,
			"key": "mowziesmobs:umvuthi_spawn_egg"
		},
		{
			"weight": 1.0,
			"key": "mowziesmobs:wrought_axe"
		},
		{
			"weight": 1.0,
			"key": "mowziesmobs:wrought_helmet"
		},
		{
			"weight": 1.0,
			"key": "mowziesmobs:wroughtnaut_spawn_egg"
		}
	]
}
