{
	"elements": [
		{
			"weight": 1.0,
			"key": "mowziesmobs:block.gong"
		},
		{
			"weight": 1.0,
			"key": "mowziesmobs:block.rakesand"
		},
		{
			"weight": 1.0,
			"key": "mowziesmobs:bluff.attack"
		},
		{
			"weight": 1.0,
			"key": "mowziesmobs:bluff.death"
		},
		{
			"weight": 1.0,
			"key": "mowziesmobs:bluff.hurt"
		},
		{
			"weight": 1.0,
			"key": "mowziesmobs:bluff.idle"
		},
		{
			"weight": 1.0,
			"key": "mowziesmobs:bluff.spike_emerge"
		},
		{
			"weight": 1.0,
			"key": "mowziesmobs:bluff.spike_explode"
		},
		{
			"weight": 1.0,
			"key": "mowziesmobs:foliaath.baby.eat"
		},
		{
			"weight": 1.0,
			"key": "mowziesmobs:foliaath.bite1"
		},
		{
			"weight": 1.0,
			"key": "mowziesmobs:foliaath.die"
		},
		{
			"weight": 1.0,
			"key": "mowziesmobs:foliaath.emerge"
		},
		{
			"weight": 1.0,
			"key": "mowziesmobs:foliaath.grunt"
		},
		{
			"weight": 1.0,
			"key": "mowziesmobs:foliaath.hurt"
		},
		{
			"weight": 1.0,
			"key": "mowziesmobs:foliaath.pant1"
		},
		{
			"weight": 1.0,
			"key": "mowziesmobs:foliaath.pant2"
		},
		{
			"weight": 1.0,
			"key": "mowziesmobs:foliaath.retreat"
		},
		{
			"weight": 1.0,
			"key": "mowziesmobs:foliaath.rustle"
		},
		{
			"weight": 1.0,
			"key": "mowziesmobs:frostmaw.attack1"
		},
		{
			"weight": 1.0,
			"key": "mowziesmobs:frostmaw.attack2"
		},
		{
			"weight": 1.0,
			"key": "mowziesmobs:frostmaw.attack3"
		},
		{
			"weight": 1.0,
			"key": "mowziesmobs:frostmaw.attack4"
		},
		{
			"weight": 1.0,
			"key": "mowziesmobs:frostmaw.breath1"
		},
		{
			"weight": 1.0,
			"key": "mowziesmobs:frostmaw.breath2"
		},
		{
			"weight": 1.0,
			"key": "mowziesmobs:frostmaw.die"
		},
		{
			"weight": 1.0,
			"key": "mowziesmobs:frostmaw.frozencrash"
		},
		{
			"weight": 1.0,
			"key": "mowziesmobs:frostmaw.iceballcharge"
		},
		{
			"weight": 1.0,
			"key": "mowziesmobs:frostmaw.iceballshoot"
		},
		{
			"weight": 1.0,
			"key": "mowziesmobs:frostmaw.icebreath"
		},
		{
			"weight": 1.0,
			"key": "mowziesmobs:frostmaw.icebreathstart"
		},
		{
			"weight": 1.0,
			"key": "mowziesmobs:frostmaw.land"
		},
		{
			"weight": 1.0,
			"key": "mowziesmobs:frostmaw.living1"
		},
		{
			"weight": 1.0,
			"key": "mowziesmobs:frostmaw.living2"
		},
		{
			"weight": 1.0,
			"key": "mowziesmobs:frostmaw.roar"
		},
		{
			"weight": 1.0,
			"key": "mowziesmobs:frostmaw.step"
		},
		{
			"weight": 1.0,
			"key": "mowziesmobs:frostmaw.wakeup"
		},
		{
			"weight": 1.0,
			"key": "mowziesmobs:frostmaw.whoosh"
		},
		{
			"weight": 1.0,
			"key": "mowziesmobs:geomancy.bouldercharge"
		},
		{
			"weight": 1.0,
			"key": "mowziesmobs:geomancy.breaklarge"
		},
		{
			"weight": 1.0,
			"key": "mowziesmobs:geomancy.breaklarge2"
		},
		{
			"weight": 1.0,
			"key": "mowziesmobs:geomancy.breakmedium"
		},
		{
			"weight": 1.0,
			"key": "mowziesmobs:geomancy.breakmedium2"
		},
		{
			"weight": 1.0,
			"key": "mowziesmobs:geomancy.breakmedium3"
		},
		{
			"weight": 1.0,
			"key": "mowziesmobs:geomancy.hit"
		},
		{
			"weight": 1.0,
			"key": "mowziesmobs:geomancy.hitbig"
		},
		{
			"weight": 1.0,
			"key": "mowziesmobs:geomancy.hitmedium"
		},
		{
			"weight": 1.0,
			"key": "mowziesmobs:geomancy.hitmedium2"
		},
		{
			"weight": 1.0,
			"key": "mowziesmobs:geomancy.hitsmall"
		},
		{
			"weight": 1.0,
			"key": "mowziesmobs:geomancy.magicchargesmall"
		},
		{
			"weight": 1.0,
			"key": "mowziesmobs:geomancy.rockbreak"
		},
		{
			"weight": 1.0,
			"key": "mowziesmobs:geomancy.rockcrash1"
		},
		{
			"weight": 1.0,
			"key": "mowziesmobs:geomancy.rockcrumble"
		},
		{
			"weight": 1.0,
			"key": "mowziesmobs:geomancy.rumble1"
		},
		{
			"weight": 1.0,
			"key": "mowziesmobs:geomancy.rumble2"
		},
		{
			"weight": 1.0,
			"key": "mowziesmobs:geomancy.rumble3"
		},
		{
			"weight": 1.0,
			"key": "mowziesmobs:geomancy.rumble_loop"
		},
		{
			"weight": 1.0,
			"key": "mowziesmobs:geomancy.smallcrash"
		},
		{
			"weight": 1.0,
			"key": "mowziesmobs:geomancy.smallrockhit"
		},
		{
			"weight": 1.0,
			"key": "mowziesmobs:grottol.burrow"
		},
		{
			"weight": 1.0,
			"key": "mowziesmobs:grottol.die"
		},
		{
			"weight": 1.0,
			"key": "mowziesmobs:grottol.step"
		},
		{
			"weight": 1.0,
			"key": "mowziesmobs:grottol.undamaged"
		},
		{
			"weight": 1.0,
			"key": "mowziesmobs:lantern.pop"
		},
		{
			"weight": 1.0,
			"key": "mowziesmobs:lantern.puff"
		},
		{
			"weight": 1.0,
			"key": "mowziesmobs:laser"
		},
		{
			"weight": 1.0,
			"key": "mowziesmobs:misc.groundhit1"
		},
		{
			"weight": 1.0,
			"key": "mowziesmobs:misc.groundhit2"
		},
		{
			"weight": 1.0,
			"key": "mowziesmobs:misc.metal_impact"
		},
		{
			"weight": 1.0,
			"key": "mowziesmobs:naga.acidcharge"
		},
		{
			"weight": 1.0,
			"key": "mowziesmobs:naga.acidhit"
		},
		{
			"weight": 1.0,
			"key": "mowziesmobs:naga.acidspit"
		},
		{
			"weight": 1.0,
			"key": "mowziesmobs:naga.acidspithiss"
		},
		{
			"weight": 1.0,
			"key": "mowziesmobs:naga.flap1"
		},
		{
			"weight": 1.0,
			"key": "mowziesmobs:naga.growl1"
		},
		{
			"weight": 1.0,
			"key": "mowziesmobs:naga.growl2"
		},
		{
			"weight": 1.0,
			"key": "mowziesmobs:naga.growl3"
		},
		{
			"weight": 1.0,
			"key": "mowziesmobs:naga.grunt1"
		},
		{
			"weight": 1.0,
			"key": "mowziesmobs:naga.grunt2"
		},
		{
			"weight": 1.0,
			"key": "mowziesmobs:naga.grunt3"
		},
		{
			"weight": 1.0,
			"key": "mowziesmobs:naga.roar1"
		},
		{
			"weight": 1.0,
			"key": "mowziesmobs:naga.roar2"
		},
		{
			"weight": 1.0,
			"key": "mowziesmobs:naga.roar3"
		},
		{
			"weight": 1.0,
			"key": "mowziesmobs:naga.roar4"
		},
		{
			"weight": 1.0,
			"key": "mowziesmobs:naga.swoop"
		},
		{
			"weight": 1.0,
			"key": "mowziesmobs:sculptor.ah"
		},
		{
			"weight": 1.0,
			"key": "mowziesmobs:sculptor.attack"
		},
		{
			"weight": 1.0,
			"key": "mowziesmobs:sculptor.clap"
		},
		{
			"weight": 1.0,
			"key": "mowziesmobs:sculptor.congrats"
		},
		{
			"weight": 1.0,
			"key": "mowziesmobs:sculptor.death"
		},
		{
			"weight": 1.0,
			"key": "mowziesmobs:sculptor.disappear"
		},
		{
			"weight": 1.0,
			"key": "mowziesmobs:sculptor.disappear_effects"
		},
		{
			"weight": 1.0,
			"key": "mowziesmobs:sculptor.disappoint"
		},
		{
			"weight": 1.0,
			"key": "mowziesmobs:sculptor.greeting"
		},
		{
			"weight": 1.0,
			"key": "mowziesmobs:sculptor.hm"
		},
		{
			"weight": 1.0,
			"key": "mowziesmobs:sculptor.hurt"
		},
		{
			"weight": 1.0,
			"key": "mowziesmobs:sculptor.laugh"
		},
		{
			"weight": 1.0,
			"key": "mowziesmobs:sculptor.make_gauntlet"
		},
		{
			"weight": 1.0,
			"key": "mowziesmobs:sculptor.make_gauntlet_effects"
		},
		{
			"weight": 1.0,
			"key": "mowziesmobs:sculptor.make_gauntlet_piece"
		},
		{
			"weight": 1.0,
			"key": "mowziesmobs:sculptor.platform_crumble"
		},
		{
			"weight": 1.0,
			"key": "mowziesmobs:sculptor.test_start"
		},
		{
			"weight": 1.0,
			"key": "mowziesmobs:sunstrike"
		},
		{
			"weight": 1.0,
			"key": "mowziesmobs:supernova.blackhole"
		},
		{
			"weight": 1.0,
			"key": "mowziesmobs:supernova.end"
		},
		{
			"weight": 1.0,
			"key": "mowziesmobs:supernova.start"
		},
		{
			"weight": 1.0,
			"key": "mowziesmobs:umvuthana.alert"
		},
		{
			"weight": 1.0,
			"key": "mowziesmobs:umvuthana.attack1"
		},
		{
			"weight": 1.0,
			"key": "mowziesmobs:umvuthana.attack2"
		},
		{
			"weight": 1.0,
			"key": "mowziesmobs:umvuthana.attack3"
		},
		{
			"weight": 1.0,
			"key": "mowziesmobs:umvuthana.attack_big"
		},
		{
			"weight": 1.0,
			"key": "mowziesmobs:umvuthana.blowdart"
		},
		{
			"weight": 1.0,
			"key": "mowziesmobs:umvuthana.die"
		},
		{
			"weight": 1.0,
			"key": "mowziesmobs:umvuthana.emerge"
		},
		{
			"weight": 1.0,
			"key": "mowziesmobs:umvuthana.healloop"
		},
		{
			"weight": 1.0,
			"key": "mowziesmobs:umvuthana.healstart1"
		},
		{
			"weight": 1.0,
			"key": "mowziesmobs:umvuthana.healstart2"
		},
		{
			"weight": 1.0,
			"key": "mowziesmobs:umvuthana.healstart3"
		},
		{
			"weight": 1.0,
			"key": "mowziesmobs:umvuthana.hurt"
		},
		{
			"weight": 1.0,
			"key": "mowziesmobs:umvuthana.idle1"
		},
		{
			"weight": 1.0,
			"key": "mowziesmobs:umvuthana.idle2"
		},
		{
			"weight": 1.0,
			"key": "mowziesmobs:umvuthana.idle3"
		},
		{
			"weight": 1.0,
			"key": "mowziesmobs:umvuthana.idle4"
		},
		{
			"weight": 1.0,
			"key": "mowziesmobs:umvuthana.idle5"
		},
		{
			"weight": 1.0,
			"key": "mowziesmobs:umvuthana.idle6"
		},
		{
			"weight": 1.0,
			"key": "mowziesmobs:umvuthana.idle7"
		},
		{
			"weight": 1.0,
			"key": "mowziesmobs:umvuthana.idle8"
		},
		{
			"weight": 1.0,
			"key": "mowziesmobs:umvuthana.inhale"
		},
		{
			"weight": 1.0,
			"key": "mowziesmobs:umvuthana.rattle"
		},
		{
			"weight": 1.0,
			"key": "mowziesmobs:umvuthana.retract"
		},
		{
			"weight": 1.0,
			"key": "mowziesmobs:umvuthana.roar"
		},
		{
			"weight": 1.0,
			"key": "mowziesmobs:umvuthana.teleport1"
		},
		{
			"weight": 1.0,
			"key": "mowziesmobs:umvuthana.teleport2"
		},
		{
			"weight": 1.0,
			"key": "mowziesmobs:umvuthana.teleport3"
		},
		{
			"weight": 1.0,
			"key": "mowziesmobs:umvuthi.attack"
		},
		{
			"weight": 1.0,
			"key": "mowziesmobs:umvuthi.belly"
		},
		{
			"weight": 1.0,
			"key": "mowziesmobs:umvuthi.bless"
		},
		{
			"weight": 1.0,
			"key": "mowziesmobs:umvuthi.burst"
		},
		{
			"weight": 1.0,
			"key": "mowziesmobs:umvuthi.die"
		},
		{
			"weight": 1.0,
			"key": "mowziesmobs:umvuthi.hurt"
		},
		{
			"weight": 1.0,
			"key": "mowziesmobs:umvuthi.idle"
		},
		{
			"weight": 1.0,
			"key": "mowziesmobs:umvuthi.roar"
		},
		{
			"weight": 1.0,
			"key": "mowziesmobs:wroughtnaut.ambient"
		},
		{
			"weight": 1.0,
			"key": "mowziesmobs:wroughtnaut.axe_hit"
		},
		{
			"weight": 1.0,
			"key": "mowziesmobs:wroughtnaut.axe_land"
		},
		{
			"weight": 1.0,
			"key": "mowziesmobs:wroughtnaut.creak"
		},
		{
			"weight": 1.0,
			"key": "mowziesmobs:wroughtnaut.grunt1"
		},
		{
			"weight": 1.0,
			"key": "mowziesmobs:wroughtnaut.grunt2"
		},
		{
			"weight": 1.0,
			"key": "mowziesmobs:wroughtnaut.grunt3"
		},
		{
			"weight": 1.0,
			"key": "mowziesmobs:wroughtnaut.hurt1"
		},
		{
			"weight": 1.0,
			"key": "mowziesmobs:wroughtnaut.pre_swing1"
		},
		{
			"weight": 1.0,
			"key": "mowziesmobs:wroughtnaut.pre_swing2"
		},
		{
			"weight": 1.0,
			"key": "mowziesmobs:wroughtnaut.pre_swing3"
		},
		{
			"weight": 1.0,
			"key": "mowziesmobs:wroughtnaut.pull1"
		},
		{
			"weight": 1.0,
			"key": "mowziesmobs:wroughtnaut.pull2"
		},
		{
			"weight": 1.0,
			"key": "mowziesmobs:wroughtnaut.pull5"
		},
		{
			"weight": 1.0,
			"key": "mowziesmobs:wroughtnaut.release2"
		},
		{
			"weight": 1.0,
			"key": "mowziesmobs:wroughtnaut.scream"
		},
		{
			"weight": 1.0,
			"key": "mowziesmobs:wroughtnaut.shout1"
		},
		{
			"weight": 1.0,
			"key": "mowziesmobs:wroughtnaut.shout2"
		},
		{
			"weight": 1.0,
			"key": "mowziesmobs:wroughtnaut.shout3"
		},
		{
			"weight": 1.0,
			"key": "mowziesmobs:wroughtnaut.step"
		},
		{
			"weight": 1.0,
			"key": "mowziesmobs:wroughtnaut.swing1"
		},
		{
			"weight": 1.0,
			"key": "mowziesmobs:wroughtnaut.swing2"
		},
		{
			"weight": 1.0,
			"key": "mowziesmobs:wroughtnaut.swing3"
		},
		{
			"weight": 1.0,
			"key": "mowziesmobs:wroughtnaut.undamaged"
		},
		{
			"weight": 1.0,
			"key": "mowziesmobs:wroughtnaut.whoosh"
		}
	]
}
