{
	"elements": [
		{
			"weight": 1.0,
			"key": {
				"step": "surface_structures",
				"terrain_adaptation": "none",
				"spawn_overrides": {
				},
				"id": "biomeswevegone:rugged_fossil"
			}
		},
		{
			"weight": 1.0,
			"key": {
				"step": "surface_structures",
				"terrain_adaptation": "beard_thin",
				"spawn_overrides": {
				},
				"id": "biomeswevegone:prairie_house"
			}
		},
		{
			"weight": 1.0,
			"key": {
				"step": "surface_structures",
				"terrain_adaptation": "beard_thin",
				"spawn_overrides": {
				},
				"id": "biomeswevegone:village/pumpkin_patch"
			}
		},
		{
			"weight": 1.0,
			"key": {
				"step": "surface_structures",
				"terrain_adaptation": "beard_thin",
				"spawn_overrides": {
					"monster": {
						"bounding_box": "full",
						"spawns": [
							{
								"type": "minecraft:vindicator",
								"weight": 25,
								"minCount": 2,
								"maxCount": 4
							}
						]
					}
				},
				"id": "biomeswevegone:aspen_manor_1"
			}
		},
		{
			"weight": 1.0,
			"key": {
				"step": "raw_generation",
				"terrain_adaptation": "none",
				"spawn_overrides": {
				},
				"id": "biomeswevegone:dripstone_arch"
			}
		},
		{
			"weight": 1.0,
			"key": {
				"step": "surface_structures",
				"terrain_adaptation": "beard_thin",
				"spawn_overrides": {
				},
				"id": "biomeswevegone:village/forgotten"
			}
		},
		{
			"weight": 1.0,
			"key": {
				"step": "raw_generation",
				"terrain_adaptation": "none",
				"spawn_overrides": {
					"water_ambient": {
						"bounding_box": "piece",
						"spawns": [
							{
								"type": "minecraft:salmon",
								"weight": 5,
								"minCount": 4,
								"maxCount": 10
							}
						]
					}
				},
				"id": "biomeswevegone:large_cold_lake"
			}
		},
		{
			"weight": 1.0,
			"key": {
				"step": "surface_structures",
				"terrain_adaptation": "beard_thin",
				"spawn_overrides": {
				},
				"id": "biomeswevegone:village/salem"
			}
		},
		{
			"weight": 1.0,
			"key": {
				"step": "surface_structures",
				"terrain_adaptation": "beard_thin",
				"spawn_overrides": {
				},
				"id": "biomeswevegone:village/skyris"
			}
		},
		{
			"weight": 1.0,
			"key": {
				"step": "surface_structures",
				"terrain_adaptation": "beard_thin",
				"spawn_overrides": {
				},
				"id": "biomeswevegone:bog_trial"
			}
		},
		{
			"weight": 1.0,
			"key": {
				"step": "raw_generation",
				"terrain_adaptation": "none",
				"spawn_overrides": {
				},
				"id": "biomeswevegone:ironwood_gour_plateau"
			}
		},
		{
			"weight": 1.0,
			"key": {
				"step": "raw_generation",
				"terrain_adaptation": "none",
				"spawn_overrides": {
				},
				"id": "biomeswevegone:lush_arch"
			}
		},
		{
			"weight": 1.0,
			"key": {
				"step": "surface_structures",
				"terrain_adaptation": "beard_thin",
				"spawn_overrides": {
					"monster": {
						"bounding_box": "full",
						"spawns": [
							{
								"type": "minecraft:vindicator",
								"weight": 25,
								"minCount": 2,
								"maxCount": 4
							}
						]
					}
				},
				"id": "biomeswevegone:aspen_manor_2"
			}
		},
		{
			"weight": 1.0,
			"key": {
				"step": "raw_generation",
				"terrain_adaptation": "none",
				"spawn_overrides": {
				},
				"id": "biomeswevegone:red_rock_arch"
			}
		},
		{
			"weight": 1.0,
			"key": {
				"step": "raw_generation",
				"terrain_adaptation": "none",
				"spawn_overrides": {
				},
				"id": "biomeswevegone:sharpened_rock"
			}
		},
		{
			"weight": 1.0,
			"key": {
				"step": "surface_structures",
				"terrain_adaptation": "beard_thin",
				"spawn_overrides": {
				},
				"id": "biomeswevegone:abandoned_prairie_house"
			}
		},
		{
			"weight": 1.0,
			"key": {
				"step": "surface_structures",
				"terrain_adaptation": "beard_thin",
				"spawn_overrides": {
				},
				"id": "biomeswevegone:village/red_rock"
			}
		},
		{
			"weight": 1.0,
			"key": {
				"step": "surface_structures",
				"terrain_adaptation": "beard_thin",
				"spawn_overrides": {
				},
				"id": "biomeswevegone:village/swamp"
			}
		}
	]
}
