{
	"elements": [
		{
			"weight": 1.0,
			"key": "farmersdelight:acacia_cabinet"
		},
		{
			"weight": 1.0,
			"key": "farmersdelight:apple_cider"
		},
		{
			"weight": 1.0,
			"key": "farmersdelight:apple_pie"
		},
		{
			"weight": 1.0,
			"key": "farmersdelight:apple_pie_slice"
		},
		{
			"weight": 1.0,
			"key": "farmersdelight:bacon"
		},
		{
			"weight": 1.0,
			"key": "farmersdelight:bacon_and_eggs"
		},
		{
			"weight": 1.0,
			"key": "farmersdelight:bacon_sandwich"
		},
		{
			"weight": 1.0,
			"key": "farmersdelight:baked_cod_stew"
		},
		{
			"weight": 1.0,
			"key": "farmersdelight:bamboo_cabinet"
		},
		{
			"weight": 1.0,
			"key": "farmersdelight:barbecue_stick"
		},
		{
			"weight": 1.0,
			"key": "farmersdelight:basket"
		},
		{
			"weight": 1.0,
			"key": "farmersdelight:beef_patty"
		},
		{
			"weight": 1.0,
			"key": "farmersdelight:beef_stew"
		},
		{
			"weight": 1.0,
			"key": "farmersdelight:beetroot_crate"
		},
		{
			"weight": 1.0,
			"key": "farmersdelight:birch_cabinet"
		},
		{
			"weight": 1.0,
			"key": "farmersdelight:black_canvas_sign"
		},
		{
			"weight": 1.0,
			"key": "farmersdelight:black_hanging_canvas_sign"
		},
		{
			"weight": 1.0,
			"key": "farmersdelight:blue_canvas_sign"
		},
		{
			"weight": 1.0,
			"key": "farmersdelight:blue_hanging_canvas_sign"
		},
		{
			"weight": 1.0,
			"key": "farmersdelight:bone_broth"
		},
		{
			"weight": 1.0,
			"key": "farmersdelight:brown_canvas_sign"
		},
		{
			"weight": 1.0,
			"key": "farmersdelight:brown_hanging_canvas_sign"
		},
		{
			"weight": 1.0,
			"key": "farmersdelight:brown_mushroom_colony"
		},
		{
			"weight": 1.0,
			"key": "farmersdelight:cabbage"
		},
		{
			"weight": 1.0,
			"key": "farmersdelight:cabbage_crate"
		},
		{
			"weight": 1.0,
			"key": "farmersdelight:cabbage_leaf"
		},
		{
			"weight": 1.0,
			"key": "farmersdelight:cabbage_rolls"
		},
		{
			"weight": 1.0,
			"key": "farmersdelight:cabbage_seeds"
		},
		{
			"weight": 1.0,
			"key": "farmersdelight:cake_slice"
		},
		{
			"weight": 1.0,
			"key": "farmersdelight:canvas"
		},
		{
			"weight": 1.0,
			"key": "farmersdelight:canvas_rug"
		},
		{
			"weight": 1.0,
			"key": "farmersdelight:canvas_sign"
		},
		{
			"weight": 1.0,
			"key": "farmersdelight:carrot_crate"
		},
		{
			"weight": 1.0,
			"key": "farmersdelight:cherry_cabinet"
		},
		{
			"weight": 1.0,
			"key": "farmersdelight:chicken_cuts"
		},
		{
			"weight": 1.0,
			"key": "farmersdelight:chicken_sandwich"
		},
		{
			"weight": 1.0,
			"key": "farmersdelight:chicken_soup"
		},
		{
			"weight": 1.0,
			"key": "farmersdelight:chocolate_pie"
		},
		{
			"weight": 1.0,
			"key": "farmersdelight:chocolate_pie_slice"
		},
		{
			"weight": 1.0,
			"key": "farmersdelight:cod_roll"
		},
		{
			"weight": 1.0,
			"key": "farmersdelight:cod_slice"
		},
		{
			"weight": 1.0,
			"key": "farmersdelight:cooked_bacon"
		},
		{
			"weight": 1.0,
			"key": "farmersdelight:cooked_chicken_cuts"
		},
		{
			"weight": 1.0,
			"key": "farmersdelight:cooked_cod_slice"
		},
		{
			"weight": 1.0,
			"key": "farmersdelight:cooked_mutton_chops"
		},
		{
			"weight": 1.0,
			"key": "farmersdelight:cooked_rice"
		},
		{
			"weight": 1.0,
			"key": "farmersdelight:cooked_salmon_slice"
		},
		{
			"weight": 1.0,
			"key": "farmersdelight:cooking_pot"
		},
		{
			"weight": 1.0,
			"key": "farmersdelight:crimson_cabinet"
		},
		{
			"weight": 1.0,
			"key": "farmersdelight:cutting_board"
		},
		{
			"weight": 1.0,
			"key": "farmersdelight:cyan_canvas_sign"
		},
		{
			"weight": 1.0,
			"key": "farmersdelight:cyan_hanging_canvas_sign"
		},
		{
			"weight": 1.0,
			"key": "farmersdelight:dark_oak_cabinet"
		},
		{
			"weight": 1.0,
			"key": "farmersdelight:diamond_knife"
		},
		{
			"weight": 1.0,
			"key": "farmersdelight:dog_food"
		},
		{
			"weight": 1.0,
			"key": "farmersdelight:dumplings"
		},
		{
			"weight": 1.0,
			"key": "farmersdelight:egg_sandwich"
		},
		{
			"weight": 1.0,
			"key": "farmersdelight:fish_stew"
		},
		{
			"weight": 1.0,
			"key": "farmersdelight:flint_knife"
		},
		{
			"weight": 1.0,
			"key": "farmersdelight:fried_egg"
		},
		{
			"weight": 1.0,
			"key": "farmersdelight:fried_rice"
		},
		{
			"weight": 1.0,
			"key": "farmersdelight:fruit_salad"
		},
		{
			"weight": 1.0,
			"key": "farmersdelight:full_tatami_mat"
		},
		{
			"weight": 1.0,
			"key": "farmersdelight:glow_berry_custard"
		},
		{
			"weight": 1.0,
			"key": "farmersdelight:golden_knife"
		},
		{
			"weight": 1.0,
			"key": "farmersdelight:gray_canvas_sign"
		},
		{
			"weight": 1.0,
			"key": "farmersdelight:gray_hanging_canvas_sign"
		},
		{
			"weight": 1.0,
			"key": "farmersdelight:green_canvas_sign"
		},
		{
			"weight": 1.0,
			"key": "farmersdelight:green_hanging_canvas_sign"
		},
		{
			"weight": 1.0,
			"key": "farmersdelight:grilled_salmon"
		},
		{
			"weight": 1.0,
			"key": "farmersdelight:half_tatami_mat"
		},
		{
			"weight": 1.0,
			"key": "farmersdelight:ham"
		},
		{
			"weight": 1.0,
			"key": "farmersdelight:hamburger"
		},
		{
			"weight": 1.0,
			"key": "farmersdelight:hanging_canvas_sign"
		},
		{
			"weight": 1.0,
			"key": "farmersdelight:honey_cookie"
		},
		{
			"weight": 1.0,
			"key": "farmersdelight:honey_glazed_ham"
		},
		{
			"weight": 1.0,
			"key": "farmersdelight:honey_glazed_ham_block"
		},
		{
			"weight": 1.0,
			"key": "farmersdelight:horse_feed"
		},
		{
			"weight": 1.0,
			"key": "farmersdelight:hot_cocoa"
		},
		{
			"weight": 1.0,
			"key": "farmersdelight:iron_knife"
		},
		{
			"weight": 1.0,
			"key": "farmersdelight:jungle_cabinet"
		},
		{
			"weight": 1.0,
			"key": "farmersdelight:kelp_roll"
		},
		{
			"weight": 1.0,
			"key": "farmersdelight:kelp_roll_slice"
		},
		{
			"weight": 1.0,
			"key": "farmersdelight:light_blue_canvas_sign"
		},
		{
			"weight": 1.0,
			"key": "farmersdelight:light_blue_hanging_canvas_sign"
		},
		{
			"weight": 1.0,
			"key": "farmersdelight:light_gray_canvas_sign"
		},
		{
			"weight": 1.0,
			"key": "farmersdelight:light_gray_hanging_canvas_sign"
		},
		{
			"weight": 1.0,
			"key": "farmersdelight:lime_canvas_sign"
		},
		{
			"weight": 1.0,
			"key": "farmersdelight:lime_hanging_canvas_sign"
		},
		{
			"weight": 1.0,
			"key": "farmersdelight:magenta_canvas_sign"
		},
		{
			"weight": 1.0,
			"key": "farmersdelight:magenta_hanging_canvas_sign"
		},
		{
			"weight": 1.0,
			"key": "farmersdelight:mangrove_cabinet"
		},
		{
			"weight": 1.0,
			"key": "farmersdelight:melon_juice"
		},
		{
			"weight": 1.0,
			"key": "farmersdelight:melon_popsicle"
		},
		{
			"weight": 1.0,
			"key": "farmersdelight:milk_bottle"
		},
		{
			"weight": 1.0,
			"key": "farmersdelight:minced_beef"
		},
		{
			"weight": 1.0,
			"key": "farmersdelight:mixed_salad"
		},
		{
			"weight": 1.0,
			"key": "farmersdelight:mushroom_rice"
		},
		{
			"weight": 1.0,
			"key": "farmersdelight:mutton_chops"
		},
		{
			"weight": 1.0,
			"key": "farmersdelight:mutton_wrap"
		},
		{
			"weight": 1.0,
			"key": "farmersdelight:nether_salad"
		},
		{
			"weight": 1.0,
			"key": "farmersdelight:netherite_knife"
		},
		{
			"weight": 1.0,
			"key": "farmersdelight:noodle_soup"
		},
		{
			"weight": 1.0,
			"key": "farmersdelight:oak_cabinet"
		},
		{
			"weight": 1.0,
			"key": "farmersdelight:onion"
		},
		{
			"weight": 1.0,
			"key": "farmersdelight:onion_crate"
		},
		{
			"weight": 1.0,
			"key": "farmersdelight:orange_canvas_sign"
		},
		{
			"weight": 1.0,
			"key": "farmersdelight:orange_hanging_canvas_sign"
		},
		{
			"weight": 1.0,
			"key": "farmersdelight:organic_compost"
		},
		{
			"weight": 1.0,
			"key": "farmersdelight:pasta_with_meatballs"
		},
		{
			"weight": 1.0,
			"key": "farmersdelight:pasta_with_mutton_chop"
		},
		{
			"weight": 1.0,
			"key": "farmersdelight:pie_crust"
		},
		{
			"weight": 1.0,
			"key": "farmersdelight:pink_canvas_sign"
		},
		{
			"weight": 1.0,
			"key": "farmersdelight:pink_hanging_canvas_sign"
		},
		{
			"weight": 1.0,
			"key": "farmersdelight:potato_crate"
		},
		{
			"weight": 1.0,
			"key": "farmersdelight:pumpkin_slice"
		},
		{
			"weight": 1.0,
			"key": "farmersdelight:pumpkin_soup"
		},
		{
			"weight": 1.0,
			"key": "farmersdelight:purple_canvas_sign"
		},
		{
			"weight": 1.0,
			"key": "farmersdelight:purple_hanging_canvas_sign"
		},
		{
			"weight": 1.0,
			"key": "farmersdelight:ratatouille"
		},
		{
			"weight": 1.0,
			"key": "farmersdelight:raw_pasta"
		},
		{
			"weight": 1.0,
			"key": "farmersdelight:red_canvas_sign"
		},
		{
			"weight": 1.0,
			"key": "farmersdelight:red_hanging_canvas_sign"
		},
		{
			"weight": 1.0,
			"key": "farmersdelight:red_mushroom_colony"
		},
		{
			"weight": 1.0,
			"key": "farmersdelight:rice"
		},
		{
			"weight": 1.0,
			"key": "farmersdelight:rice_bag"
		},
		{
			"weight": 1.0,
			"key": "farmersdelight:rice_bale"
		},
		{
			"weight": 1.0,
			"key": "farmersdelight:rice_panicle"
		},
		{
			"weight": 1.0,
			"key": "farmersdelight:rice_roll_medley_block"
		},
		{
			"weight": 1.0,
			"key": "farmersdelight:rich_soil"
		},
		{
			"weight": 1.0,
			"key": "farmersdelight:rich_soil_farmland"
		},
		{
			"weight": 1.0,
			"key": "farmersdelight:roast_chicken"
		},
		{
			"weight": 1.0,
			"key": "farmersdelight:roast_chicken_block"
		},
		{
			"weight": 1.0,
			"key": "farmersdelight:roasted_mutton_chops"
		},
		{
			"weight": 1.0,
			"key": "farmersdelight:rope"
		},
		{
			"weight": 1.0,
			"key": "farmersdelight:rotten_tomato"
		},
		{
			"weight": 1.0,
			"key": "farmersdelight:safety_net"
		},
		{
			"weight": 1.0,
			"key": "farmersdelight:salmon_roll"
		},
		{
			"weight": 1.0,
			"key": "farmersdelight:salmon_slice"
		},
		{
			"weight": 1.0,
			"key": "farmersdelight:sandy_shrub"
		},
		{
			"weight": 1.0,
			"key": "farmersdelight:shepherds_pie"
		},
		{
			"weight": 1.0,
			"key": "farmersdelight:shepherds_pie_block"
		},
		{
			"weight": 1.0,
			"key": "farmersdelight:skillet"
		},
		{
			"weight": 1.0,
			"key": "farmersdelight:smoked_ham"
		},
		{
			"weight": 1.0,
			"key": "farmersdelight:spruce_cabinet"
		},
		{
			"weight": 1.0,
			"key": "farmersdelight:squid_ink_pasta"
		},
		{
			"weight": 1.0,
			"key": "farmersdelight:steak_and_potatoes"
		},
		{
			"weight": 1.0,
			"key": "farmersdelight:stove"
		},
		{
			"weight": 1.0,
			"key": "farmersdelight:straw"
		},
		{
			"weight": 1.0,
			"key": "farmersdelight:straw_bale"
		},
		{
			"weight": 1.0,
			"key": "farmersdelight:stuffed_potato"
		},
		{
			"weight": 1.0,
			"key": "farmersdelight:stuffed_pumpkin"
		},
		{
			"weight": 1.0,
			"key": "farmersdelight:stuffed_pumpkin_block"
		},
		{
			"weight": 1.0,
			"key": "farmersdelight:sweet_berry_cheesecake"
		},
		{
			"weight": 1.0,
			"key": "farmersdelight:sweet_berry_cheesecake_slice"
		},
		{
			"weight": 1.0,
			"key": "farmersdelight:sweet_berry_cookie"
		},
		{
			"weight": 1.0,
			"key": "farmersdelight:tatami"
		},
		{
			"weight": 1.0,
			"key": "farmersdelight:tomato"
		},
		{
			"weight": 1.0,
			"key": "farmersdelight:tomato_crate"
		},
		{
			"weight": 1.0,
			"key": "farmersdelight:tomato_sauce"
		},
		{
			"weight": 1.0,
			"key": "farmersdelight:tomato_seeds"
		},
		{
			"weight": 1.0,
			"key": "farmersdelight:tree_bark"
		},
		{
			"weight": 1.0,
			"key": "farmersdelight:vegetable_noodles"
		},
		{
			"weight": 1.0,
			"key": "farmersdelight:vegetable_soup"
		},
		{
			"weight": 1.0,
			"key": "farmersdelight:warped_cabinet"
		},
		{
			"weight": 1.0,
			"key": "farmersdelight:wheat_dough"
		},
		{
			"weight": 1.0,
			"key": "farmersdelight:white_canvas_sign"
		},
		{
			"weight": 1.0,
			"key": "farmersdelight:white_hanging_canvas_sign"
		},
		{
			"weight": 1.0,
			"key": "farmersdelight:wild_beetroots"
		},
		{
			"weight": 1.0,
			"key": "farmersdelight:wild_cabbages"
		},
		{
			"weight": 1.0,
			"key": "farmersdelight:wild_carrots"
		},
		{
			"weight": 1.0,
			"key": "farmersdelight:wild_onions"
		},
		{
			"weight": 1.0,
			"key": "farmersdelight:wild_potatoes"
		},
		{
			"weight": 1.0,
			"key": "farmersdelight:wild_rice"
		},
		{
			"weight": 1.0,
			"key": "farmersdelight:wild_tomatoes"
		},
		{
			"weight": 1.0,
			"key": "farmersdelight:yellow_canvas_sign"
		},
		{
			"weight": 1.0,
			"key": "farmersdelight:yellow_hanging_canvas_sign"
		}
	]
}
