{
	"elements": [
		{
			"weight": 1.0,
			"key": {
				"Type": "block",
				"Name": "mekanismgenerators:blocks/advanced_solar_generator"
			}
		},
		{
			"weight": 1.0,
			"key": {
				"Type": "block",
				"Name": "mekanismgenerators:blocks/bio_generator"
			}
		},
		{
			"weight": 1.0,
			"key": {
				"Type": "block",
				"Name": "mekanismgenerators:blocks/control_rod_assembly"
			}
		},
		{
			"weight": 1.0,
			"key": {
				"Type": "block",
				"Name": "mekanismgenerators:blocks/electromagnetic_coil"
			}
		},
		{
			"weight": 1.0,
			"key": {
				"Type": "block",
				"Name": "mekanismgenerators:blocks/fission_fuel_assembly"
			}
		},
		{
			"weight": 1.0,
			"key": {
				"Type": "block",
				"Name": "mekanismgenerators:blocks/fission_reactor_casing"
			}
		},
		{
			"weight": 1.0,
			"key": {
				"Type": "block",
				"Name": "mekanismgenerators:blocks/fission_reactor_logic_adapter"
			}
		},
		{
			"weight": 1.0,
			"key": {
				"Type": "block",
				"Name": "mekanismgenerators:blocks/fission_reactor_port"
			}
		},
		{
			"weight": 1.0,
			"key": {
				"Type": "block",
				"Name": "mekanismgenerators:blocks/fusion_reactor_controller"
			}
		},
		{
			"weight": 1.0,
			"key": {
				"Type": "block",
				"Name": "mekanismgenerators:blocks/fusion_reactor_frame"
			}
		},
		{
			"weight": 1.0,
			"key": {
				"Type": "block",
				"Name": "mekanismgenerators:blocks/fusion_reactor_logic_adapter"
			}
		},
		{
			"weight": 1.0,
			"key": {
				"Type": "block",
				"Name": "mekanismgenerators:blocks/fusion_reactor_port"
			}
		},
		{
			"weight": 1.0,
			"key": {
				"Type": "block",
				"Name": "mekanismgenerators:blocks/gas_burning_generator"
			}
		},
		{
			"weight": 1.0,
			"key": {
				"Type": "block",
				"Name": "mekanismgenerators:blocks/heat_generator"
			}
		},
		{
			"weight": 1.0,
			"key": {
				"Type": "block",
				"Name": "mekanismgenerators:blocks/laser_focus_matrix"
			}
		},
		{
			"weight": 1.0,
			"key": {
				"Type": "block",
				"Name": "mekanismgenerators:blocks/reactor_glass"
			}
		},
		{
			"weight": 1.0,
			"key": {
				"Type": "block",
				"Name": "mekanismgenerators:blocks/rotational_complex"
			}
		},
		{
			"weight": 1.0,
			"key": {
				"Type": "block",
				"Name": "mekanismgenerators:blocks/saturating_condenser"
			}
		},
		{
			"weight": 1.0,
			"key": {
				"Type": "block",
				"Name": "mekanismgenerators:blocks/solar_generator"
			}
		},
		{
			"weight": 1.0,
			"key": {
				"Type": "block",
				"Name": "mekanismgenerators:blocks/turbine_casing"
			}
		},
		{
			"weight": 1.0,
			"key": {
				"Type": "block",
				"Name": "mekanismgenerators:blocks/turbine_rotor"
			}
		},
		{
			"weight": 1.0,
			"key": {
				"Type": "block",
				"Name": "mekanismgenerators:blocks/turbine_valve"
			}
		},
		{
			"weight": 1.0,
			"key": {
				"Type": "block",
				"Name": "mekanismgenerators:blocks/turbine_vent"
			}
		},
		{
			"weight": 1.0,
			"key": {
				"Type": "block",
				"Name": "mekanismgenerators:blocks/wind_generator"
			}
		}
	]
}
