{
	"elements": [
		{
			"weight": 1.0,
			"key": "deeperdarker:bloom_stems"
		},
		{
			"weight": 1.0,
			"key": "deeperdarker:blooming_pool_replaceable"
		},
		{
			"weight": 1.0,
			"key": "deeperdarker:echo_logs"
		},
		{
			"weight": 1.0,
			"key": "deeperdarker:gloomslate_replaceable"
		},
		{
			"weight": 1.0,
			"key": "deeperdarker:gloomy_sculk_replaceable"
		},
		{
			"weight": 1.0,
			"key": "deeperdarker:glowing_vine_placeable"
		},
		{
			"weight": 1.0,
			"key": "deeperdarker:infiniburn_otherside"
		},
		{
			"weight": 1.0,
			"key": "deeperdarker:otherside_carver_replaceables"
		},
		{
			"weight": 1.0,
			"key": "deeperdarker:sculk_replaceables"
		},
		{
			"weight": 1.0,
			"key": "deeperdarker:sculk_stone_replaceables"
		},
		{
			"weight": 1.0,
			"key": "deeperdarker:sculk_vine_placeable"
		},
		{
			"weight": 1.0,
			"key": "deeperdarker:transmittable"
		}
	]
}
