{
	"elements": [
		{
			"weight": 1.0,
			"key": "mcwlights:acacia_ceiling_fan_light"
		},
		{
			"weight": 1.0,
			"key": "mcwlights:acacia_tiki_torch"
		},
		{
			"weight": 1.0,
			"key": "mcwlights:bamboo_tiki_torch"
		},
		{
			"weight": 1.0,
			"key": "mcwlights:bell_lantern"
		},
		{
			"weight": 1.0,
			"key": "mcwlights:bell_wall_lantern"
		},
		{
			"weight": 1.0,
			"key": "mcwlights:birch_ceiling_fan_light"
		},
		{
			"weight": 1.0,
			"key": "mcwlights:birch_tiki_torch"
		},
		{
			"weight": 1.0,
			"key": "mcwlights:black_ceiling_light"
		},
		{
			"weight": 1.0,
			"key": "mcwlights:black_lamp"
		},
		{
			"weight": 1.0,
			"key": "mcwlights:black_paper_lamp"
		},
		{
			"weight": 1.0,
			"key": "mcwlights:blue_ceiling_light"
		},
		{
			"weight": 1.0,
			"key": "mcwlights:blue_lamp"
		},
		{
			"weight": 1.0,
			"key": "mcwlights:blue_paper_lamp"
		},
		{
			"weight": 1.0,
			"key": "mcwlights:brown_ceiling_light"
		},
		{
			"weight": 1.0,
			"key": "mcwlights:brown_lamp"
		},
		{
			"weight": 1.0,
			"key": "mcwlights:brown_paper_lamp"
		},
		{
			"weight": 1.0,
			"key": "mcwlights:chain_lantern"
		},
		{
			"weight": 1.0,
			"key": "mcwlights:chain_wall_lantern"
		},
		{
			"weight": 1.0,
			"key": "mcwlights:cherry_ceiling_fan_light"
		},
		{
			"weight": 1.0,
			"key": "mcwlights:cherry_tiki_torch"
		},
		{
			"weight": 1.0,
			"key": "mcwlights:classic_street_lamp"
		},
		{
			"weight": 1.0,
			"key": "mcwlights:copper_candle_holder"
		},
		{
			"weight": 1.0,
			"key": "mcwlights:copper_chain"
		},
		{
			"weight": 1.0,
			"key": "mcwlights:copper_chandelier"
		},
		{
			"weight": 1.0,
			"key": "mcwlights:copper_double_candle_holder"
		},
		{
			"weight": 1.0,
			"key": "mcwlights:copper_low_candle_holder"
		},
		{
			"weight": 1.0,
			"key": "mcwlights:copper_small_chandelier"
		},
		{
			"weight": 1.0,
			"key": "mcwlights:copper_triple_candle_holder"
		},
		{
			"weight": 1.0,
			"key": "mcwlights:copper_wall_candle_holder"
		},
		{
			"weight": 1.0,
			"key": "mcwlights:covered_garden_light"
		},
		{
			"weight": 1.0,
			"key": "mcwlights:covered_lantern"
		},
		{
			"weight": 1.0,
			"key": "mcwlights:covered_wall_lantern"
		},
		{
			"weight": 1.0,
			"key": "mcwlights:crimson_ceiling_fan_light"
		},
		{
			"weight": 1.0,
			"key": "mcwlights:crimson_tiki_torch"
		},
		{
			"weight": 1.0,
			"key": "mcwlights:cross_lantern"
		},
		{
			"weight": 1.0,
			"key": "mcwlights:cross_wall_lantern"
		},
		{
			"weight": 1.0,
			"key": "mcwlights:cyan_ceiling_light"
		},
		{
			"weight": 1.0,
			"key": "mcwlights:cyan_lamp"
		},
		{
			"weight": 1.0,
			"key": "mcwlights:cyan_paper_lamp"
		},
		{
			"weight": 1.0,
			"key": "mcwlights:dark_oak_ceiling_fan_light"
		},
		{
			"weight": 1.0,
			"key": "mcwlights:dark_oak_tiki_torch"
		},
		{
			"weight": 1.0,
			"key": "mcwlights:double_street_lamp"
		},
		{
			"weight": 1.0,
			"key": "mcwlights:festive_lantern"
		},
		{
			"weight": 1.0,
			"key": "mcwlights:festive_wall_lantern"
		},
		{
			"weight": 1.0,
			"key": "mcwlights:framed_torch"
		},
		{
			"weight": 1.0,
			"key": "mcwlights:garden_light"
		},
		{
			"weight": 1.0,
			"key": "mcwlights:glowstone_slab"
		},
		{
			"weight": 1.0,
			"key": "mcwlights:golden_candle_holder"
		},
		{
			"weight": 1.0,
			"key": "mcwlights:golden_chain"
		},
		{
			"weight": 1.0,
			"key": "mcwlights:golden_chandelier"
		},
		{
			"weight": 1.0,
			"key": "mcwlights:golden_double_candle_holder"
		},
		{
			"weight": 1.0,
			"key": "mcwlights:golden_low_candle_holder"
		},
		{
			"weight": 1.0,
			"key": "mcwlights:golden_small_chandelier"
		},
		{
			"weight": 1.0,
			"key": "mcwlights:golden_triple_candle_holder"
		},
		{
			"weight": 1.0,
			"key": "mcwlights:golden_wall_candle_holder"
		},
		{
			"weight": 1.0,
			"key": "mcwlights:gray_ceiling_light"
		},
		{
			"weight": 1.0,
			"key": "mcwlights:gray_lamp"
		},
		{
			"weight": 1.0,
			"key": "mcwlights:gray_paper_lamp"
		},
		{
			"weight": 1.0,
			"key": "mcwlights:green_ceiling_light"
		},
		{
			"weight": 1.0,
			"key": "mcwlights:green_lamp"
		},
		{
			"weight": 1.0,
			"key": "mcwlights:green_paper_lamp"
		},
		{
			"weight": 1.0,
			"key": "mcwlights:iron_candle_holder"
		},
		{
			"weight": 1.0,
			"key": "mcwlights:iron_chandelier"
		},
		{
			"weight": 1.0,
			"key": "mcwlights:iron_double_candle_holder"
		},
		{
			"weight": 1.0,
			"key": "mcwlights:iron_framed_torch"
		},
		{
			"weight": 1.0,
			"key": "mcwlights:iron_low_candle_holder"
		},
		{
			"weight": 1.0,
			"key": "mcwlights:iron_small_chandelier"
		},
		{
			"weight": 1.0,
			"key": "mcwlights:iron_triple_candle_holder"
		},
		{
			"weight": 1.0,
			"key": "mcwlights:iron_wall_candle_holder"
		},
		{
			"weight": 1.0,
			"key": "mcwlights:jungle_ceiling_fan_light"
		},
		{
			"weight": 1.0,
			"key": "mcwlights:jungle_tiki_torch"
		},
		{
			"weight": 1.0,
			"key": "mcwlights:lava_lamp"
		},
		{
			"weight": 1.0,
			"key": "mcwlights:light_blue_ceiling_light"
		},
		{
			"weight": 1.0,
			"key": "mcwlights:light_blue_lamp"
		},
		{
			"weight": 1.0,
			"key": "mcwlights:light_blue_paper_lamp"
		},
		{
			"weight": 1.0,
			"key": "mcwlights:light_gray_ceiling_light"
		},
		{
			"weight": 1.0,
			"key": "mcwlights:light_gray_lamp"
		},
		{
			"weight": 1.0,
			"key": "mcwlights:light_gray_paper_lamp"
		},
		{
			"weight": 1.0,
			"key": "mcwlights:lime_ceiling_light"
		},
		{
			"weight": 1.0,
			"key": "mcwlights:lime_lamp"
		},
		{
			"weight": 1.0,
			"key": "mcwlights:lime_paper_lamp"
		},
		{
			"weight": 1.0,
			"key": "mcwlights:magenta_ceiling_light"
		},
		{
			"weight": 1.0,
			"key": "mcwlights:magenta_lamp"
		},
		{
			"weight": 1.0,
			"key": "mcwlights:magenta_paper_lamp"
		},
		{
			"weight": 1.0,
			"key": "mcwlights:mangrove_ceiling_fan_light"
		},
		{
			"weight": 1.0,
			"key": "mcwlights:mangrove_tiki_torch"
		},
		{
			"weight": 1.0,
			"key": "mcwlights:oak_ceiling_fan_light"
		},
		{
			"weight": 1.0,
			"key": "mcwlights:oak_tiki_torch"
		},
		{
			"weight": 1.0,
			"key": "mcwlights:orange_ceiling_light"
		},
		{
			"weight": 1.0,
			"key": "mcwlights:orange_lamp"
		},
		{
			"weight": 1.0,
			"key": "mcwlights:orange_paper_lamp"
		},
		{
			"weight": 1.0,
			"key": "mcwlights:pink_ceiling_light"
		},
		{
			"weight": 1.0,
			"key": "mcwlights:pink_lamp"
		},
		{
			"weight": 1.0,
			"key": "mcwlights:pink_paper_lamp"
		},
		{
			"weight": 1.0,
			"key": "mcwlights:purple_ceiling_light"
		},
		{
			"weight": 1.0,
			"key": "mcwlights:purple_lamp"
		},
		{
			"weight": 1.0,
			"key": "mcwlights:purple_paper_lamp"
		},
		{
			"weight": 1.0,
			"key": "mcwlights:red_ceiling_light"
		},
		{
			"weight": 1.0,
			"key": "mcwlights:red_lamp"
		},
		{
			"weight": 1.0,
			"key": "mcwlights:red_paper_lamp"
		},
		{
			"weight": 1.0,
			"key": "mcwlights:redstone_lamp_slab"
		},
		{
			"weight": 1.0,
			"key": "mcwlights:reinforced_torch"
		},
		{
			"weight": 1.0,
			"key": "mcwlights:round_garden_light"
		},
		{
			"weight": 1.0,
			"key": "mcwlights:rustic_torch"
		},
		{
			"weight": 1.0,
			"key": "mcwlights:sea_lantern_slab"
		},
		{
			"weight": 1.0,
			"key": "mcwlights:shroomlight_slab"
		},
		{
			"weight": 1.0,
			"key": "mcwlights:soul_acacia_tiki_torch"
		},
		{
			"weight": 1.0,
			"key": "mcwlights:soul_bamboo_tiki_torch"
		},
		{
			"weight": 1.0,
			"key": "mcwlights:soul_birch_tiki_torch"
		},
		{
			"weight": 1.0,
			"key": "mcwlights:soul_cherry_tiki_torch"
		},
		{
			"weight": 1.0,
			"key": "mcwlights:soul_classic_street_lamp"
		},
		{
			"weight": 1.0,
			"key": "mcwlights:soul_crimson_tiki_torch"
		},
		{
			"weight": 1.0,
			"key": "mcwlights:soul_dark_oak_tiki_torch"
		},
		{
			"weight": 1.0,
			"key": "mcwlights:soul_double_street_lamp"
		},
		{
			"weight": 1.0,
			"key": "mcwlights:soul_jungle_tiki_torch"
		},
		{
			"weight": 1.0,
			"key": "mcwlights:soul_mangrove_tiki_torch"
		},
		{
			"weight": 1.0,
			"key": "mcwlights:soul_oak_tiki_torch"
		},
		{
			"weight": 1.0,
			"key": "mcwlights:soul_spruce_tiki_torch"
		},
		{
			"weight": 1.0,
			"key": "mcwlights:soul_warped_tiki_torch"
		},
		{
			"weight": 1.0,
			"key": "mcwlights:spruce_ceiling_fan_light"
		},
		{
			"weight": 1.0,
			"key": "mcwlights:spruce_tiki_torch"
		},
		{
			"weight": 1.0,
			"key": "mcwlights:square_wall_lamp"
		},
		{
			"weight": 1.0,
			"key": "mcwlights:striped_garden_light"
		},
		{
			"weight": 1.0,
			"key": "mcwlights:striped_lantern"
		},
		{
			"weight": 1.0,
			"key": "mcwlights:striped_wall_lantern"
		},
		{
			"weight": 1.0,
			"key": "mcwlights:tavern_lantern"
		},
		{
			"weight": 1.0,
			"key": "mcwlights:tavern_wall_lantern"
		},
		{
			"weight": 1.0,
			"key": "mcwlights:thin_garden_light"
		},
		{
			"weight": 1.0,
			"key": "mcwlights:tower_garden_light"
		},
		{
			"weight": 1.0,
			"key": "mcwlights:upgraded_torch"
		},
		{
			"weight": 1.0,
			"key": "mcwlights:wall_lamp"
		},
		{
			"weight": 1.0,
			"key": "mcwlights:wall_lantern"
		},
		{
			"weight": 1.0,
			"key": "mcwlights:warped_ceiling_fan_light"
		},
		{
			"weight": 1.0,
			"key": "mcwlights:warped_tiki_torch"
		},
		{
			"weight": 1.0,
			"key": "mcwlights:white_ceiling_light"
		},
		{
			"weight": 1.0,
			"key": "mcwlights:white_lamp"
		},
		{
			"weight": 1.0,
			"key": "mcwlights:white_paper_lamp"
		},
		{
			"weight": 1.0,
			"key": "mcwlights:yellow_ceiling_light"
		},
		{
			"weight": 1.0,
			"key": "mcwlights:yellow_lamp"
		},
		{
			"weight": 1.0,
			"key": "mcwlights:yellow_paper_lamp"
		}
	]
}
