{
	"elements": [
		{
			"weight": 1.0,
			"key": "create_dd:fan_processing_catalysts/freezing"
		},
		{
			"weight": 1.0,
			"key": "create_dd:fan_processing_catalysts/sanding"
		},
		{
			"weight": 1.0,
			"key": "create_dd:fan_processing_catalysts/seething"
		},
		{
			"weight": 1.0,
			"key": "create_dd:fan_processing_catalysts_freezing"
		},
		{
			"weight": 1.0,
			"key": "create_dd:fan_processing_catalysts_sanding"
		},
		{
			"weight": 1.0,
			"key": "create_dd:fan_processing_catalysts_superheating"
		}
	]
}
