{
  "carvers": {
  },
  "downfall": 0.4,
  "effects": {
    "fog_color": 8484720,
    "sky_color": 12171705,
    "water_color": 7768221,
    "water_fog_color": 5597568,
    "grass_color": 7832178,
    "foliage_color": 8883574
  },
  "features": [
    [],
    [
    ],
    [
    ],
    [
    ],
    [],
    [],
    [
      "minecraft:ore_coal_upper",
      "minecraft:ore_coal_lower",
      "minecraft:ore_iron_upper",
      "minecraft:ore_iron_middle",
      "minecraft:ore_iron_small",
      "minecraft:ore_gold",
      "minecraft:ore_gold_lower",
      "minecraft:ore_diamond",
      "minecraft:ore_diamond_large",
      "minecraft:ore_diamond_buried"
    ],
    [
    ],
    [
      "minecraft:spring_water",
      "minecraft:spring_lava"
    ],
    [
      "minecraft:patch_tall_grass",
      "minecraft:patch_grass_savanna"
    ],
    [
    ]
  ],
  "has_precipitation": true,
  "spawn_costs": {},
  "spawners": %s,
  "temperature": 0.8
}
