{
  "targets": [
    "swap"
  ],
  "passes": [
    {
      "name": "color_convolve",
      "intarget": "minecraft:main",
      "outtarget": "swap",
      "uniforms": [
        {
          "name": "RedMatrix",
          "values": [ %f, %f, %f ]
        },
        {
          "name": "GreenMatrix",
          "values": [ %f, %f, %f ]
        },
        {
          "name": "BlueMatrix",
          "values": [ %f, %f, %f ]
        }
      ]
    },
    {
      "name": "blit",
      "intarget": "swap",
      "outtarget": "minecraft:main"
    }
  ]
}
