{
	"elements": [
		{
			"weight": 1.0,
			"key": {
				"Name": "deeperdarker:angler_fish",
				"Category": "water_creature"
			}
		},
		{
			"weight": 1.0,
			"key": {
				"Name": "deeperdarker:sculk_centipede",
				"Category": "monster"
			}
		},
		{
			"weight": 1.0,
			"key": {
				"Name": "deeperdarker:sculk_leech",
				"Category": "monster"
			}
		},
		{
			"weight": 1.0,
			"key": {
				"Name": "deeperdarker:sculk_snapper",
				"Category": "monster"
			}
		},
		{
			"weight": 1.0,
			"key": {
				"Name": "deeperdarker:shattered",
				"Category": "monster"
			}
		},
		{
			"weight": 1.0,
			"key": {
				"Name": "deeperdarker:shriek_worm",
				"Category": "monster"
			}
		},
		{
			"weight": 1.0,
			"key": {
				"Name": "deeperdarker:sludge",
				"Category": "monster"
			}
		},
		{
			"weight": 1.0,
			"key": {
				"Name": "deeperdarker:stalker",
				"Category": "monster"
			}
		}
	]
}
