{
	"elements": [
		{
			"weight": 1.0,
			"key": "minecraft:11"
		},
		{
			"weight": 1.0,
			"key": "minecraft:13"
		},
		{
			"weight": 1.0,
			"key": "minecraft:5"
		},
		{
			"weight": 1.0,
			"key": "minecraft:blocks"
		},
		{
			"weight": 1.0,
			"key": "minecraft:cat"
		},
		{
			"weight": 1.0,
			"key": "minecraft:chirp"
		},
		{
			"weight": 1.0,
			"key": "minecraft:creator"
		},
		{
			"weight": 1.0,
			"key": "minecraft:creator_music_box"
		},
		{
			"weight": 1.0,
			"key": "minecraft:far"
		},
		{
			"weight": 1.0,
			"key": "minecraft:mall"
		},
		{
			"weight": 1.0,
			"key": "minecraft:mellohi"
		},
		{
			"weight": 1.0,
			"key": "minecraft:otherside"
		},
		{
			"weight": 1.0,
			"key": "minecraft:pigstep"
		},
		{
			"weight": 1.0,
			"key": "minecraft:precipice"
		},
		{
			"weight": 1.0,
			"key": "minecraft:relic"
		},
		{
			"weight": 1.0,
			"key": "minecraft:stal"
		},
		{
			"weight": 1.0,
			"key": "minecraft:strad"
		},
		{
			"weight": 1.0,
			"key": "minecraft:wait"
		},
		{
			"weight": 1.0,
			"key": "minecraft:ward"
		}
	]
}
