{
  "infinity_version": 2000003,
  "biomes": [
  ],
  "rule": {
    "type": "minecraft:sequence",
    "sequence": [
      {
        "type": "minecraft:condition",
        "if_true": {
          "type": "minecraft:stone_depth",
          "add_surface_depth": false,
          "offset": 0,
          "secondary_depth_range": 0,
          "surface_type": "floor"
        },
        "then_run": {
          "type": "minecraft:condition",
          "if_true": {
            "type": "minecraft:water",
            "add_stone_depth": false,
            "offset": -1,
            "surface_depth_multiplier": 0
          },
          "then_run": {
            "type": "minecraft:sequence",
            "sequence": [
              {
                "type": "minecraft:condition",
                "if_true": {
                  "type": "minecraft:water",
                  "add_stone_depth": false,
                  "offset": 0,
                  "surface_depth_multiplier": 0
                },
                "then_run": {
                  "type": "minecraft:block",
                  "result_state": {
                    "Name": "%s"
                  }
                }
              },
              {
                "type": "minecraft:block",
                "result_state": {
                  "Name": "%s"
                }
              }
            ]
          }
        }
      },
      {
        "type": "minecraft:condition",
        "if_true": {
          "type": "minecraft:water",
          "add_stone_depth": true,
          "offset": -6,
          "surface_depth_multiplier": -1
        },
        "then_run": {
          "type": "minecraft:sequence",
          "sequence": [
            {
              "type": "minecraft:condition",
              "if_true": {
                "type": "minecraft:stone_depth",
                "add_surface_depth": true,
                "offset": 0,
                "secondary_depth_range": 0,
                "surface_type": "floor"
              },
              "then_run": {
                "type": "minecraft:sequence",
                "sequence": [
                  {
                    "type": "minecraft:block",
                    "result_state": {
                      "Name": "%s"
                    }
                  }
                ]
              }
            }
          ]
        }
      },
      {
        "type": "minecraft:condition",
        "if_true": {
          "type": "minecraft:stone_depth",
          "add_surface_depth": false,
          "offset": 0,
          "secondary_depth_range": 0,
          "surface_type": "floor"
        },
        "then_run": {
          "type": "minecraft:sequence",
          "sequence": [
            {
              "type": "minecraft:condition",
              "if_true": {
                "type": "minecraft:stone_depth",
                "add_surface_depth": false,
                "offset": 0,
                "secondary_depth_range": 0,
                "surface_type": "ceiling"
              },
              "then_run": {
                "type": "minecraft:block",
                "result_state": {
                  "Name": "%s"
                }
              }
            },
            {
              "type": "minecraft:block",
              "result_state": {
                "Name": "%s"
              }
            }
          ]
        }
      }
    ]
  }
}
