{
	"elements": [
		{
			"weight": 1.0,
			"key": {
				"Type": "block",
				"Name": "createaddition:blocks/alternator"
			}
		},
		{
			"weight": 1.0,
			"key": {
				"Type": "block",
				"Name": "createaddition:blocks/barbed_wire"
			}
		},
		{
			"weight": 1.0,
			"key": {
				"Type": "block",
				"Name": "createaddition:blocks/biomass_pellet_block"
			}
		},
		{
			"weight": 1.0,
			"key": {
				"Type": "block",
				"Name": "createaddition:blocks/chocolate_cake"
			}
		},
		{
			"weight": 1.0,
			"key": {
				"Type": "block",
				"Name": "createaddition:blocks/connector"
			}
		},
		{
			"weight": 1.0,
			"key": {
				"Type": "block",
				"Name": "createaddition:blocks/creative_energy"
			}
		},
		{
			"weight": 1.0,
			"key": {
				"Type": "block",
				"Name": "createaddition:blocks/digital_adapter"
			}
		},
		{
			"weight": 1.0,
			"key": {
				"Type": "block",
				"Name": "createaddition:blocks/electric_motor"
			}
		},
		{
			"weight": 1.0,
			"key": {
				"Type": "block",
				"Name": "createaddition:blocks/electrum_block"
			}
		},
		{
			"weight": 1.0,
			"key": {
				"Type": "block",
				"Name": "createaddition:blocks/honey_cake"
			}
		},
		{
			"weight": 1.0,
			"key": {
				"Type": "block",
				"Name": "createaddition:blocks/large_connector"
			}
		},
		{
			"weight": 1.0,
			"key": {
				"Type": "block",
				"Name": "createaddition:blocks/liquid_blaze_burner"
			}
		},
		{
			"weight": 1.0,
			"key": {
				"Type": "block",
				"Name": "createaddition:blocks/modular_accumulator"
			}
		},
		{
			"weight": 1.0,
			"key": {
				"Type": "block",
				"Name": "createaddition:blocks/portable_energy_interface"
			}
		},
		{
			"weight": 1.0,
			"key": {
				"Type": "block",
				"Name": "createaddition:blocks/redstone_relay"
			}
		},
		{
			"weight": 1.0,
			"key": {
				"Type": "block",
				"Name": "createaddition:blocks/rolling_mill"
			}
		},
		{
			"weight": 1.0,
			"key": {
				"Type": "block",
				"Name": "createaddition:blocks/small_light_connector"
			}
		},
		{
			"weight": 1.0,
			"key": {
				"Type": "block",
				"Name": "createaddition:blocks/tesla_coil"
			}
		}
	]
}
