{
	"elements": [
		{
			"weight": 1.0,
			"key": "create_enchantment_industry:blaze_enchanter"
		},
		{
			"weight": 1.0,
			"key": "create_enchantment_industry:blaze_forger"
		},
		{
			"weight": 1.0,
			"key": "create_enchantment_industry:enchanting_template"
		},
		{
			"weight": 1.0,
			"key": "create_enchantment_industry:experience_bucket"
		},
		{
			"weight": 1.0,
			"key": "create_enchantment_industry:experience_cake"
		},
		{
			"weight": 1.0,
			"key": "create_enchantment_industry:experience_cake_base"
		},
		{
			"weight": 1.0,
			"key": "create_enchantment_industry:experience_cake_slice"
		},
		{
			"weight": 1.0,
			"key": "create_enchantment_industry:experience_hatch"
		},
		{
			"weight": 1.0,
			"key": "create_enchantment_industry:experience_lantern"
		},
		{
			"weight": 1.0,
			"key": "create_enchantment_industry:grindstone_drain"
		},
		{
			"weight": 1.0,
			"key": "create_enchantment_industry:mechanical_grindstone"
		},
		{
			"weight": 1.0,
			"key": "create_enchantment_industry:printer"
		},
		{
			"weight": 1.0,
			"key": "create_enchantment_industry:super_enchanting_template"
		},
		{
			"weight": 1.0,
			"key": "create_enchantment_industry:super_experience_block"
		},
		{
			"weight": 1.0,
			"key": "create_enchantment_industry:super_experience_nugget"
		}
	]
}
