{
	"elements": [
		{
			"weight": 1.0,
			"key": [
				{
					"Name": "create:white_sail"
				},
				{
					"Name": "create:light_gray_sail"
				},
				{
					"Name": "create:gray_sail"
				},
				{
					"Name": "create:black_sail"
				},
				{
					"Name": "create:brown_sail"
				},
				{
					"Name": "create:red_sail"
				},
				{
					"Name": "create:orange_sail"
				},
				{
					"Name": "create:yellow_sail"
				},
				{
					"Name": "create:lime_sail"
				},
				{
					"Name": "create:green_sail"
				},
				{
					"Name": "create:light_blue_sail"
				},
				{
					"Name": "create:blue_sail"
				},
				{
					"Name": "create:cyan_sail"
				},
				{
					"Name": "create:purple_sail"
				},
				{
					"Name": "create:magenta_sail"
				},
				{
					"Name": "create:pink_sail"
				}
			]
		},
		{
			"weight": 1.0,
			"key": [
				{
					"Name": "create:white_seat"
				},
				{
					"Name": "create:light_gray_seat"
				},
				{
					"Name": "create:gray_seat"
				},
				{
					"Name": "create:black_seat"
				},
				{
					"Name": "create:brown_seat"
				},
				{
					"Name": "create:red_seat"
				},
				{
					"Name": "create:orange_seat"
				},
				{
					"Name": "create:yellow_seat"
				},
				{
					"Name": "create:lime_seat"
				},
				{
					"Name": "create:green_seat"
				},
				{
					"Name": "create:light_blue_seat"
				},
				{
					"Name": "create:blue_seat"
				},
				{
					"Name": "create:cyan_seat"
				},
				{
					"Name": "create:purple_seat"
				},
				{
					"Name": "create:magenta_seat"
				},
				{
					"Name": "create:pink_seat"
				}
			]
		}
	]
}
