{
	"elements": [
		{
			"weight": 1.0,
			"key": "mcwfurnitures:acacia_bookshelf"
		},
		{
			"weight": 1.0,
			"key": "mcwfurnitures:acacia_bookshelf_cupboard"
		},
		{
			"weight": 1.0,
			"key": "mcwfurnitures:acacia_bookshelf_drawer"
		},
		{
			"weight": 1.0,
			"key": "mcwfurnitures:acacia_chair"
		},
		{
			"weight": 1.0,
			"key": "mcwfurnitures:acacia_coffee_table"
		},
		{
			"weight": 1.0,
			"key": "mcwfurnitures:acacia_counter"
		},
		{
			"weight": 1.0,
			"key": "mcwfurnitures:acacia_covered_desk"
		},
		{
			"weight": 1.0,
			"key": "mcwfurnitures:acacia_cupboard_counter"
		},
		{
			"weight": 1.0,
			"key": "mcwfurnitures:acacia_desk"
		},
		{
			"weight": 1.0,
			"key": "mcwfurnitures:acacia_double_drawer"
		},
		{
			"weight": 1.0,
			"key": "mcwfurnitures:acacia_double_drawer_counter"
		},
		{
			"weight": 1.0,
			"key": "mcwfurnitures:acacia_double_kitchen_cabinet"
		},
		{
			"weight": 1.0,
			"key": "mcwfurnitures:acacia_double_wardrobe"
		},
		{
			"weight": 1.0,
			"key": "mcwfurnitures:acacia_drawer"
		},
		{
			"weight": 1.0,
			"key": "mcwfurnitures:acacia_drawer_counter"
		},
		{
			"weight": 1.0,
			"key": "mcwfurnitures:acacia_end_table"
		},
		{
			"weight": 1.0,
			"key": "mcwfurnitures:acacia_glass_kitchen_cabinet"
		},
		{
			"weight": 1.0,
			"key": "mcwfurnitures:acacia_glass_table"
		},
		{
			"weight": 1.0,
			"key": "mcwfurnitures:acacia_kitchen_cabinet"
		},
		{
			"weight": 1.0,
			"key": "mcwfurnitures:acacia_large_drawer"
		},
		{
			"weight": 1.0,
			"key": "mcwfurnitures:acacia_lower_bookshelf_drawer"
		},
		{
			"weight": 1.0,
			"key": "mcwfurnitures:acacia_lower_triple_drawer"
		},
		{
			"weight": 1.0,
			"key": "mcwfurnitures:acacia_modern_chair"
		},
		{
			"weight": 1.0,
			"key": "mcwfurnitures:acacia_modern_desk"
		},
		{
			"weight": 1.0,
			"key": "mcwfurnitures:acacia_modern_wardrobe"
		},
		{
			"weight": 1.0,
			"key": "mcwfurnitures:acacia_stool_chair"
		},
		{
			"weight": 1.0,
			"key": "mcwfurnitures:acacia_striped_chair"
		},
		{
			"weight": 1.0,
			"key": "mcwfurnitures:acacia_table"
		},
		{
			"weight": 1.0,
			"key": "mcwfurnitures:acacia_triple_drawer"
		},
		{
			"weight": 1.0,
			"key": "mcwfurnitures:acacia_wardrobe"
		},
		{
			"weight": 1.0,
			"key": "mcwfurnitures:birch_bookshelf"
		},
		{
			"weight": 1.0,
			"key": "mcwfurnitures:birch_bookshelf_cupboard"
		},
		{
			"weight": 1.0,
			"key": "mcwfurnitures:birch_bookshelf_drawer"
		},
		{
			"weight": 1.0,
			"key": "mcwfurnitures:birch_chair"
		},
		{
			"weight": 1.0,
			"key": "mcwfurnitures:birch_coffee_table"
		},
		{
			"weight": 1.0,
			"key": "mcwfurnitures:birch_counter"
		},
		{
			"weight": 1.0,
			"key": "mcwfurnitures:birch_covered_desk"
		},
		{
			"weight": 1.0,
			"key": "mcwfurnitures:birch_cupboard_counter"
		},
		{
			"weight": 1.0,
			"key": "mcwfurnitures:birch_desk"
		},
		{
			"weight": 1.0,
			"key": "mcwfurnitures:birch_double_drawer"
		},
		{
			"weight": 1.0,
			"key": "mcwfurnitures:birch_double_drawer_counter"
		},
		{
			"weight": 1.0,
			"key": "mcwfurnitures:birch_double_kitchen_cabinet"
		},
		{
			"weight": 1.0,
			"key": "mcwfurnitures:birch_double_wardrobe"
		},
		{
			"weight": 1.0,
			"key": "mcwfurnitures:birch_drawer"
		},
		{
			"weight": 1.0,
			"key": "mcwfurnitures:birch_drawer_counter"
		},
		{
			"weight": 1.0,
			"key": "mcwfurnitures:birch_end_table"
		},
		{
			"weight": 1.0,
			"key": "mcwfurnitures:birch_glass_kitchen_cabinet"
		},
		{
			"weight": 1.0,
			"key": "mcwfurnitures:birch_glass_table"
		},
		{
			"weight": 1.0,
			"key": "mcwfurnitures:birch_kitchen_cabinet"
		},
		{
			"weight": 1.0,
			"key": "mcwfurnitures:birch_large_drawer"
		},
		{
			"weight": 1.0,
			"key": "mcwfurnitures:birch_lower_bookshelf_drawer"
		},
		{
			"weight": 1.0,
			"key": "mcwfurnitures:birch_lower_triple_drawer"
		},
		{
			"weight": 1.0,
			"key": "mcwfurnitures:birch_modern_chair"
		},
		{
			"weight": 1.0,
			"key": "mcwfurnitures:birch_modern_desk"
		},
		{
			"weight": 1.0,
			"key": "mcwfurnitures:birch_modern_wardrobe"
		},
		{
			"weight": 1.0,
			"key": "mcwfurnitures:birch_stool_chair"
		},
		{
			"weight": 1.0,
			"key": "mcwfurnitures:birch_striped_chair"
		},
		{
			"weight": 1.0,
			"key": "mcwfurnitures:birch_table"
		},
		{
			"weight": 1.0,
			"key": "mcwfurnitures:birch_triple_drawer"
		},
		{
			"weight": 1.0,
			"key": "mcwfurnitures:birch_wardrobe"
		},
		{
			"weight": 1.0,
			"key": "mcwfurnitures:cabinet_door"
		},
		{
			"weight": 1.0,
			"key": "mcwfurnitures:cabinet_drawer"
		},
		{
			"weight": 1.0,
			"key": "mcwfurnitures:cherry_bookshelf"
		},
		{
			"weight": 1.0,
			"key": "mcwfurnitures:cherry_bookshelf_cupboard"
		},
		{
			"weight": 1.0,
			"key": "mcwfurnitures:cherry_bookshelf_drawer"
		},
		{
			"weight": 1.0,
			"key": "mcwfurnitures:cherry_chair"
		},
		{
			"weight": 1.0,
			"key": "mcwfurnitures:cherry_coffee_table"
		},
		{
			"weight": 1.0,
			"key": "mcwfurnitures:cherry_counter"
		},
		{
			"weight": 1.0,
			"key": "mcwfurnitures:cherry_covered_desk"
		},
		{
			"weight": 1.0,
			"key": "mcwfurnitures:cherry_cupboard_counter"
		},
		{
			"weight": 1.0,
			"key": "mcwfurnitures:cherry_desk"
		},
		{
			"weight": 1.0,
			"key": "mcwfurnitures:cherry_double_drawer"
		},
		{
			"weight": 1.0,
			"key": "mcwfurnitures:cherry_double_drawer_counter"
		},
		{
			"weight": 1.0,
			"key": "mcwfurnitures:cherry_double_kitchen_cabinet"
		},
		{
			"weight": 1.0,
			"key": "mcwfurnitures:cherry_double_wardrobe"
		},
		{
			"weight": 1.0,
			"key": "mcwfurnitures:cherry_drawer"
		},
		{
			"weight": 1.0,
			"key": "mcwfurnitures:cherry_drawer_counter"
		},
		{
			"weight": 1.0,
			"key": "mcwfurnitures:cherry_end_table"
		},
		{
			"weight": 1.0,
			"key": "mcwfurnitures:cherry_glass_kitchen_cabinet"
		},
		{
			"weight": 1.0,
			"key": "mcwfurnitures:cherry_glass_table"
		},
		{
			"weight": 1.0,
			"key": "mcwfurnitures:cherry_kitchen_cabinet"
		},
		{
			"weight": 1.0,
			"key": "mcwfurnitures:cherry_large_drawer"
		},
		{
			"weight": 1.0,
			"key": "mcwfurnitures:cherry_lower_bookshelf_drawer"
		},
		{
			"weight": 1.0,
			"key": "mcwfurnitures:cherry_lower_triple_drawer"
		},
		{
			"weight": 1.0,
			"key": "mcwfurnitures:cherry_modern_chair"
		},
		{
			"weight": 1.0,
			"key": "mcwfurnitures:cherry_modern_desk"
		},
		{
			"weight": 1.0,
			"key": "mcwfurnitures:cherry_modern_wardrobe"
		},
		{
			"weight": 1.0,
			"key": "mcwfurnitures:cherry_stool_chair"
		},
		{
			"weight": 1.0,
			"key": "mcwfurnitures:cherry_striped_chair"
		},
		{
			"weight": 1.0,
			"key": "mcwfurnitures:cherry_table"
		},
		{
			"weight": 1.0,
			"key": "mcwfurnitures:cherry_triple_drawer"
		},
		{
			"weight": 1.0,
			"key": "mcwfurnitures:cherry_wardrobe"
		},
		{
			"weight": 1.0,
			"key": "mcwfurnitures:crimson_bookshelf"
		},
		{
			"weight": 1.0,
			"key": "mcwfurnitures:crimson_bookshelf_cupboard"
		},
		{
			"weight": 1.0,
			"key": "mcwfurnitures:crimson_bookshelf_drawer"
		},
		{
			"weight": 1.0,
			"key": "mcwfurnitures:crimson_chair"
		},
		{
			"weight": 1.0,
			"key": "mcwfurnitures:crimson_coffee_table"
		},
		{
			"weight": 1.0,
			"key": "mcwfurnitures:crimson_counter"
		},
		{
			"weight": 1.0,
			"key": "mcwfurnitures:crimson_covered_desk"
		},
		{
			"weight": 1.0,
			"key": "mcwfurnitures:crimson_cupboard_counter"
		},
		{
			"weight": 1.0,
			"key": "mcwfurnitures:crimson_desk"
		},
		{
			"weight": 1.0,
			"key": "mcwfurnitures:crimson_double_drawer"
		},
		{
			"weight": 1.0,
			"key": "mcwfurnitures:crimson_double_drawer_counter"
		},
		{
			"weight": 1.0,
			"key": "mcwfurnitures:crimson_double_kitchen_cabinet"
		},
		{
			"weight": 1.0,
			"key": "mcwfurnitures:crimson_double_wardrobe"
		},
		{
			"weight": 1.0,
			"key": "mcwfurnitures:crimson_drawer"
		},
		{
			"weight": 1.0,
			"key": "mcwfurnitures:crimson_drawer_counter"
		},
		{
			"weight": 1.0,
			"key": "mcwfurnitures:crimson_end_table"
		},
		{
			"weight": 1.0,
			"key": "mcwfurnitures:crimson_glass_kitchen_cabinet"
		},
		{
			"weight": 1.0,
			"key": "mcwfurnitures:crimson_glass_table"
		},
		{
			"weight": 1.0,
			"key": "mcwfurnitures:crimson_kitchen_cabinet"
		},
		{
			"weight": 1.0,
			"key": "mcwfurnitures:crimson_large_drawer"
		},
		{
			"weight": 1.0,
			"key": "mcwfurnitures:crimson_lower_bookshelf_drawer"
		},
		{
			"weight": 1.0,
			"key": "mcwfurnitures:crimson_lower_triple_drawer"
		},
		{
			"weight": 1.0,
			"key": "mcwfurnitures:crimson_modern_chair"
		},
		{
			"weight": 1.0,
			"key": "mcwfurnitures:crimson_modern_desk"
		},
		{
			"weight": 1.0,
			"key": "mcwfurnitures:crimson_modern_wardrobe"
		},
		{
			"weight": 1.0,
			"key": "mcwfurnitures:crimson_stool_chair"
		},
		{
			"weight": 1.0,
			"key": "mcwfurnitures:crimson_striped_chair"
		},
		{
			"weight": 1.0,
			"key": "mcwfurnitures:crimson_table"
		},
		{
			"weight": 1.0,
			"key": "mcwfurnitures:crimson_triple_drawer"
		},
		{
			"weight": 1.0,
			"key": "mcwfurnitures:crimson_wardrobe"
		},
		{
			"weight": 1.0,
			"key": "mcwfurnitures:dark_oak_bookshelf"
		},
		{
			"weight": 1.0,
			"key": "mcwfurnitures:dark_oak_bookshelf_cupboard"
		},
		{
			"weight": 1.0,
			"key": "mcwfurnitures:dark_oak_bookshelf_drawer"
		},
		{
			"weight": 1.0,
			"key": "mcwfurnitures:dark_oak_chair"
		},
		{
			"weight": 1.0,
			"key": "mcwfurnitures:dark_oak_coffee_table"
		},
		{
			"weight": 1.0,
			"key": "mcwfurnitures:dark_oak_counter"
		},
		{
			"weight": 1.0,
			"key": "mcwfurnitures:dark_oak_covered_desk"
		},
		{
			"weight": 1.0,
			"key": "mcwfurnitures:dark_oak_cupboard_counter"
		},
		{
			"weight": 1.0,
			"key": "mcwfurnitures:dark_oak_desk"
		},
		{
			"weight": 1.0,
			"key": "mcwfurnitures:dark_oak_double_drawer"
		},
		{
			"weight": 1.0,
			"key": "mcwfurnitures:dark_oak_double_drawer_counter"
		},
		{
			"weight": 1.0,
			"key": "mcwfurnitures:dark_oak_double_kitchen_cabinet"
		},
		{
			"weight": 1.0,
			"key": "mcwfurnitures:dark_oak_double_wardrobe"
		},
		{
			"weight": 1.0,
			"key": "mcwfurnitures:dark_oak_drawer"
		},
		{
			"weight": 1.0,
			"key": "mcwfurnitures:dark_oak_drawer_counter"
		},
		{
			"weight": 1.0,
			"key": "mcwfurnitures:dark_oak_end_table"
		},
		{
			"weight": 1.0,
			"key": "mcwfurnitures:dark_oak_glass_kitchen_cabinet"
		},
		{
			"weight": 1.0,
			"key": "mcwfurnitures:dark_oak_glass_table"
		},
		{
			"weight": 1.0,
			"key": "mcwfurnitures:dark_oak_kitchen_cabinet"
		},
		{
			"weight": 1.0,
			"key": "mcwfurnitures:dark_oak_large_drawer"
		},
		{
			"weight": 1.0,
			"key": "mcwfurnitures:dark_oak_lower_bookshelf_drawer"
		},
		{
			"weight": 1.0,
			"key": "mcwfurnitures:dark_oak_lower_triple_drawer"
		},
		{
			"weight": 1.0,
			"key": "mcwfurnitures:dark_oak_modern_chair"
		},
		{
			"weight": 1.0,
			"key": "mcwfurnitures:dark_oak_modern_desk"
		},
		{
			"weight": 1.0,
			"key": "mcwfurnitures:dark_oak_modern_wardrobe"
		},
		{
			"weight": 1.0,
			"key": "mcwfurnitures:dark_oak_stool_chair"
		},
		{
			"weight": 1.0,
			"key": "mcwfurnitures:dark_oak_striped_chair"
		},
		{
			"weight": 1.0,
			"key": "mcwfurnitures:dark_oak_table"
		},
		{
			"weight": 1.0,
			"key": "mcwfurnitures:dark_oak_triple_drawer"
		},
		{
			"weight": 1.0,
			"key": "mcwfurnitures:dark_oak_wardrobe"
		},
		{
			"weight": 1.0,
			"key": "mcwfurnitures:jungle_bookshelf"
		},
		{
			"weight": 1.0,
			"key": "mcwfurnitures:jungle_bookshelf_cupboard"
		},
		{
			"weight": 1.0,
			"key": "mcwfurnitures:jungle_bookshelf_drawer"
		},
		{
			"weight": 1.0,
			"key": "mcwfurnitures:jungle_chair"
		},
		{
			"weight": 1.0,
			"key": "mcwfurnitures:jungle_coffee_table"
		},
		{
			"weight": 1.0,
			"key": "mcwfurnitures:jungle_counter"
		},
		{
			"weight": 1.0,
			"key": "mcwfurnitures:jungle_covered_desk"
		},
		{
			"weight": 1.0,
			"key": "mcwfurnitures:jungle_cupboard_counter"
		},
		{
			"weight": 1.0,
			"key": "mcwfurnitures:jungle_desk"
		},
		{
			"weight": 1.0,
			"key": "mcwfurnitures:jungle_double_drawer"
		},
		{
			"weight": 1.0,
			"key": "mcwfurnitures:jungle_double_drawer_counter"
		},
		{
			"weight": 1.0,
			"key": "mcwfurnitures:jungle_double_kitchen_cabinet"
		},
		{
			"weight": 1.0,
			"key": "mcwfurnitures:jungle_double_wardrobe"
		},
		{
			"weight": 1.0,
			"key": "mcwfurnitures:jungle_drawer"
		},
		{
			"weight": 1.0,
			"key": "mcwfurnitures:jungle_drawer_counter"
		},
		{
			"weight": 1.0,
			"key": "mcwfurnitures:jungle_end_table"
		},
		{
			"weight": 1.0,
			"key": "mcwfurnitures:jungle_glass_kitchen_cabinet"
		},
		{
			"weight": 1.0,
			"key": "mcwfurnitures:jungle_glass_table"
		},
		{
			"weight": 1.0,
			"key": "mcwfurnitures:jungle_kitchen_cabinet"
		},
		{
			"weight": 1.0,
			"key": "mcwfurnitures:jungle_large_drawer"
		},
		{
			"weight": 1.0,
			"key": "mcwfurnitures:jungle_lower_bookshelf_drawer"
		},
		{
			"weight": 1.0,
			"key": "mcwfurnitures:jungle_lower_triple_drawer"
		},
		{
			"weight": 1.0,
			"key": "mcwfurnitures:jungle_modern_chair"
		},
		{
			"weight": 1.0,
			"key": "mcwfurnitures:jungle_modern_desk"
		},
		{
			"weight": 1.0,
			"key": "mcwfurnitures:jungle_modern_wardrobe"
		},
		{
			"weight": 1.0,
			"key": "mcwfurnitures:jungle_stool_chair"
		},
		{
			"weight": 1.0,
			"key": "mcwfurnitures:jungle_striped_chair"
		},
		{
			"weight": 1.0,
			"key": "mcwfurnitures:jungle_table"
		},
		{
			"weight": 1.0,
			"key": "mcwfurnitures:jungle_triple_drawer"
		},
		{
			"weight": 1.0,
			"key": "mcwfurnitures:jungle_wardrobe"
		},
		{
			"weight": 1.0,
			"key": "mcwfurnitures:mangrove_bookshelf"
		},
		{
			"weight": 1.0,
			"key": "mcwfurnitures:mangrove_bookshelf_cupboard"
		},
		{
			"weight": 1.0,
			"key": "mcwfurnitures:mangrove_bookshelf_drawer"
		},
		{
			"weight": 1.0,
			"key": "mcwfurnitures:mangrove_chair"
		},
		{
			"weight": 1.0,
			"key": "mcwfurnitures:mangrove_coffee_table"
		},
		{
			"weight": 1.0,
			"key": "mcwfurnitures:mangrove_counter"
		},
		{
			"weight": 1.0,
			"key": "mcwfurnitures:mangrove_covered_desk"
		},
		{
			"weight": 1.0,
			"key": "mcwfurnitures:mangrove_cupboard_counter"
		},
		{
			"weight": 1.0,
			"key": "mcwfurnitures:mangrove_desk"
		},
		{
			"weight": 1.0,
			"key": "mcwfurnitures:mangrove_double_drawer"
		},
		{
			"weight": 1.0,
			"key": "mcwfurnitures:mangrove_double_drawer_counter"
		},
		{
			"weight": 1.0,
			"key": "mcwfurnitures:mangrove_double_kitchen_cabinet"
		},
		{
			"weight": 1.0,
			"key": "mcwfurnitures:mangrove_double_wardrobe"
		},
		{
			"weight": 1.0,
			"key": "mcwfurnitures:mangrove_drawer"
		},
		{
			"weight": 1.0,
			"key": "mcwfurnitures:mangrove_drawer_counter"
		},
		{
			"weight": 1.0,
			"key": "mcwfurnitures:mangrove_end_table"
		},
		{
			"weight": 1.0,
			"key": "mcwfurnitures:mangrove_glass_kitchen_cabinet"
		},
		{
			"weight": 1.0,
			"key": "mcwfurnitures:mangrove_glass_table"
		},
		{
			"weight": 1.0,
			"key": "mcwfurnitures:mangrove_kitchen_cabinet"
		},
		{
			"weight": 1.0,
			"key": "mcwfurnitures:mangrove_large_drawer"
		},
		{
			"weight": 1.0,
			"key": "mcwfurnitures:mangrove_lower_bookshelf_drawer"
		},
		{
			"weight": 1.0,
			"key": "mcwfurnitures:mangrove_lower_triple_drawer"
		},
		{
			"weight": 1.0,
			"key": "mcwfurnitures:mangrove_modern_chair"
		},
		{
			"weight": 1.0,
			"key": "mcwfurnitures:mangrove_modern_desk"
		},
		{
			"weight": 1.0,
			"key": "mcwfurnitures:mangrove_modern_wardrobe"
		},
		{
			"weight": 1.0,
			"key": "mcwfurnitures:mangrove_stool_chair"
		},
		{
			"weight": 1.0,
			"key": "mcwfurnitures:mangrove_striped_chair"
		},
		{
			"weight": 1.0,
			"key": "mcwfurnitures:mangrove_table"
		},
		{
			"weight": 1.0,
			"key": "mcwfurnitures:mangrove_triple_drawer"
		},
		{
			"weight": 1.0,
			"key": "mcwfurnitures:mangrove_wardrobe"
		},
		{
			"weight": 1.0,
			"key": "mcwfurnitures:oak_bookshelf"
		},
		{
			"weight": 1.0,
			"key": "mcwfurnitures:oak_bookshelf_cupboard"
		},
		{
			"weight": 1.0,
			"key": "mcwfurnitures:oak_bookshelf_drawer"
		},
		{
			"weight": 1.0,
			"key": "mcwfurnitures:oak_chair"
		},
		{
			"weight": 1.0,
			"key": "mcwfurnitures:oak_coffee_table"
		},
		{
			"weight": 1.0,
			"key": "mcwfurnitures:oak_counter"
		},
		{
			"weight": 1.0,
			"key": "mcwfurnitures:oak_covered_desk"
		},
		{
			"weight": 1.0,
			"key": "mcwfurnitures:oak_cupboard_counter"
		},
		{
			"weight": 1.0,
			"key": "mcwfurnitures:oak_desk"
		},
		{
			"weight": 1.0,
			"key": "mcwfurnitures:oak_double_drawer"
		},
		{
			"weight": 1.0,
			"key": "mcwfurnitures:oak_double_drawer_counter"
		},
		{
			"weight": 1.0,
			"key": "mcwfurnitures:oak_double_kitchen_cabinet"
		},
		{
			"weight": 1.0,
			"key": "mcwfurnitures:oak_double_wardrobe"
		},
		{
			"weight": 1.0,
			"key": "mcwfurnitures:oak_drawer"
		},
		{
			"weight": 1.0,
			"key": "mcwfurnitures:oak_drawer_counter"
		},
		{
			"weight": 1.0,
			"key": "mcwfurnitures:oak_end_table"
		},
		{
			"weight": 1.0,
			"key": "mcwfurnitures:oak_glass_kitchen_cabinet"
		},
		{
			"weight": 1.0,
			"key": "mcwfurnitures:oak_glass_table"
		},
		{
			"weight": 1.0,
			"key": "mcwfurnitures:oak_kitchen_cabinet"
		},
		{
			"weight": 1.0,
			"key": "mcwfurnitures:oak_large_drawer"
		},
		{
			"weight": 1.0,
			"key": "mcwfurnitures:oak_lower_bookshelf_drawer"
		},
		{
			"weight": 1.0,
			"key": "mcwfurnitures:oak_lower_triple_drawer"
		},
		{
			"weight": 1.0,
			"key": "mcwfurnitures:oak_modern_chair"
		},
		{
			"weight": 1.0,
			"key": "mcwfurnitures:oak_modern_desk"
		},
		{
			"weight": 1.0,
			"key": "mcwfurnitures:oak_modern_wardrobe"
		},
		{
			"weight": 1.0,
			"key": "mcwfurnitures:oak_stool_chair"
		},
		{
			"weight": 1.0,
			"key": "mcwfurnitures:oak_striped_chair"
		},
		{
			"weight": 1.0,
			"key": "mcwfurnitures:oak_table"
		},
		{
			"weight": 1.0,
			"key": "mcwfurnitures:oak_triple_drawer"
		},
		{
			"weight": 1.0,
			"key": "mcwfurnitures:oak_wardrobe"
		},
		{
			"weight": 1.0,
			"key": "mcwfurnitures:spruce_bookshelf"
		},
		{
			"weight": 1.0,
			"key": "mcwfurnitures:spruce_bookshelf_cupboard"
		},
		{
			"weight": 1.0,
			"key": "mcwfurnitures:spruce_bookshelf_drawer"
		},
		{
			"weight": 1.0,
			"key": "mcwfurnitures:spruce_chair"
		},
		{
			"weight": 1.0,
			"key": "mcwfurnitures:spruce_coffee_table"
		},
		{
			"weight": 1.0,
			"key": "mcwfurnitures:spruce_counter"
		},
		{
			"weight": 1.0,
			"key": "mcwfurnitures:spruce_covered_desk"
		},
		{
			"weight": 1.0,
			"key": "mcwfurnitures:spruce_cupboard_counter"
		},
		{
			"weight": 1.0,
			"key": "mcwfurnitures:spruce_desk"
		},
		{
			"weight": 1.0,
			"key": "mcwfurnitures:spruce_double_drawer"
		},
		{
			"weight": 1.0,
			"key": "mcwfurnitures:spruce_double_drawer_counter"
		},
		{
			"weight": 1.0,
			"key": "mcwfurnitures:spruce_double_kitchen_cabinet"
		},
		{
			"weight": 1.0,
			"key": "mcwfurnitures:spruce_double_wardrobe"
		},
		{
			"weight": 1.0,
			"key": "mcwfurnitures:spruce_drawer"
		},
		{
			"weight": 1.0,
			"key": "mcwfurnitures:spruce_drawer_counter"
		},
		{
			"weight": 1.0,
			"key": "mcwfurnitures:spruce_end_table"
		},
		{
			"weight": 1.0,
			"key": "mcwfurnitures:spruce_glass_kitchen_cabinet"
		},
		{
			"weight": 1.0,
			"key": "mcwfurnitures:spruce_glass_table"
		},
		{
			"weight": 1.0,
			"key": "mcwfurnitures:spruce_kitchen_cabinet"
		},
		{
			"weight": 1.0,
			"key": "mcwfurnitures:spruce_large_drawer"
		},
		{
			"weight": 1.0,
			"key": "mcwfurnitures:spruce_lower_bookshelf_drawer"
		},
		{
			"weight": 1.0,
			"key": "mcwfurnitures:spruce_lower_triple_drawer"
		},
		{
			"weight": 1.0,
			"key": "mcwfurnitures:spruce_modern_chair"
		},
		{
			"weight": 1.0,
			"key": "mcwfurnitures:spruce_modern_desk"
		},
		{
			"weight": 1.0,
			"key": "mcwfurnitures:spruce_modern_wardrobe"
		},
		{
			"weight": 1.0,
			"key": "mcwfurnitures:spruce_stool_chair"
		},
		{
			"weight": 1.0,
			"key": "mcwfurnitures:spruce_striped_chair"
		},
		{
			"weight": 1.0,
			"key": "mcwfurnitures:spruce_table"
		},
		{
			"weight": 1.0,
			"key": "mcwfurnitures:spruce_triple_drawer"
		},
		{
			"weight": 1.0,
			"key": "mcwfurnitures:spruce_wardrobe"
		},
		{
			"weight": 1.0,
			"key": "mcwfurnitures:stripped_acacia_bookshelf"
		},
		{
			"weight": 1.0,
			"key": "mcwfurnitures:stripped_acacia_bookshelf_cupboard"
		},
		{
			"weight": 1.0,
			"key": "mcwfurnitures:stripped_acacia_bookshelf_drawer"
		},
		{
			"weight": 1.0,
			"key": "mcwfurnitures:stripped_acacia_chair"
		},
		{
			"weight": 1.0,
			"key": "mcwfurnitures:stripped_acacia_coffee_table"
		},
		{
			"weight": 1.0,
			"key": "mcwfurnitures:stripped_acacia_counter"
		},
		{
			"weight": 1.0,
			"key": "mcwfurnitures:stripped_acacia_covered_desk"
		},
		{
			"weight": 1.0,
			"key": "mcwfurnitures:stripped_acacia_cupboard_counter"
		},
		{
			"weight": 1.0,
			"key": "mcwfurnitures:stripped_acacia_desk"
		},
		{
			"weight": 1.0,
			"key": "mcwfurnitures:stripped_acacia_double_drawer"
		},
		{
			"weight": 1.0,
			"key": "mcwfurnitures:stripped_acacia_double_drawer_counter"
		},
		{
			"weight": 1.0,
			"key": "mcwfurnitures:stripped_acacia_double_kitchen_cabinet"
		},
		{
			"weight": 1.0,
			"key": "mcwfurnitures:stripped_acacia_double_wardrobe"
		},
		{
			"weight": 1.0,
			"key": "mcwfurnitures:stripped_acacia_drawer"
		},
		{
			"weight": 1.0,
			"key": "mcwfurnitures:stripped_acacia_drawer_counter"
		},
		{
			"weight": 1.0,
			"key": "mcwfurnitures:stripped_acacia_end_table"
		},
		{
			"weight": 1.0,
			"key": "mcwfurnitures:stripped_acacia_glass_kitchen_cabinet"
		},
		{
			"weight": 1.0,
			"key": "mcwfurnitures:stripped_acacia_glass_table"
		},
		{
			"weight": 1.0,
			"key": "mcwfurnitures:stripped_acacia_kitchen_cabinet"
		},
		{
			"weight": 1.0,
			"key": "mcwfurnitures:stripped_acacia_large_drawer"
		},
		{
			"weight": 1.0,
			"key": "mcwfurnitures:stripped_acacia_lower_bookshelf_drawer"
		},
		{
			"weight": 1.0,
			"key": "mcwfurnitures:stripped_acacia_lower_triple_drawer"
		},
		{
			"weight": 1.0,
			"key": "mcwfurnitures:stripped_acacia_modern_chair"
		},
		{
			"weight": 1.0,
			"key": "mcwfurnitures:stripped_acacia_modern_desk"
		},
		{
			"weight": 1.0,
			"key": "mcwfurnitures:stripped_acacia_modern_wardrobe"
		},
		{
			"weight": 1.0,
			"key": "mcwfurnitures:stripped_acacia_stool_chair"
		},
		{
			"weight": 1.0,
			"key": "mcwfurnitures:stripped_acacia_striped_chair"
		},
		{
			"weight": 1.0,
			"key": "mcwfurnitures:stripped_acacia_table"
		},
		{
			"weight": 1.0,
			"key": "mcwfurnitures:stripped_acacia_triple_drawer"
		},
		{
			"weight": 1.0,
			"key": "mcwfurnitures:stripped_acacia_wardrobe"
		},
		{
			"weight": 1.0,
			"key": "mcwfurnitures:stripped_birch_bookshelf"
		},
		{
			"weight": 1.0,
			"key": "mcwfurnitures:stripped_birch_bookshelf_cupboard"
		},
		{
			"weight": 1.0,
			"key": "mcwfurnitures:stripped_birch_bookshelf_drawer"
		},
		{
			"weight": 1.0,
			"key": "mcwfurnitures:stripped_birch_chair"
		},
		{
			"weight": 1.0,
			"key": "mcwfurnitures:stripped_birch_coffee_table"
		},
		{
			"weight": 1.0,
			"key": "mcwfurnitures:stripped_birch_counter"
		},
		{
			"weight": 1.0,
			"key": "mcwfurnitures:stripped_birch_covered_desk"
		},
		{
			"weight": 1.0,
			"key": "mcwfurnitures:stripped_birch_cupboard_counter"
		},
		{
			"weight": 1.0,
			"key": "mcwfurnitures:stripped_birch_desk"
		},
		{
			"weight": 1.0,
			"key": "mcwfurnitures:stripped_birch_double_drawer"
		},
		{
			"weight": 1.0,
			"key": "mcwfurnitures:stripped_birch_double_drawer_counter"
		},
		{
			"weight": 1.0,
			"key": "mcwfurnitures:stripped_birch_double_kitchen_cabinet"
		},
		{
			"weight": 1.0,
			"key": "mcwfurnitures:stripped_birch_double_wardrobe"
		},
		{
			"weight": 1.0,
			"key": "mcwfurnitures:stripped_birch_drawer"
		},
		{
			"weight": 1.0,
			"key": "mcwfurnitures:stripped_birch_drawer_counter"
		},
		{
			"weight": 1.0,
			"key": "mcwfurnitures:stripped_birch_end_table"
		},
		{
			"weight": 1.0,
			"key": "mcwfurnitures:stripped_birch_glass_kitchen_cabinet"
		},
		{
			"weight": 1.0,
			"key": "mcwfurnitures:stripped_birch_glass_table"
		},
		{
			"weight": 1.0,
			"key": "mcwfurnitures:stripped_birch_kitchen_cabinet"
		},
		{
			"weight": 1.0,
			"key": "mcwfurnitures:stripped_birch_large_drawer"
		},
		{
			"weight": 1.0,
			"key": "mcwfurnitures:stripped_birch_lower_bookshelf_drawer"
		},
		{
			"weight": 1.0,
			"key": "mcwfurnitures:stripped_birch_lower_triple_drawer"
		},
		{
			"weight": 1.0,
			"key": "mcwfurnitures:stripped_birch_modern_chair"
		},
		{
			"weight": 1.0,
			"key": "mcwfurnitures:stripped_birch_modern_desk"
		},
		{
			"weight": 1.0,
			"key": "mcwfurnitures:stripped_birch_modern_wardrobe"
		},
		{
			"weight": 1.0,
			"key": "mcwfurnitures:stripped_birch_stool_chair"
		},
		{
			"weight": 1.0,
			"key": "mcwfurnitures:stripped_birch_striped_chair"
		},
		{
			"weight": 1.0,
			"key": "mcwfurnitures:stripped_birch_table"
		},
		{
			"weight": 1.0,
			"key": "mcwfurnitures:stripped_birch_triple_drawer"
		},
		{
			"weight": 1.0,
			"key": "mcwfurnitures:stripped_birch_wardrobe"
		},
		{
			"weight": 1.0,
			"key": "mcwfurnitures:stripped_cherry_bookshelf"
		},
		{
			"weight": 1.0,
			"key": "mcwfurnitures:stripped_cherry_bookshelf_cupboard"
		},
		{
			"weight": 1.0,
			"key": "mcwfurnitures:stripped_cherry_bookshelf_drawer"
		},
		{
			"weight": 1.0,
			"key": "mcwfurnitures:stripped_cherry_chair"
		},
		{
			"weight": 1.0,
			"key": "mcwfurnitures:stripped_cherry_coffee_table"
		},
		{
			"weight": 1.0,
			"key": "mcwfurnitures:stripped_cherry_counter"
		},
		{
			"weight": 1.0,
			"key": "mcwfurnitures:stripped_cherry_covered_desk"
		},
		{
			"weight": 1.0,
			"key": "mcwfurnitures:stripped_cherry_cupboard_counter"
		},
		{
			"weight": 1.0,
			"key": "mcwfurnitures:stripped_cherry_desk"
		},
		{
			"weight": 1.0,
			"key": "mcwfurnitures:stripped_cherry_double_drawer"
		},
		{
			"weight": 1.0,
			"key": "mcwfurnitures:stripped_cherry_double_drawer_counter"
		},
		{
			"weight": 1.0,
			"key": "mcwfurnitures:stripped_cherry_double_kitchen_cabinet"
		},
		{
			"weight": 1.0,
			"key": "mcwfurnitures:stripped_cherry_double_wardrobe"
		},
		{
			"weight": 1.0,
			"key": "mcwfurnitures:stripped_cherry_drawer"
		},
		{
			"weight": 1.0,
			"key": "mcwfurnitures:stripped_cherry_drawer_counter"
		},
		{
			"weight": 1.0,
			"key": "mcwfurnitures:stripped_cherry_end_table"
		},
		{
			"weight": 1.0,
			"key": "mcwfurnitures:stripped_cherry_glass_kitchen_cabinet"
		},
		{
			"weight": 1.0,
			"key": "mcwfurnitures:stripped_cherry_glass_table"
		},
		{
			"weight": 1.0,
			"key": "mcwfurnitures:stripped_cherry_kitchen_cabinet"
		},
		{
			"weight": 1.0,
			"key": "mcwfurnitures:stripped_cherry_large_drawer"
		},
		{
			"weight": 1.0,
			"key": "mcwfurnitures:stripped_cherry_lower_bookshelf_drawer"
		},
		{
			"weight": 1.0,
			"key": "mcwfurnitures:stripped_cherry_lower_triple_drawer"
		},
		{
			"weight": 1.0,
			"key": "mcwfurnitures:stripped_cherry_modern_chair"
		},
		{
			"weight": 1.0,
			"key": "mcwfurnitures:stripped_cherry_modern_desk"
		},
		{
			"weight": 1.0,
			"key": "mcwfurnitures:stripped_cherry_modern_wardrobe"
		},
		{
			"weight": 1.0,
			"key": "mcwfurnitures:stripped_cherry_stool_chair"
		},
		{
			"weight": 1.0,
			"key": "mcwfurnitures:stripped_cherry_striped_chair"
		},
		{
			"weight": 1.0,
			"key": "mcwfurnitures:stripped_cherry_table"
		},
		{
			"weight": 1.0,
			"key": "mcwfurnitures:stripped_cherry_triple_drawer"
		},
		{
			"weight": 1.0,
			"key": "mcwfurnitures:stripped_cherry_wardrobe"
		},
		{
			"weight": 1.0,
			"key": "mcwfurnitures:stripped_crimson_bookshelf"
		},
		{
			"weight": 1.0,
			"key": "mcwfurnitures:stripped_crimson_bookshelf_cupboard"
		},
		{
			"weight": 1.0,
			"key": "mcwfurnitures:stripped_crimson_bookshelf_drawer"
		},
		{
			"weight": 1.0,
			"key": "mcwfurnitures:stripped_crimson_chair"
		},
		{
			"weight": 1.0,
			"key": "mcwfurnitures:stripped_crimson_coffee_table"
		},
		{
			"weight": 1.0,
			"key": "mcwfurnitures:stripped_crimson_counter"
		},
		{
			"weight": 1.0,
			"key": "mcwfurnitures:stripped_crimson_covered_desk"
		},
		{
			"weight": 1.0,
			"key": "mcwfurnitures:stripped_crimson_cupboard_counter"
		},
		{
			"weight": 1.0,
			"key": "mcwfurnitures:stripped_crimson_desk"
		},
		{
			"weight": 1.0,
			"key": "mcwfurnitures:stripped_crimson_double_drawer"
		},
		{
			"weight": 1.0,
			"key": "mcwfurnitures:stripped_crimson_double_drawer_counter"
		},
		{
			"weight": 1.0,
			"key": "mcwfurnitures:stripped_crimson_double_kitchen_cabinet"
		},
		{
			"weight": 1.0,
			"key": "mcwfurnitures:stripped_crimson_double_wardrobe"
		},
		{
			"weight": 1.0,
			"key": "mcwfurnitures:stripped_crimson_drawer"
		},
		{
			"weight": 1.0,
			"key": "mcwfurnitures:stripped_crimson_drawer_counter"
		},
		{
			"weight": 1.0,
			"key": "mcwfurnitures:stripped_crimson_end_table"
		},
		{
			"weight": 1.0,
			"key": "mcwfurnitures:stripped_crimson_glass_kitchen_cabinet"
		},
		{
			"weight": 1.0,
			"key": "mcwfurnitures:stripped_crimson_glass_table"
		},
		{
			"weight": 1.0,
			"key": "mcwfurnitures:stripped_crimson_kitchen_cabinet"
		},
		{
			"weight": 1.0,
			"key": "mcwfurnitures:stripped_crimson_large_drawer"
		},
		{
			"weight": 1.0,
			"key": "mcwfurnitures:stripped_crimson_lower_bookshelf_drawer"
		},
		{
			"weight": 1.0,
			"key": "mcwfurnitures:stripped_crimson_lower_triple_drawer"
		},
		{
			"weight": 1.0,
			"key": "mcwfurnitures:stripped_crimson_modern_chair"
		},
		{
			"weight": 1.0,
			"key": "mcwfurnitures:stripped_crimson_modern_desk"
		},
		{
			"weight": 1.0,
			"key": "mcwfurnitures:stripped_crimson_modern_wardrobe"
		},
		{
			"weight": 1.0,
			"key": "mcwfurnitures:stripped_crimson_stool_chair"
		},
		{
			"weight": 1.0,
			"key": "mcwfurnitures:stripped_crimson_striped_chair"
		},
		{
			"weight": 1.0,
			"key": "mcwfurnitures:stripped_crimson_table"
		},
		{
			"weight": 1.0,
			"key": "mcwfurnitures:stripped_crimson_triple_drawer"
		},
		{
			"weight": 1.0,
			"key": "mcwfurnitures:stripped_crimson_wardrobe"
		},
		{
			"weight": 1.0,
			"key": "mcwfurnitures:stripped_dark_oak_bookshelf"
		},
		{
			"weight": 1.0,
			"key": "mcwfurnitures:stripped_dark_oak_bookshelf_cupboard"
		},
		{
			"weight": 1.0,
			"key": "mcwfurnitures:stripped_dark_oak_bookshelf_drawer"
		},
		{
			"weight": 1.0,
			"key": "mcwfurnitures:stripped_dark_oak_chair"
		},
		{
			"weight": 1.0,
			"key": "mcwfurnitures:stripped_dark_oak_coffee_table"
		},
		{
			"weight": 1.0,
			"key": "mcwfurnitures:stripped_dark_oak_counter"
		},
		{
			"weight": 1.0,
			"key": "mcwfurnitures:stripped_dark_oak_covered_desk"
		},
		{
			"weight": 1.0,
			"key": "mcwfurnitures:stripped_dark_oak_cupboard_counter"
		},
		{
			"weight": 1.0,
			"key": "mcwfurnitures:stripped_dark_oak_desk"
		},
		{
			"weight": 1.0,
			"key": "mcwfurnitures:stripped_dark_oak_double_drawer"
		},
		{
			"weight": 1.0,
			"key": "mcwfurnitures:stripped_dark_oak_double_drawer_counter"
		},
		{
			"weight": 1.0,
			"key": "mcwfurnitures:stripped_dark_oak_double_kitchen_cabinet"
		},
		{
			"weight": 1.0,
			"key": "mcwfurnitures:stripped_dark_oak_double_wardrobe"
		},
		{
			"weight": 1.0,
			"key": "mcwfurnitures:stripped_dark_oak_drawer"
		},
		{
			"weight": 1.0,
			"key": "mcwfurnitures:stripped_dark_oak_drawer_counter"
		},
		{
			"weight": 1.0,
			"key": "mcwfurnitures:stripped_dark_oak_end_table"
		},
		{
			"weight": 1.0,
			"key": "mcwfurnitures:stripped_dark_oak_glass_kitchen_cabinet"
		},
		{
			"weight": 1.0,
			"key": "mcwfurnitures:stripped_dark_oak_glass_table"
		},
		{
			"weight": 1.0,
			"key": "mcwfurnitures:stripped_dark_oak_kitchen_cabinet"
		},
		{
			"weight": 1.0,
			"key": "mcwfurnitures:stripped_dark_oak_large_drawer"
		},
		{
			"weight": 1.0,
			"key": "mcwfurnitures:stripped_dark_oak_lower_bookshelf_drawer"
		},
		{
			"weight": 1.0,
			"key": "mcwfurnitures:stripped_dark_oak_lower_triple_drawer"
		},
		{
			"weight": 1.0,
			"key": "mcwfurnitures:stripped_dark_oak_modern_chair"
		},
		{
			"weight": 1.0,
			"key": "mcwfurnitures:stripped_dark_oak_modern_desk"
		},
		{
			"weight": 1.0,
			"key": "mcwfurnitures:stripped_dark_oak_modern_wardrobe"
		},
		{
			"weight": 1.0,
			"key": "mcwfurnitures:stripped_dark_oak_stool_chair"
		},
		{
			"weight": 1.0,
			"key": "mcwfurnitures:stripped_dark_oak_striped_chair"
		},
		{
			"weight": 1.0,
			"key": "mcwfurnitures:stripped_dark_oak_table"
		},
		{
			"weight": 1.0,
			"key": "mcwfurnitures:stripped_dark_oak_triple_drawer"
		},
		{
			"weight": 1.0,
			"key": "mcwfurnitures:stripped_dark_oak_wardrobe"
		},
		{
			"weight": 1.0,
			"key": "mcwfurnitures:stripped_jungle_bookshelf"
		},
		{
			"weight": 1.0,
			"key": "mcwfurnitures:stripped_jungle_bookshelf_cupboard"
		},
		{
			"weight": 1.0,
			"key": "mcwfurnitures:stripped_jungle_bookshelf_drawer"
		},
		{
			"weight": 1.0,
			"key": "mcwfurnitures:stripped_jungle_chair"
		},
		{
			"weight": 1.0,
			"key": "mcwfurnitures:stripped_jungle_coffee_table"
		},
		{
			"weight": 1.0,
			"key": "mcwfurnitures:stripped_jungle_counter"
		},
		{
			"weight": 1.0,
			"key": "mcwfurnitures:stripped_jungle_covered_desk"
		},
		{
			"weight": 1.0,
			"key": "mcwfurnitures:stripped_jungle_cupboard_counter"
		},
		{
			"weight": 1.0,
			"key": "mcwfurnitures:stripped_jungle_desk"
		},
		{
			"weight": 1.0,
			"key": "mcwfurnitures:stripped_jungle_double_drawer"
		},
		{
			"weight": 1.0,
			"key": "mcwfurnitures:stripped_jungle_double_drawer_counter"
		},
		{
			"weight": 1.0,
			"key": "mcwfurnitures:stripped_jungle_double_kitchen_cabinet"
		},
		{
			"weight": 1.0,
			"key": "mcwfurnitures:stripped_jungle_double_wardrobe"
		},
		{
			"weight": 1.0,
			"key": "mcwfurnitures:stripped_jungle_drawer"
		},
		{
			"weight": 1.0,
			"key": "mcwfurnitures:stripped_jungle_drawer_counter"
		},
		{
			"weight": 1.0,
			"key": "mcwfurnitures:stripped_jungle_end_table"
		},
		{
			"weight": 1.0,
			"key": "mcwfurnitures:stripped_jungle_glass_kitchen_cabinet"
		},
		{
			"weight": 1.0,
			"key": "mcwfurnitures:stripped_jungle_glass_table"
		},
		{
			"weight": 1.0,
			"key": "mcwfurnitures:stripped_jungle_kitchen_cabinet"
		},
		{
			"weight": 1.0,
			"key": "mcwfurnitures:stripped_jungle_large_drawer"
		},
		{
			"weight": 1.0,
			"key": "mcwfurnitures:stripped_jungle_lower_bookshelf_drawer"
		},
		{
			"weight": 1.0,
			"key": "mcwfurnitures:stripped_jungle_lower_triple_drawer"
		},
		{
			"weight": 1.0,
			"key": "mcwfurnitures:stripped_jungle_modern_chair"
		},
		{
			"weight": 1.0,
			"key": "mcwfurnitures:stripped_jungle_modern_desk"
		},
		{
			"weight": 1.0,
			"key": "mcwfurnitures:stripped_jungle_modern_wardrobe"
		},
		{
			"weight": 1.0,
			"key": "mcwfurnitures:stripped_jungle_stool_chair"
		},
		{
			"weight": 1.0,
			"key": "mcwfurnitures:stripped_jungle_striped_chair"
		},
		{
			"weight": 1.0,
			"key": "mcwfurnitures:stripped_jungle_table"
		},
		{
			"weight": 1.0,
			"key": "mcwfurnitures:stripped_jungle_triple_drawer"
		},
		{
			"weight": 1.0,
			"key": "mcwfurnitures:stripped_jungle_wardrobe"
		},
		{
			"weight": 1.0,
			"key": "mcwfurnitures:stripped_mangrove_bookshelf"
		},
		{
			"weight": 1.0,
			"key": "mcwfurnitures:stripped_mangrove_bookshelf_cupboard"
		},
		{
			"weight": 1.0,
			"key": "mcwfurnitures:stripped_mangrove_bookshelf_drawer"
		},
		{
			"weight": 1.0,
			"key": "mcwfurnitures:stripped_mangrove_chair"
		},
		{
			"weight": 1.0,
			"key": "mcwfurnitures:stripped_mangrove_coffee_table"
		},
		{
			"weight": 1.0,
			"key": "mcwfurnitures:stripped_mangrove_counter"
		},
		{
			"weight": 1.0,
			"key": "mcwfurnitures:stripped_mangrove_covered_desk"
		},
		{
			"weight": 1.0,
			"key": "mcwfurnitures:stripped_mangrove_cupboard_counter"
		},
		{
			"weight": 1.0,
			"key": "mcwfurnitures:stripped_mangrove_desk"
		},
		{
			"weight": 1.0,
			"key": "mcwfurnitures:stripped_mangrove_double_drawer"
		},
		{
			"weight": 1.0,
			"key": "mcwfurnitures:stripped_mangrove_double_drawer_counter"
		},
		{
			"weight": 1.0,
			"key": "mcwfurnitures:stripped_mangrove_double_kitchen_cabinet"
		},
		{
			"weight": 1.0,
			"key": "mcwfurnitures:stripped_mangrove_double_wardrobe"
		},
		{
			"weight": 1.0,
			"key": "mcwfurnitures:stripped_mangrove_drawer"
		},
		{
			"weight": 1.0,
			"key": "mcwfurnitures:stripped_mangrove_drawer_counter"
		},
		{
			"weight": 1.0,
			"key": "mcwfurnitures:stripped_mangrove_end_table"
		},
		{
			"weight": 1.0,
			"key": "mcwfurnitures:stripped_mangrove_glass_kitchen_cabinet"
		},
		{
			"weight": 1.0,
			"key": "mcwfurnitures:stripped_mangrove_glass_table"
		},
		{
			"weight": 1.0,
			"key": "mcwfurnitures:stripped_mangrove_kitchen_cabinet"
		},
		{
			"weight": 1.0,
			"key": "mcwfurnitures:stripped_mangrove_large_drawer"
		},
		{
			"weight": 1.0,
			"key": "mcwfurnitures:stripped_mangrove_lower_bookshelf_drawer"
		},
		{
			"weight": 1.0,
			"key": "mcwfurnitures:stripped_mangrove_lower_triple_drawer"
		},
		{
			"weight": 1.0,
			"key": "mcwfurnitures:stripped_mangrove_modern_chair"
		},
		{
			"weight": 1.0,
			"key": "mcwfurnitures:stripped_mangrove_modern_desk"
		},
		{
			"weight": 1.0,
			"key": "mcwfurnitures:stripped_mangrove_modern_wardrobe"
		},
		{
			"weight": 1.0,
			"key": "mcwfurnitures:stripped_mangrove_stool_chair"
		},
		{
			"weight": 1.0,
			"key": "mcwfurnitures:stripped_mangrove_striped_chair"
		},
		{
			"weight": 1.0,
			"key": "mcwfurnitures:stripped_mangrove_table"
		},
		{
			"weight": 1.0,
			"key": "mcwfurnitures:stripped_mangrove_triple_drawer"
		},
		{
			"weight": 1.0,
			"key": "mcwfurnitures:stripped_mangrove_wardrobe"
		},
		{
			"weight": 1.0,
			"key": "mcwfurnitures:stripped_oak_bookshelf"
		},
		{
			"weight": 1.0,
			"key": "mcwfurnitures:stripped_oak_bookshelf_cupboard"
		},
		{
			"weight": 1.0,
			"key": "mcwfurnitures:stripped_oak_bookshelf_drawer"
		},
		{
			"weight": 1.0,
			"key": "mcwfurnitures:stripped_oak_chair"
		},
		{
			"weight": 1.0,
			"key": "mcwfurnitures:stripped_oak_coffee_table"
		},
		{
			"weight": 1.0,
			"key": "mcwfurnitures:stripped_oak_counter"
		},
		{
			"weight": 1.0,
			"key": "mcwfurnitures:stripped_oak_covered_desk"
		},
		{
			"weight": 1.0,
			"key": "mcwfurnitures:stripped_oak_cupboard_counter"
		},
		{
			"weight": 1.0,
			"key": "mcwfurnitures:stripped_oak_desk"
		},
		{
			"weight": 1.0,
			"key": "mcwfurnitures:stripped_oak_double_drawer"
		},
		{
			"weight": 1.0,
			"key": "mcwfurnitures:stripped_oak_double_drawer_counter"
		},
		{
			"weight": 1.0,
			"key": "mcwfurnitures:stripped_oak_double_kitchen_cabinet"
		},
		{
			"weight": 1.0,
			"key": "mcwfurnitures:stripped_oak_double_wardrobe"
		},
		{
			"weight": 1.0,
			"key": "mcwfurnitures:stripped_oak_drawer"
		},
		{
			"weight": 1.0,
			"key": "mcwfurnitures:stripped_oak_drawer_counter"
		},
		{
			"weight": 1.0,
			"key": "mcwfurnitures:stripped_oak_end_table"
		},
		{
			"weight": 1.0,
			"key": "mcwfurnitures:stripped_oak_glass_kitchen_cabinet"
		},
		{
			"weight": 1.0,
			"key": "mcwfurnitures:stripped_oak_glass_table"
		},
		{
			"weight": 1.0,
			"key": "mcwfurnitures:stripped_oak_kitchen_cabinet"
		},
		{
			"weight": 1.0,
			"key": "mcwfurnitures:stripped_oak_large_drawer"
		},
		{
			"weight": 1.0,
			"key": "mcwfurnitures:stripped_oak_lower_bookshelf_drawer"
		},
		{
			"weight": 1.0,
			"key": "mcwfurnitures:stripped_oak_lower_triple_drawer"
		},
		{
			"weight": 1.0,
			"key": "mcwfurnitures:stripped_oak_modern_chair"
		},
		{
			"weight": 1.0,
			"key": "mcwfurnitures:stripped_oak_modern_desk"
		},
		{
			"weight": 1.0,
			"key": "mcwfurnitures:stripped_oak_modern_wardrobe"
		},
		{
			"weight": 1.0,
			"key": "mcwfurnitures:stripped_oak_stool_chair"
		},
		{
			"weight": 1.0,
			"key": "mcwfurnitures:stripped_oak_striped_chair"
		},
		{
			"weight": 1.0,
			"key": "mcwfurnitures:stripped_oak_table"
		},
		{
			"weight": 1.0,
			"key": "mcwfurnitures:stripped_oak_triple_drawer"
		},
		{
			"weight": 1.0,
			"key": "mcwfurnitures:stripped_oak_wardrobe"
		},
		{
			"weight": 1.0,
			"key": "mcwfurnitures:stripped_spruce_bookshelf"
		},
		{
			"weight": 1.0,
			"key": "mcwfurnitures:stripped_spruce_bookshelf_cupboard"
		},
		{
			"weight": 1.0,
			"key": "mcwfurnitures:stripped_spruce_bookshelf_drawer"
		},
		{
			"weight": 1.0,
			"key": "mcwfurnitures:stripped_spruce_chair"
		},
		{
			"weight": 1.0,
			"key": "mcwfurnitures:stripped_spruce_coffee_table"
		},
		{
			"weight": 1.0,
			"key": "mcwfurnitures:stripped_spruce_counter"
		},
		{
			"weight": 1.0,
			"key": "mcwfurnitures:stripped_spruce_covered_desk"
		},
		{
			"weight": 1.0,
			"key": "mcwfurnitures:stripped_spruce_cupboard_counter"
		},
		{
			"weight": 1.0,
			"key": "mcwfurnitures:stripped_spruce_desk"
		},
		{
			"weight": 1.0,
			"key": "mcwfurnitures:stripped_spruce_double_drawer"
		},
		{
			"weight": 1.0,
			"key": "mcwfurnitures:stripped_spruce_double_drawer_counter"
		},
		{
			"weight": 1.0,
			"key": "mcwfurnitures:stripped_spruce_double_kitchen_cabinet"
		},
		{
			"weight": 1.0,
			"key": "mcwfurnitures:stripped_spruce_double_wardrobe"
		},
		{
			"weight": 1.0,
			"key": "mcwfurnitures:stripped_spruce_drawer"
		},
		{
			"weight": 1.0,
			"key": "mcwfurnitures:stripped_spruce_drawer_counter"
		},
		{
			"weight": 1.0,
			"key": "mcwfurnitures:stripped_spruce_end_table"
		},
		{
			"weight": 1.0,
			"key": "mcwfurnitures:stripped_spruce_glass_kitchen_cabinet"
		},
		{
			"weight": 1.0,
			"key": "mcwfurnitures:stripped_spruce_glass_table"
		},
		{
			"weight": 1.0,
			"key": "mcwfurnitures:stripped_spruce_kitchen_cabinet"
		},
		{
			"weight": 1.0,
			"key": "mcwfurnitures:stripped_spruce_large_drawer"
		},
		{
			"weight": 1.0,
			"key": "mcwfurnitures:stripped_spruce_lower_bookshelf_drawer"
		},
		{
			"weight": 1.0,
			"key": "mcwfurnitures:stripped_spruce_lower_triple_drawer"
		},
		{
			"weight": 1.0,
			"key": "mcwfurnitures:stripped_spruce_modern_chair"
		},
		{
			"weight": 1.0,
			"key": "mcwfurnitures:stripped_spruce_modern_desk"
		},
		{
			"weight": 1.0,
			"key": "mcwfurnitures:stripped_spruce_modern_wardrobe"
		},
		{
			"weight": 1.0,
			"key": "mcwfurnitures:stripped_spruce_stool_chair"
		},
		{
			"weight": 1.0,
			"key": "mcwfurnitures:stripped_spruce_striped_chair"
		},
		{
			"weight": 1.0,
			"key": "mcwfurnitures:stripped_spruce_table"
		},
		{
			"weight": 1.0,
			"key": "mcwfurnitures:stripped_spruce_triple_drawer"
		},
		{
			"weight": 1.0,
			"key": "mcwfurnitures:stripped_spruce_wardrobe"
		},
		{
			"weight": 1.0,
			"key": "mcwfurnitures:stripped_warped_bookshelf"
		},
		{
			"weight": 1.0,
			"key": "mcwfurnitures:stripped_warped_bookshelf_cupboard"
		},
		{
			"weight": 1.0,
			"key": "mcwfurnitures:stripped_warped_bookshelf_drawer"
		},
		{
			"weight": 1.0,
			"key": "mcwfurnitures:stripped_warped_chair"
		},
		{
			"weight": 1.0,
			"key": "mcwfurnitures:stripped_warped_coffee_table"
		},
		{
			"weight": 1.0,
			"key": "mcwfurnitures:stripped_warped_counter"
		},
		{
			"weight": 1.0,
			"key": "mcwfurnitures:stripped_warped_covered_desk"
		},
		{
			"weight": 1.0,
			"key": "mcwfurnitures:stripped_warped_cupboard_counter"
		},
		{
			"weight": 1.0,
			"key": "mcwfurnitures:stripped_warped_desk"
		},
		{
			"weight": 1.0,
			"key": "mcwfurnitures:stripped_warped_double_drawer"
		},
		{
			"weight": 1.0,
			"key": "mcwfurnitures:stripped_warped_double_drawer_counter"
		},
		{
			"weight": 1.0,
			"key": "mcwfurnitures:stripped_warped_double_kitchen_cabinet"
		},
		{
			"weight": 1.0,
			"key": "mcwfurnitures:stripped_warped_double_wardrobe"
		},
		{
			"weight": 1.0,
			"key": "mcwfurnitures:stripped_warped_drawer"
		},
		{
			"weight": 1.0,
			"key": "mcwfurnitures:stripped_warped_drawer_counter"
		},
		{
			"weight": 1.0,
			"key": "mcwfurnitures:stripped_warped_end_table"
		},
		{
			"weight": 1.0,
			"key": "mcwfurnitures:stripped_warped_glass_kitchen_cabinet"
		},
		{
			"weight": 1.0,
			"key": "mcwfurnitures:stripped_warped_glass_table"
		},
		{
			"weight": 1.0,
			"key": "mcwfurnitures:stripped_warped_kitchen_cabinet"
		},
		{
			"weight": 1.0,
			"key": "mcwfurnitures:stripped_warped_large_drawer"
		},
		{
			"weight": 1.0,
			"key": "mcwfurnitures:stripped_warped_lower_bookshelf_drawer"
		},
		{
			"weight": 1.0,
			"key": "mcwfurnitures:stripped_warped_lower_triple_drawer"
		},
		{
			"weight": 1.0,
			"key": "mcwfurnitures:stripped_warped_modern_chair"
		},
		{
			"weight": 1.0,
			"key": "mcwfurnitures:stripped_warped_modern_desk"
		},
		{
			"weight": 1.0,
			"key": "mcwfurnitures:stripped_warped_modern_wardrobe"
		},
		{
			"weight": 1.0,
			"key": "mcwfurnitures:stripped_warped_stool_chair"
		},
		{
			"weight": 1.0,
			"key": "mcwfurnitures:stripped_warped_striped_chair"
		},
		{
			"weight": 1.0,
			"key": "mcwfurnitures:stripped_warped_table"
		},
		{
			"weight": 1.0,
			"key": "mcwfurnitures:stripped_warped_triple_drawer"
		},
		{
			"weight": 1.0,
			"key": "mcwfurnitures:stripped_warped_wardrobe"
		},
		{
			"weight": 1.0,
			"key": "mcwfurnitures:warped_bookshelf"
		},
		{
			"weight": 1.0,
			"key": "mcwfurnitures:warped_bookshelf_cupboard"
		},
		{
			"weight": 1.0,
			"key": "mcwfurnitures:warped_bookshelf_drawer"
		},
		{
			"weight": 1.0,
			"key": "mcwfurnitures:warped_chair"
		},
		{
			"weight": 1.0,
			"key": "mcwfurnitures:warped_coffee_table"
		},
		{
			"weight": 1.0,
			"key": "mcwfurnitures:warped_counter"
		},
		{
			"weight": 1.0,
			"key": "mcwfurnitures:warped_covered_desk"
		},
		{
			"weight": 1.0,
			"key": "mcwfurnitures:warped_cupboard_counter"
		},
		{
			"weight": 1.0,
			"key": "mcwfurnitures:warped_desk"
		},
		{
			"weight": 1.0,
			"key": "mcwfurnitures:warped_double_drawer"
		},
		{
			"weight": 1.0,
			"key": "mcwfurnitures:warped_double_drawer_counter"
		},
		{
			"weight": 1.0,
			"key": "mcwfurnitures:warped_double_kitchen_cabinet"
		},
		{
			"weight": 1.0,
			"key": "mcwfurnitures:warped_double_wardrobe"
		},
		{
			"weight": 1.0,
			"key": "mcwfurnitures:warped_drawer"
		},
		{
			"weight": 1.0,
			"key": "mcwfurnitures:warped_drawer_counter"
		},
		{
			"weight": 1.0,
			"key": "mcwfurnitures:warped_end_table"
		},
		{
			"weight": 1.0,
			"key": "mcwfurnitures:warped_glass_kitchen_cabinet"
		},
		{
			"weight": 1.0,
			"key": "mcwfurnitures:warped_glass_table"
		},
		{
			"weight": 1.0,
			"key": "mcwfurnitures:warped_kitchen_cabinet"
		},
		{
			"weight": 1.0,
			"key": "mcwfurnitures:warped_large_drawer"
		},
		{
			"weight": 1.0,
			"key": "mcwfurnitures:warped_lower_bookshelf_drawer"
		},
		{
			"weight": 1.0,
			"key": "mcwfurnitures:warped_lower_triple_drawer"
		},
		{
			"weight": 1.0,
			"key": "mcwfurnitures:warped_modern_chair"
		},
		{
			"weight": 1.0,
			"key": "mcwfurnitures:warped_modern_desk"
		},
		{
			"weight": 1.0,
			"key": "mcwfurnitures:warped_modern_wardrobe"
		},
		{
			"weight": 1.0,
			"key": "mcwfurnitures:warped_stool_chair"
		},
		{
			"weight": 1.0,
			"key": "mcwfurnitures:warped_striped_chair"
		},
		{
			"weight": 1.0,
			"key": "mcwfurnitures:warped_table"
		},
		{
			"weight": 1.0,
			"key": "mcwfurnitures:warped_triple_drawer"
		},
		{
			"weight": 1.0,
			"key": "mcwfurnitures:warped_wardrobe"
		}
	]
}
